ms,links,link_bytes,link_alloc_bytes,idx_files,idx_bytes,other_files,gap_ms
1790871977268,2,67108864,69632,0,0,0,0
1790871977318,2,67108864,69632,0,0,0,50
1790871977368,2,67108864,69632,0,0,0,50
1790871977418,2,67108864,69632,0,0,0,50
1790871977468,2,67108864,69632,0,0,0,50
1790871977518,2,67108864,69632,0,0,0,50
1790871977568,2,67108864,69632,0,0,0,50
1790871977618,2,67108864,69632,0,0,0,50
1790871977668,2,67108864,69632,0,0,0,50
1790871977718,2,67108864,69632,0,0,0,50
1790871977768,2,67108864,69632,0,0,0,50
1790871977818,2,67108864,69632,0,0,0,50
1790871977868,2,67108864,69632,0,0,0,50
1790871977918,2,67108864,69632,0,0,0,50
1790871977968,2,67108864,69632,0,0,0,50
1790871978018,2,67108864,69632,0,0,0,50
1790871978068,2,67108864,69632,0,0,0,50
1790871978118,2,67108864,69632,0,0,0,50
1790871978168,2,67108864,69632,0,0,0,50
1790871978218,2,67108864,69632,0,0,0,50
1790871978268,2,67108864,69632,0,0,0,50
1790871978318,2,67108864,69632,0,0,0,50
1790871978368,2,67108864,69632,0,0,0,50
1790871978418,2,67108864,69632,0,0,0,50
1790871978468,2,67108864,69632,0,0,0,50
1790871978518,2,67108864,69632,0,0,0,50
1790871978568,2,67108864,69632,0,0,0,50
1790871978618,2,67108864,69632,0,0,0,50
1790871978668,2,67108864,69632,0,0,0,50
1790871978718,2,67108864,69632,0,0,0,50
1790871978768,2,67108864,69632,0,0,0,50
1790871978818,2,67108864,69632,0,0,0,50
1790871978868,2,67108864,69632,0,0,0,50
1790871978918,2,67108864,69632,0,0,0,50
1790871978968,2,67108864,69632,0,0,0,50
1790871979018,2,67108864,69632,0,0,0,50
1790871979068,2,67108864,69632,0,0,0,50
1790871979118,2,67108864,69632,0,0,0,50
1790871979168,2,67108864,69632,0,0,0,50
1790871979218,2,67108864,69632,0,0,0,50
1790871979268,2,67108864,69632,0,0,0,50
1790871979318,2,67108864,69632,0,0,0,50
1790871979368,2,67108864,69632,0,0,0,50
1790871979418,2,67108864,69632,0,0,0,50
1790871979468,2,67108864,69632,0,0,0,50
1790871979518,2,67108864,69632,0,0,0,50
1790871979568,2,67108864,69632,0,0,0,50
1790871979618,2,67108864,69632,0,0,0,50
1790871979668,2,67108864,69632,0,0,0,50
1790871979718,2,67108864,69632,0,0,0,50
1790871979768,2,67108864,69632,0,0,0,50
1790871979818,2,67108864,69632,0,0,0,50
1790871979868,2,67108864,69632,0,0,0,50
1790871979918,2,67108864,69632,0,0,0,50
1790871979968,2,67108864,69632,0,0,0,50
1790871980018,2,67108864,69632,0,0,0,50
1790871980068,2,67108864,69632,0,0,0,50
1790871980118,2,67108864,69632,0,0,0,50
1790871980168,2,67108864,69632,0,0,0,50
1790871980218,2,67108864,69632,0,0,0,50
1790871980268,2,67108864,69632,0,0,0,50
1790871980318,2,67108864,69632,0,0,0,50
1790871980368,2,67108864,69632,0,0,0,50
1790871980418,2,67108864,69632,0,0,0,50
1790871980468,2,67108864,69632,0,0,0,50
1790871980518,2,67108864,69632,0,0,0,50
1790871980568,2,67108864,69632,0,0,0,50
1790871980618,2,67108864,69632,0,0,0,50
1790871980668,2,67108864,69632,0,0,0,50
1790871980718,2,67108864,69632,0,0,0,50
1790871980768,2,67108864,69632,0,0,0,50
1790871980818,2,67108864,69632,0,0,0,50
1790871980868,2,67108864,69632,0,0,0,50
1790871980918,2,67108864,69632,0,0,0,50
1790871980968,2,67108864,69632,0,0,0,50
1790871981018,2,67108864,69632,0,0,0,50
1790871981068,2,67108864,69632,0,0,0,50
1790871981118,2,67108864,69632,0,0,0,50
1790871981168,2,67108864,69632,0,0,0,50
1790871981218,2,67108864,69632,0,0,0,50
1790871981268,2,67108864,69632,0,0,0,50
1790871981318,2,67108864,69632,0,0,0,50
1790871981368,2,67108864,69632,0,0,0,50
1790871981418,2,67108864,69632,0,0,0,50
1790871981468,2,67108864,69632,0,0,0,50
1790871981518,2,67108864,69632,0,0,0,50
1790871981568,2,67108864,69632,0,0,0,50
1790871981618,2,67108864,69632,0,0,0,50
1790871981668,2,67108864,69632,0,0,0,50
1790871981718,2,67108864,69632,0,0,0,50
1790871981768,2,67108864,69632,0,0,0,50
1790871981818,2,67108864,69632,0,0,0,50
1790871981868,2,67108864,69632,0,0,0,50
1790871981918,2,67108864,69632,0,0,0,50
1790871981968,2,67108864,69632,0,0,0,50
1790871982018,2,67108864,69632,0,0,0,50
1790871982068,2,67108864,69632,0,0,0,50
1790871982118,2,67108864,69632,0,0,0,50
1790871982168,2,67108864,69632,0,0,0,50
1790871982218,2,67108864,69632,0,0,0,50
1790871982268,2,67108864,69632,0,0,0,50
1790871982318,2,67108864,69632,0,0,0,50
1790871982368,2,67108864,69632,0,0,0,50
1790871982418,2,67108864,69632,0,0,0,50
1790871982468,2,67108864,69632,0,0,0,50
1790871982518,2,67108864,69632,0,0,0,50
1790871982568,2,67108864,69632,0,0,0,50
1790871982618,2,67108864,69632,0,0,0,50
1790871982668,2,67108864,69632,0,0,0,50
1790871982718,2,67108864,69632,0,0,0,50
1790871982768,2,67108864,69632,0,0,0,50
1790871982818,2,67108864,69632,0,0,0,50
1790871982868,2,67108864,69632,0,0,0,50
1790871982918,2,67108864,69632,0,0,0,50
1790871982968,2,67108864,69632,0,0,0,50
1790871983018,2,67108864,69632,0,0,0,50
1790871983068,2,67108864,69632,0,0,0,50
1790871983118,2,67108864,69632,0,0,0,50
1790871983168,2,67108864,69632,0,0,0,50
1790871983218,2,67108864,69632,0,0,0,50
1790871983268,2,67108864,69632,0,0,0,50
1790871983318,2,67108864,69632,0,0,0,50
1790871983368,2,67108864,69632,0,0,0,50
1790871983418,2,67108864,69632,0,0,0,50
1790871983468,2,67108864,69632,0,0,0,50
1790871983518,2,67108864,69632,0,0,0,50
1790871983568,2,67108864,69632,0,0,0,50
1790871983618,2,67108864,69632,0,0,0,50
1790871983668,2,67108864,69632,0,0,0,50
1790871983718,2,67108864,69632,0,0,0,50
1790871983768,2,67108864,69632,0,0,0,50
1790871983818,2,67108864,69632,0,0,0,50
1790871983868,2,67108864,69632,0,0,0,50
1790871983918,2,67108864,69632,0,0,0,50
1790871983968,2,67108864,69632,0,0,0,50
1790871984018,2,67108864,69632,0,0,0,50
1790871984068,2,67108864,69632,0,0,0,50
1790871984118,2,67108864,69632,0,0,0,50
1790871984168,2,67108864,69632,0,0,0,50
1790871984218,2,67108864,69632,0,0,0,50
1790871984268,2,67108864,69632,0,0,0,50
1790871984318,2,67108864,69632,0,0,0,50
1790871984368,2,67108864,69632,0,0,0,50
1790871984418,2,67108864,69632,0,0,0,50
1790871984468,2,67108864,69632,0,0,0,50
1790871984518,2,67108864,69632,0,0,0,50
1790871984568,2,67108864,69632,0,0,0,50
1790871984618,2,67108864,69632,0,0,0,50
1790871984668,2,67108864,69632,0,0,0,50
1790871984718,2,67108864,69632,0,0,0,50
1790871984768,2,67108864,69632,0,0,0,50
1790871984818,2,67108864,69632,0,0,0,50
1790871984868,2,67108864,69632,0,0,0,50
1790871984918,2,67108864,69632,0,0,0,50
1790871984968,2,67108864,69632,0,0,0,50
1790871985018,2,67108864,69632,0,0,0,50
1790871985068,2,67108864,69632,0,0,0,50
1790871985118,2,67108864,69632,0,0,0,50
1790871985168,2,67108864,69632,0,0,0,50
1790871985218,2,67108864,69632,0,0,0,50
1790871985268,2,67108864,69632,0,0,0,50
1790871985318,2,67108864,69632,0,0,0,50
1790871985368,2,67108864,69632,0,0,0,50
1790871985418,2,67108864,69632,0,0,0,50
1790871985468,2,67108864,69632,0,0,0,50
1790871985518,2,67108864,69632,0,0,0,50
1790871985568,2,67108864,69632,0,0,0,50
1790871985618,2,67108864,69632,0,0,0,50
1790871985668,2,67108864,69632,0,0,0,50
1790871985718,2,67108864,69632,0,0,0,50
1790871985768,2,67108864,69632,0,0,0,50
1790871985818,2,67108864,69632,0,0,0,50
1790871985868,2,67108864,69632,0,0,0,50
1790871985918,2,67108864,69632,0,0,0,50
1790871985968,2,67108864,69632,0,0,0,50
1790871986018,2,67108864,69632,0,0,0,50
1790871986068,2,67108864,69632,0,0,0,50
1790871986118,2,67108864,69632,0,0,0,50
1790871986168,2,67108864,69632,0,0,0,50
1790871986218,2,67108864,69632,0,0,0,50
1790871986268,2,67108864,69632,0,0,0,50
1790871986318,2,67108864,69632,0,0,0,50
1790871986368,2,67108864,69632,0,0,0,50
1790871986418,2,67108864,69632,0,0,0,50
1790871986468,2,67108864,69632,0,0,0,50
1790871986518,2,67108864,69632,0,0,0,50
1790871986568,2,67108864,69632,0,0,0,50
1790871986618,2,67108864,69632,0,0,0,50
1790871986668,2,67108864,69632,0,0,0,50
1790871986718,2,67108864,69632,0,0,0,50
1790871986768,2,67108864,69632,0,0,0,50
1790871986818,2,67108864,69632,0,0,0,50
1790871986868,2,67108864,69632,0,0,0,50
1790871986918,2,67108864,69632,0,0,0,50
1790871986968,2,67108864,69632,0,0,0,50
1790871987018,2,67108864,69632,0,0,0,50
1790871987068,2,67108864,69632,0,0,0,50
1790871987118,2,67108864,69632,0,0,0,50
1790871987168,2,67108864,69632,0,0,0,50
1790871987218,2,67108864,69632,0,0,0,50
1790871987268,2,67108864,69632,0,0,0,50
1790871987318,2,67108864,69632,0,0,0,50
1790871987368,2,67108864,69632,0,0,0,50
1790871987418,2,67108864,69632,0,0,0,50
1790871987468,2,67108864,69632,0,0,0,50
1790871987518,2,67108864,69632,0,0,0,50
1790871987568,2,67108864,69632,0,0,0,50
1790871987618,2,67108864,69632,0,0,0,50
1790871987668,2,67108864,69632,0,0,0,50
1790871987718,2,67108864,69632,0,0,0,50
1790871987768,2,67108864,69632,0,0,0,50
1790871987818,2,67108864,69632,0,0,0,50
1790871987868,2,67108864,69632,0,0,0,50
1790871987918,2,67108864,69632,0,0,0,50
1790871987968,2,67108864,69632,0,0,0,50
1790871988018,2,67108864,69632,0,0,0,50
1790871988068,2,67108864,69632,0,0,0,50
1790871988118,2,67108864,69632,0,0,0,50
1790871988168,2,67108864,69632,0,0,0,50
1790871988218,2,67108864,69632,0,0,0,50
1790871988268,2,67108864,69632,0,0,0,50
1790871988318,2,67108864,69632,0,0,0,50
1790871988368,2,67108864,69632,0,0,0,50
1790871988418,2,67108864,69632,0,0,0,50
1790871988468,2,67108864,69632,0,0,0,50
1790871988518,2,67108864,69632,0,0,0,50
1790871988568,2,67108864,69632,0,0,0,50
1790871988618,2,67108864,69632,0,0,0,50
1790871988668,2,67108864,69632,0,0,0,50
1790871988718,2,67108864,69632,0,0,0,50
1790871988768,2,67108864,69632,0,0,0,50
1790871988818,2,67108864,69632,0,0,0,50
1790871988868,2,67108864,69632,0,0,0,50
1790871988918,2,67108864,69632,0,0,0,50
1790871988968,2,67108864,69632,0,0,0,50
1790871989018,2,67108864,69632,0,0,0,50
1790871989068,2,67108864,69632,0,0,0,50
1790871989118,2,67108864,69632,0,0,0,50
1790871989168,2,67108864,69632,0,0,0,50
1790871989218,2,67108864,69632,0,0,0,50
1790871989268,2,67108864,69632,0,0,0,50
1790871989318,2,67108864,69632,0,0,0,50
1790871989368,2,67108864,69632,0,0,0,50
1790871989418,2,67108864,69632,0,0,0,50
1790871989468,2,67108864,69632,0,0,0,50
1790871989518,2,67108864,69632,0,0,0,50
1790871989568,2,67108864,69632,0,0,0,50
1790871989618,2,67108864,69632,0,0,0,50
1790871989668,2,67108864,69632,0,0,0,50
1790871989718,2,67108864,69632,0,0,0,50
1790871989768,2,67108864,69632,0,0,0,50
1790871989818,2,67108864,69632,0,0,0,50
1790871989868,2,67108864,69632,0,0,0,50
1790871989918,2,67108864,69632,0,0,0,50
1790871989968,2,67108864,69632,0,0,0,50
1790871990018,2,67108864,69632,0,0,0,50
1790871990068,2,67108864,69632,0,0,0,50
1790871990118,2,67108864,69632,0,0,0,50
1790871990168,2,67108864,69632,0,0,0,50
1790871990218,2,67108864,69632,0,0,0,50
1790871990268,2,67108864,69632,0,0,0,50
1790871990318,2,67108864,69632,0,0,0,50
1790871990368,2,67108864,69632,0,0,0,50
1790871990418,2,67108864,69632,0,0,0,50
1790871990468,2,67108864,69632,0,0,0,50
1790871990518,2,67108864,69632,0,0,0,50
1790871990568,2,67108864,69632,0,0,0,50
1790871990618,2,67108864,69632,0,0,0,50
1790871990668,2,67108864,69632,0,0,0,50
1790871990718,2,67108864,69632,0,0,0,50
1790871990768,2,67108864,69632,0,0,0,50
1790871990818,2,67108864,69632,0,0,0,50
1790871990868,2,67108864,69632,0,0,0,50
1790871990918,2,67108864,69632,0,0,0,50
1790871990968,2,67108864,69632,0,0,0,50
1790871991018,2,67108864,69632,0,0,0,50
1790871991068,2,67108864,69632,0,0,0,50
1790871991118,2,67108864,69632,0,0,0,50
1790871991168,2,67108864,69632,0,0,0,50
1790871991218,2,67108864,69632,0,0,0,50
1790871991268,2,67108864,69632,0,0,0,50
1790871991318,2,67108864,69632,0,0,0,50
1790871991368,2,67108864,69632,0,0,0,50
1790871991418,2,67108864,69632,0,0,0,50
1790871991468,2,67108864,69632,0,0,0,50
1790871991518,2,67108864,69632,0,0,0,50
1790871991568,2,67108864,69632,0,0,0,50
1790871991618,2,67108864,69632,0,0,0,50
1790871991668,2,67108864,69632,0,0,0,50
1790871991718,2,67108864,69632,0,0,0,50
1790871991768,2,67108864,69632,0,0,0,50
1790871991818,2,67108864,69632,0,0,0,50
1790871991868,2,67108864,69632,0,0,0,50
1790871991918,2,67108864,69632,0,0,0,50
1790871991968,2,67108864,69632,0,0,0,50
1790871992018,2,67108864,69632,0,0,0,50
1790871992068,2,67108864,69632,0,0,0,50
1790871992118,2,67108864,69632,0,0,0,50
1790871992168,2,67108864,69632,0,0,0,50
1790871992218,2,67108864,69632,0,0,0,50
1790871992268,2,67108864,69632,0,0,0,50
1790871992318,2,67108864,69632,0,0,0,50
1790871992368,2,67108864,69632,0,0,0,50
1790871992418,2,67108864,69632,0,0,0,50
1790871992468,2,67108864,69632,0,0,0,50
1790871992518,2,67108864,69632,0,0,0,50
1790871992568,2,67108864,69632,0,0,0,50
1790871992618,2,67108864,69632,0,0,0,50
1790871992668,2,67108864,69632,0,0,0,50
1790871992718,2,67108864,69632,0,0,0,50
1790871992768,2,67108864,69632,0,0,0,50
1790871992818,2,67108864,69632,0,0,0,50
1790871992868,2,67108864,69632,0,0,0,50
1790871992918,2,67108864,69632,0,0,0,50
1790871992968,2,67108864,69632,0,0,0,50
1790871993018,2,67108864,69632,0,0,0,50
1790871993068,2,67108864,69632,0,0,0,50
1790871993118,2,67108864,69632,0,0,0,50
1790871993168,2,67108864,69632,0,0,0,50
1790871993218,2,67108864,69632,0,0,0,50
1790871993268,2,67108864,69632,0,0,0,50
1790871993318,2,67108864,69632,0,0,0,50
1790871993368,2,67108864,69632,0,0,0,50
1790871993418,2,67108864,69632,0,0,0,50
1790871993468,2,67108864,69632,0,0,0,50
1790871993518,2,67108864,69632,0,0,0,50
1790871993568,2,67108864,69632,0,0,0,50
1790871993618,2,67108864,69632,0,0,0,50
1790871993668,2,67108864,69632,0,0,0,50
1790871993718,2,67108864,69632,0,0,0,50
1790871993768,2,67108864,69632,0,0,0,50
1790871993818,2,67108864,69632,0,0,0,50
1790871993868,2,67108864,69632,0,0,0,50
1790871993918,2,67108864,69632,0,0,0,50
1790871993968,2,67108864,69632,0,0,0,50
1790871994018,2,67108864,69632,0,0,0,50
1790871994068,2,67108864,69632,0,0,0,50
1790871994118,2,67108864,69632,0,0,0,50
1790871994168,2,67108864,69632,0,0,0,50
1790871994218,2,67108864,69632,0,0,0,50
1790871994268,2,67108864,69632,0,0,0,50
1790871994318,2,67108864,69632,0,0,0,50
1790871994368,2,67108864,69632,0,0,0,50
1790871994418,2,67108864,69632,0,0,0,50
1790871994468,2,67108864,69632,0,0,0,50
1790871994518,2,67108864,69632,0,0,0,50
1790871994568,2,67108864,69632,0,0,0,50
1790871994618,2,67108864,69632,0,0,0,50
1790871994668,2,67108864,69632,0,0,0,50
1790871994718,2,67108864,69632,0,0,0,50
1790871994768,2,67108864,69632,0,0,0,50
1790871994818,2,67108864,69632,0,0,0,50
1790871994868,2,67108864,69632,0,0,0,50
1790871994918,2,67108864,69632,0,0,0,50
1790871994968,2,67108864,69632,0,0,0,50
1790871995018,2,67108864,69632,0,0,0,50
1790871995068,2,67108864,69632,0,0,0,50
1790871995118,2,67108864,69632,0,0,0,50
1790871995168,2,67108864,69632,0,0,0,50
1790871995218,2,67108864,69632,0,0,0,50
1790871995268,2,67108864,69632,0,0,0,50
1790871995318,2,67108864,69632,0,0,0,50
1790871995368,2,67108864,69632,0,0,0,50
1790871995418,2,67108864,69632,0,0,0,50
1790871995468,2,67108864,69632,0,0,0,50
1790871995518,2,67108864,69632,0,0,0,50
1790871995568,2,67108864,69632,0,0,0,50
1790871995618,2,67108864,69632,0,0,0,50
1790871995668,2,67108864,73728,0,0,0,50
1790871995718,2,67108864,73728,0,0,0,50
1790871995768,2,67108864,73728,0,0,0,50
1790871995819,2,67108864,73728,0,0,0,51
1790871995868,2,67108864,73728,0,0,0,49
1790871995918,2,67108864,73728,0,0,0,50
1790871995968,2,67108864,73728,0,0,0,50
1790871996018,2,67108864,73728,0,0,0,50
1790871996068,2,67108864,73728,0,0,0,50
1790871996118,2,67108864,73728,0,0,0,50
1790871996168,2,67108864,73728,0,0,0,50
1790871996218,2,67108864,73728,0,0,0,50
1790871996268,2,67108864,73728,0,0,0,50
1790871996318,2,67108864,73728,0,0,0,50
1790871996368,2,67108864,73728,0,0,0,50
1790871996418,2,67108864,73728,0,0,0,50
1790871996468,2,67108864,73728,0,0,0,50
1790871996518,2,67108864,73728,0,0,0,50
1790871996568,2,67108864,73728,0,0,0,50
1790871996618,2,67108864,73728,0,0,0,50
1790871996668,2,67108864,73728,0,0,0,50
1790871996718,2,67108864,73728,0,0,0,50
1790871996768,2,67108864,73728,0,0,0,50
1790871996818,2,67108864,73728,0,0,0,50
1790871996868,2,67108864,73728,0,0,0,50
1790871996918,2,67108864,73728,0,0,0,50
1790871996968,2,67108864,73728,0,0,0,50
1790871997018,2,67108864,73728,0,0,0,50
1790871997068,2,67108864,73728,0,0,0,50
1790871997118,2,67108864,73728,0,0,0,50
1790871997168,2,67108864,73728,0,0,0,50
1790871997218,2,67108864,73728,0,0,0,50
1790871997268,2,67108864,73728,0,0,0,50
1790871997318,2,67108864,73728,0,0,0,50
1790871997368,2,67108864,73728,0,0,0,50
1790871997418,2,67108864,73728,0,0,0,50
1790871997468,2,67108864,73728,0,0,0,50
1790871997518,2,67108864,73728,0,0,0,50
1790871997568,2,67108864,73728,0,0,0,50
1790871997618,2,67108864,73728,0,0,0,50
1790871997668,2,67108864,73728,0,0,0,50
1790871997718,2,67108864,73728,0,0,0,50
1790871997768,2,67108864,73728,0,0,0,50
1790871997818,2,67108864,73728,0,0,0,50
1790871997868,2,67108864,73728,0,0,0,50
1790871997918,2,67108864,73728,0,0,0,50
1790871997968,2,67108864,73728,0,0,0,50
1790871998018,2,67108864,73728,0,0,0,50
1790871998068,2,67108864,73728,0,0,0,50
1790871998118,2,67108864,73728,0,0,0,50
1790871998168,2,67108864,73728,0,0,0,50
1790871998218,2,67108864,73728,0,0,0,50
1790871998268,2,67108864,73728,0,0,0,50
1790871998318,2,67108864,73728,0,0,0,50
1790871998368,2,67108864,73728,0,0,0,50
1790871998418,2,67108864,73728,0,0,0,50
1790871998468,2,67108864,73728,0,0,0,50
1790871998518,2,67108864,73728,0,0,0,50
1790871998568,2,67108864,73728,0,0,0,50
1790871998618,2,67108864,73728,0,0,0,50
1790871998668,2,67108864,73728,0,0,0,50
1790871998718,2,67108864,73728,0,0,0,50
1790871998768,2,67108864,73728,0,0,0,50
1790871998818,2,67108864,73728,0,0,0,50
1790871998868,2,67108864,73728,0,0,0,50
1790871998918,2,67108864,73728,0,0,0,50
1790871998968,2,67108864,73728,0,0,0,50
1790871999018,2,67108864,73728,0,0,0,50
1790871999068,2,67108864,73728,0,0,0,50
1790871999118,2,67108864,73728,0,0,0,50
1790871999168,2,67108864,73728,0,0,0,50
1790871999218,2,67108864,73728,0,0,0,50
1790871999268,2,67108864,73728,0,0,0,50
1790871999318,2,67108864,73728,0,0,0,50
1790871999368,2,67108864,73728,0,0,0,50
1790871999418,2,67108864,73728,0,0,0,50
1790871999468,2,67108864,73728,0,0,0,50
1790871999518,2,67108864,73728,0,0,0,50
1790871999568,2,67108864,73728,0,0,0,50
1790871999618,2,67108864,73728,0,0,0,50
1790871999668,2,67108864,73728,0,0,0,50
1790871999718,2,67108864,73728,0,0,0,50
1790871999768,2,67108864,73728,0,0,0,50
1790871999818,2,67108864,73728,0,0,0,50
1790871999868,2,67108864,73728,0,0,0,50
1790871999918,2,67108864,73728,0,0,0,50
1790871999968,2,67108864,73728,0,0,0,50
1790872000018,2,67108864,73728,0,0,0,50
1790872000068,2,67108864,73728,0,0,0,50
1790872000118,2,67108864,73728,0,0,0,50
1790872000168,2,67108864,73728,0,0,0,50
1790872000218,2,67108864,73728,0,0,0,50
1790872000268,2,67108864,73728,0,0,0,50
1790872000318,2,67108864,73728,0,0,0,50
1790872000368,2,67108864,73728,0,0,0,50
1790872000418,2,67108864,73728,0,0,0,50
1790872000468,2,67108864,73728,0,0,0,50
1790872000518,2,67108864,73728,0,0,0,50
1790872000568,2,67108864,73728,0,0,0,50
1790872000618,2,67108864,73728,0,0,0,50
1790872000668,2,67108864,73728,0,0,0,50
1790872000718,2,67108864,73728,0,0,0,50
1790872000768,2,67108864,73728,0,0,0,50
1790872000818,2,67108864,73728,0,0,0,50
1790872000868,2,67108864,73728,0,0,0,50
1790872000918,2,67108864,73728,0,0,0,50
1790872000968,2,67108864,73728,0,0,0,50
1790872001018,2,67108864,73728,0,0,0,50
1790872001068,2,67108864,73728,0,0,0,50
1790872001118,2,67108864,73728,0,0,0,50
1790872001168,2,67108864,73728,0,0,0,50
1790872001218,2,67108864,73728,0,0,0,50
1790872001268,2,67108864,73728,0,0,0,50
1790872001318,2,67108864,73728,0,0,0,50
1790872001368,2,67108864,73728,0,0,0,50
1790872001418,2,67108864,73728,0,0,0,50
1790872001468,2,67108864,73728,0,0,0,50
1790872001518,2,67108864,73728,0,0,0,50
1790872001568,2,67108864,73728,0,0,0,50
1790872001618,2,67108864,73728,0,0,0,50
1790872001668,2,67108864,73728,0,0,0,50
1790872001718,2,67108864,73728,0,0,0,50
1790872001768,2,67108864,73728,0,0,0,50
1790872001818,2,67108864,73728,0,0,0,50
1790872001868,2,67108864,73728,0,0,0,50
1790872001918,2,67108864,73728,0,0,0,50
1790872001968,2,67108864,73728,0,0,0,50
1790872002018,2,67108864,73728,0,0,0,50
1790872002068,2,67108864,73728,0,0,0,50
1790872002118,2,67108864,73728,0,0,0,50
1790872002168,2,67108864,73728,0,0,0,50
1790872002218,2,67108864,73728,0,0,0,50
1790872002268,2,67108864,73728,0,0,0,50
1790872002318,2,67108864,73728,0,0,0,50
1790872002368,2,67108864,73728,0,0,0,50
1790872002418,2,67108864,73728,0,0,0,50
1790872002468,2,67108864,73728,0,0,0,50
1790872002518,2,67108864,73728,0,0,0,50
1790872002568,2,67108864,73728,0,0,0,50
1790872002618,2,67108864,73728,0,0,0,50
1790872002668,2,67108864,73728,0,0,0,50
1790872002718,2,67108864,73728,0,0,0,50
1790872002768,2,67108864,73728,0,0,0,50
1790872002818,2,67108864,73728,0,0,0,50
1790872002868,2,67108864,73728,0,0,0,50
1790872002918,2,67108864,73728,0,0,0,50
1790872002968,2,67108864,73728,0,0,0,50
1790872003018,2,67108864,73728,0,0,0,50
1790872003068,2,67108864,73728,0,0,0,50
1790872003118,2,67108864,73728,0,0,0,50
1790872003168,2,67108864,73728,0,0,0,50
1790872003218,2,67108864,73728,0,0,0,50
1790872003268,2,67108864,73728,0,0,0,50
1790872003318,2,67108864,73728,0,0,0,50
1790872003368,2,67108864,6373376,0,0,0,50
1790872003418,2,67108864,19836928,0,0,0,50
1790872003468,3,100663296,46952448,0,0,0,50
1790872003518,4,134217728,71852032,0,0,0,50
1790872003568,4,134217728,92909568,0,0,0,50
1790872003618,5,167772160,120373248,1,18,0,50
1790872003668,6,201326592,142516224,1,18,0,50
1790872003718,7,234881024,165916672,1,18,0,50
1790872003768,7,234881024,185835520,1,18,0,50
1790872003818,8,268435456,208564224,3,54,0,50
1790872003868,9,301989888,232300544,3,54,0,50
1790872003918,9,301989888,255950848,6,108,0,50
1790872003968,10,335544320,276135936,6,108,0,50
1790872004018,11,369098752,300797952,6,108,0,50
1790872004068,11,369098752,320086016,6,108,0,50
1790872004118,12,402653184,345124864,6,108,0,50
1790872004168,13,436207616,367300608,8,144,0,50
1790872004218,13,436207616,386621440,8,144,0,50
1790872004268,14,469762048,408489984,8,144,0,50
1790872004318,15,503316480,429854720,8,144,0,50
1790872004368,15,503316480,448761856,8,144,0,50
1790872004418,16,536870912,474836992,9,162,0,50
1790872004468,17,570425344,498176000,10,180,0,50
1790872004518,18,603979776,520200192,10,180,0,50
1790872004568,18,603979776,540704768,10,180,0,50
1790872004618,19,637534208,566018048,10,180,0,50
1790872004668,20,671088640,593686528,10,180,0,50
1790872004718,21,704643072,616161280,10,180,0,50
1790872004768,21,704643072,641409024,13,234,0,50
1790872004818,22,738197504,668332032,14,252,0,50
1790872004868,23,771751936,694120448,14,252,0,50
1790872004918,24,805306368,721551360,14,252,0,50
1790872004968,24,805306368,744411136,14,252,0,50
1790872005018,25,838860800,772431872,14,252,0,50
1790872005068,26,872415232,799698944,16,288,0,50
1790872005118,27,905969664,826855424,19,342,0,50
1790872005168,28,939524096,855138304,19,342,0,50
1790872005218,29,973078528,881385472,19,342,0,50
1790872005268,29,973078528,905408512,19,342,0,50
1790872005318,30,1006632960,933691392,19,342,0,50
1790872005368,31,1040187392,958795776,19,342,0,50
1790872005418,32,1073741824,985792512,19,342,0,50
1790872005468,33,1107296256,1014226944,19,342,0,50
1790872005518,34,1140850688,1045286912,19,342,0,50
1790872005568,35,1174405120,1071919104,19,342,0,50
1790872005618,35,1174405120,1102290944,19,342,0,50
1790872005668,36,1207959552,1130143744,19,342,0,50
1790872005718,37,1241513984,1158062080,24,432,0,50
1790872005768,38,1275068416,1186041856,24,432,0,50
1790872005818,39,1308622848,1213759488,24,432,0,50
1790872005868,40,1342177280,1238421504,24,432,0,50
1790872005918,41,1375731712,1268051968,24,432,0,50
1790872005968,41,1375731712,1297768448,24,432,0,50
1790872006018,42,1409286144,1329209344,24,432,0,50
1790872006068,43,1442840576,1357135872,24,432,0,50
1790872006118,44,1476395008,1390669824,24,432,0,50
1790872006168,45,1509949440,1419923456,24,432,0,50
1790872006218,46,1543503872,1448140800,24,432,0,50
1790872006268,47,1577058304,1473531904,24,432,0,50
1790872006318,48,1610612736,1502576640,24,432,0,50
1790872006368,49,1644167168,1530421248,24,432,0,50
1790872006418,50,1677721600,1561423872,24,432,0,50
1790872006468,51,1711276032,1592504320,24,432,0,50
1790872006518,51,1711276032,1623166976,24,432,0,50
1790872006568,52,1744830464,1653968896,24,432,0,50
1790872006618,53,1778384896,1687224320,24,432,0,50
1790872006668,54,1811939328,1714102272,24,432,0,50
1790872006718,55,1845493760,1743151104,24,432,0,50
1790872006768,56,1879048192,1768673280,24,432,0,50
1790872006818,57,1912602624,1794899968,24,432,0,50
1790872006868,58,1946157056,1826336768,24,432,0,50
1790872006918,59,1979711488,1853194240,24,432,0,50
1790872006968,59,1979711488,1884553216,24,432,0,50
1790872007018,60,2013265920,1912844288,24,432,0,50
1790872007068,61,2046820352,1942028288,24,432,0,50
1790872007118,62,2080374784,1972809728,24,432,0,50
1790872007168,63,2113929216,1999405056,24,432,0,50
1790872007218,64,2147483648,2027225088,24,432,0,50
1790872007268,65,2181038080,2056077312,24,432,0,50
1790872007318,66,2214592512,2083123200,24,432,0,50
1790872007368,67,2248146944,2110668800,24,432,0,50
1790872007418,67,2248146944,2142134272,24,432,0,50
1790872007468,68,2281701376,2170994688,24,432,0,50
1790872007518,69,2315255808,2201825280,24,432,0,50
1790872007568,70,2348810240,2227720192,24,432,0,50
1790872007618,71,2382364672,2258710528,24,432,0,50
1790872007668,72,2415919104,2289156096,34,612,0,50
1790872007718,73,2449473536,2318966784,35,630,0,50
1790872007768,73,2449473536,2341244928,35,630,0,50
1790872007818,74,2483027968,2367184896,35,630,0,50
1790872007868,75,2516582400,2392895488,35,630,0,50
1790872007918,76,2550136832,2422255616,35,630,0,50
1790872007968,77,2583691264,2449813504,35,630,0,50
1790872008018,78,2617245696,2481967104,35,630,0,50
1790872008068,79,2650800128,2513920000,35,630,0,50
1790872008118,80,2684354560,2540650496,35,630,0,50
1790872008168,81,2717908992,2567757824,35,630,0,50
1790872008218,81,2717908992,2596753408,35,630,0,50
1790872008268,82,2751463424,2623217664,35,630,0,50
1790872008318,83,2785017856,2652135424,35,630,0,50
1790872008368,84,2818572288,2677800960,35,630,0,50
1790872008418,85,2852126720,2705457152,35,630,0,50
1790872008468,86,2885681152,2731855872,35,630,0,50
1790872008518,87,2919235584,2763489280,35,630,0,50
1790872008568,87,2919235584,2791444480,35,630,0,50
1790872008618,88,2952790016,2821922816,35,630,0,50
1790872008668,89,2986344448,2852020224,35,630,0,50
1790872008718,90,3019898880,2882666496,35,630,0,50
1790872008768,91,3053453312,2909532160,35,630,0,50
1790872008818,92,3087007744,2936967168,35,630,0,50
1790872008868,93,3120562176,2964901888,35,630,0,50
1790872008918,93,3120562176,2988556288,35,630,0,50
1790872008968,94,3154116608,3017519104,35,630,0,50
1790872009018,95,3187671040,3046809600,35,630,0,50
1790872009068,96,3221225472,3075928064,35,630,0,50
1790872009118,97,3254779904,3103006720,35,630,0,50
1790872009168,98,3288334336,3135483904,35,630,0,50
1790872009218,99,3321888768,3162996736,35,630,0,50
1790872009268,99,3321888768,3186528256,35,630,0,50
1790872009318,100,3355443200,3214442496,35,630,0,50
1790872009368,101,3388997632,3241992192,35,630,0,50
1790872009418,102,3422552064,3270696960,35,630,0,50
1790872009468,103,3456106496,3301113856,35,630,0,50
1790872009518,104,3489660928,3328958464,35,630,0,50
1790872009568,105,3523215360,3359690752,35,630,0,50
1790872009618,106,3556769792,3388026880,35,630,0,50
1790872009668,107,3590324224,3418898432,35,630,0,50
1790872009718,107,3590324224,3444711424,35,630,0,50
1790872009768,108,3623878656,3471597568,35,630,0,50
1790872009818,109,3657433088,3499008000,35,630,0,50
1790872009868,110,3690987520,3525656576,35,630,0,50
1790872009918,111,3724541952,3555631104,35,630,0,50
1790872009968,112,3758096384,3586469888,35,630,0,50
1790872010018,113,3791650816,3617370112,35,630,0,50
1790872010068,114,3825205248,3646582784,35,630,0,50
1790872010118,115,3858759680,3679010816,35,630,0,50
1790872010168,115,3858759680,3705507840,35,630,0,50
1790872010218,116,3892314112,3732852736,35,630,0,50
1790872010268,117,3925868544,3760504832,35,630,0,50
1790872010318,118,3959422976,3785363456,35,630,0,50
1790872010368,119,3992977408,3813871616,35,630,0,50
1790872010418,120,4026531840,3845156864,35,630,0,50
1790872010468,121,4060086272,3875807232,35,630,0,50
1790872010518,122,4093640704,3906945024,35,630,0,50
1790872010568,122,4093640704,3936911360,35,630,0,50
1790872010618,124,4160749568,3966070784,35,630,0,50
1790872010668,124,4160749568,3997757440,35,630,0,50
1790872010718,125,4194304000,4025167872,35,630,0,50
1790872010768,126,4227858432,4051603456,35,630,0,50
1790872010818,127,4261412864,4076068864,35,630,0,50
1790872010868,127,4261412864,4105015296,35,630,0,50
1790872010918,127,4261412864,4131655680,35,630,0,50
1790872010968,127,4261412864,4133511168,35,630,0,50
1790872011018,127,4261412864,4133511168,35,630,0,50
1790872011068,127,4261412864,4133511168,35,630,0,50
1790872011118,127,4261412864,4133511168,35,630,0,50
1790872011168,127,4261412864,4133511168,35,630,0,50
1790872011218,127,4261412864,4133511168,35,630,0,50
1790872011268,127,4261412864,4133511168,35,630,0,50
1790872011318,127,4261412864,4133511168,35,630,0,50
1790872011368,127,4261412864,4133511168,35,630,0,50
1790872011418,127,4261412864,4133511168,35,630,0,50
1790872011468,127,4261412864,4133511168,35,630,0,50
1790872011518,127,4261412864,4133511168,35,630,0,50
1790872011568,127,4261412864,4133511168,35,630,0,50
1790872011618,127,4261412864,4133511168,35,630,0,50
1790872011668,127,4261412864,4133511168,35,630,0,50
1790872011718,127,4261412864,4133511168,35,630,0,50
1790872011768,127,4261412864,4133511168,35,630,0,50
1790872011818,127,4261412864,4133511168,35,630,0,50
1790872011868,127,4261412864,4133511168,35,630,0,50
1790872011918,127,4261412864,4133511168,35,630,0,50
1790872011968,127,4261412864,4133511168,35,630,0,50
1790872012018,127,4261412864,4133511168,35,630,0,50
1790872012068,127,4261412864,4133511168,35,630,0,50
1790872012118,127,4261412864,4133511168,35,630,0,50
1790872012168,127,4261412864,4133511168,35,630,0,50
1790872012218,127,4261412864,4133511168,35,630,0,50
1790872012268,127,4261412864,4133511168,35,630,0,50
1790872012318,127,4261412864,4133511168,35,630,0,50
1790872012368,127,4261412864,4133511168,35,630,0,50
1790872012418,127,4261412864,4133511168,35,630,0,50
1790872012468,127,4261412864,4133511168,35,630,0,50
1790872012518,127,4261412864,4133511168,35,630,0,50
1790872012568,127,4261412864,4133511168,35,630,0,50
1790872012618,127,4261412864,4133511168,35,630,0,50
1790872012668,127,4261412864,4133511168,35,630,0,50
1790872012718,127,4261412864,4133511168,35,630,0,50
1790872012768,127,4261412864,4133511168,35,630,0,50
1790872012818,127,4261412864,4133511168,35,630,0,50
1790872012868,127,4261412864,4133511168,35,630,0,50
1790872012918,127,4261412864,4133511168,35,630,0,50
1790872012968,127,4261412864,4133511168,35,630,0,50
1790872013018,127,4261412864,4133511168,35,630,0,50
1790872013068,127,4261412864,4133511168,35,630,0,50
1790872013118,127,4261412864,4133511168,35,630,0,50
1790872013168,127,4261412864,4133511168,35,630,0,50
1790872013218,127,4261412864,4133511168,35,630,0,50
1790872013268,127,4261412864,4133511168,35,630,0,50
1790872013318,127,4261412864,4133511168,35,630,0,50
1790872013368,127,4261412864,4133511168,35,630,0,50
1790872013418,127,4261412864,4133511168,35,630,0,50
1790872013468,127,4261412864,4133511168,35,630,0,50
1790872013518,127,4261412864,4133511168,35,630,0,50
1790872013568,127,4261412864,4133511168,35,630,0,50
1790872013618,127,4261412864,4133511168,35,630,0,50
1790872013668,127,4261412864,4133511168,35,630,0,50
1790872013718,127,4261412864,4133511168,35,630,0,50
1790872013768,127,4261412864,4133511168,35,630,0,50
1790872013818,127,4261412864,4133511168,35,630,0,50
1790872013868,127,4261412864,4133511168,35,630,0,50
1790872013918,127,4261412864,4133511168,37,666,0,50
1790872013968,127,4261412864,4133511168,38,684,0,50
1790872014018,127,4261412864,4133511168,38,684,0,50
1790872014068,127,4261412864,4133511168,38,684,0,50
1790872014118,127,4261412864,4133511168,38,684,0,50
1790872014168,127,4261412864,4133511168,38,684,0,50
1790872014218,127,4261412864,4133511168,38,684,0,50
1790872014268,127,4261412864,4133511168,41,738,0,50
1790872014318,127,4261412864,4133511168,41,738,0,50
1790872014368,127,4261412864,4133511168,41,738,0,50
1790872014418,127,4261412864,4133511168,41,738,0,50
1790872014468,127,4261412864,4133511168,43,774,0,50
1790872014518,127,4261412864,4133511168,43,774,0,50
1790872014568,127,4261412864,4133511168,43,774,0,50
1790872014618,127,4261412864,4133511168,43,774,0,50
1790872014668,127,4261412864,4133511168,43,774,0,50
1790872014718,127,4261412864,4133511168,43,774,0,50
1790872014768,127,4261412864,4133511168,46,828,0,50
1790872014818,127,4261412864,4133511168,46,828,0,50
1790872014868,127,4261412864,4133511168,46,828,0,50
1790872014918,127,4261412864,4133511168,46,828,0,50
1790872014968,127,4261412864,4133511168,46,828,0,50
1790872015018,127,4261412864,4133511168,46,828,0,50
1790872015068,127,4261412864,4133511168,46,828,0,50
1790872015118,127,4261412864,4133511168,47,846,0,50
1790872015168,127,4261412864,4133511168,48,864,0,50
1790872015218,127,4261412864,4133511168,48,864,0,50
1790872015268,127,4261412864,4133511168,48,864,0,50
1790872015318,127,4261412864,4133511168,48,864,0,50
1790872015368,127,4261412864,4133511168,48,864,0,50
1790872015418,127,4261412864,4133511168,49,882,0,50
1790872015468,127,4261412864,4133511168,50,900,0,50
1790872015518,127,4261412864,4133511168,50,900,0,50
1790872015568,127,4261412864,4133511168,50,900,0,50
1790872015618,127,4261412864,4133511168,50,900,0,50
1790872015668,127,4261412864,4133511168,50,900,0,50
1790872015718,127,4261412864,4133511168,50,900,0,50
1790872015768,127,4261412864,4133511168,53,954,0,50
1790872015818,127,4261412864,4133511168,54,972,0,50
1790872015868,127,4261412864,4133511168,54,972,0,50
1790872015918,127,4261412864,4133511168,54,972,0,50
1790872015968,127,4261412864,4133511168,54,972,0,50
1790872016018,127,4261412864,4133511168,54,972,0,50
1790872016068,127,4261412864,4133511168,54,972,0,50
1790872016118,127,4261412864,4133511168,55,990,0,50
1790872016168,127,4261412864,4133511168,55,990,0,50
1790872016218,127,4261412864,4133511168,55,990,0,50
1790872016268,127,4261412864,4133511168,55,990,0,50
1790872016318,127,4261412864,4133511168,55,990,0,50
1790872016368,127,4261412864,4133511168,55,990,0,50
1790872016418,127,4261412864,4133511168,56,1008,0,50
1790872016468,127,4261412864,4133511168,56,1008,0,50
1790872016518,127,4261412864,4133511168,56,1008,0,50
1790872016568,127,4261412864,4133511168,56,1008,0,50
1790872016618,127,4261412864,4133511168,56,1008,0,50
1790872016668,127,4261412864,4133511168,56,1008,0,50
1790872016718,127,4261412864,4133511168,56,1008,0,50
1790872016768,127,4261412864,4133511168,56,1008,0,50
1790872016818,127,4261412864,4133511168,56,1008,0,50
1790872016868,127,4261412864,4133511168,57,1026,0,50
1790872016918,127,4261412864,4133511168,58,1044,0,50
1790872016968,127,4261412864,4133511168,58,1044,0,50
1790872017018,127,4261412864,4133511168,58,1044,0,50
1790872017068,127,4261412864,4133511168,58,1044,0,50
1790872017118,127,4261412864,4133511168,58,1044,0,50
1790872017168,127,4261412864,4133511168,58,1044,0,50
1790872017218,127,4261412864,4133511168,60,1080,0,50
1790872017268,127,4261412864,4133511168,60,1080,0,50
1790872017318,127,4261412864,4133511168,60,1080,0,50
1790872017368,127,4261412864,4133511168,60,1080,0,50
1790872017418,127,4261412864,4133511168,60,1080,0,50
1790872017468,127,4261412864,4133511168,60,1080,0,50
1790872017518,127,4261412864,4133511168,61,1098,0,50
1790872017568,127,4261412864,4133511168,62,1116,0,50
1790872017618,127,4261412864,4133511168,62,1116,0,50
1790872017668,127,4261412864,4133511168,62,1116,0,50
1790872017718,127,4261412864,4133511168,62,1116,0,50
1790872017768,127,4261412864,4133511168,62,1116,0,50
1790872017818,127,4261412864,4133511168,63,1134,0,50
1790872017868,127,4261412864,4133511168,64,1152,0,50
1790872017918,127,4261412864,4133511168,64,1152,0,50
1790872017968,127,4261412864,4133511168,64,1152,0,50
1790872018018,127,4261412864,4133511168,64,1152,0,50
1790872018068,127,4261412864,4133511168,64,1152,0,50
1790872018118,127,4261412864,4133511168,64,1152,0,50
1790872018168,127,4261412864,4133511168,66,1188,0,50
1790872018218,127,4261412864,4133511168,66,1188,0,50
1790872018268,127,4261412864,4133511168,66,1188,0,50
1790872018318,127,4261412864,4133511168,66,1188,0,50
1790872018368,127,4261412864,4133511168,66,1188,0,50
1790872018418,127,4261412864,4133511168,66,1188,0,50
1790872018468,127,4261412864,4133511168,67,1206,0,50
1790872018518,127,4261412864,4133511168,67,1206,0,50
1790872018568,127,4261412864,4133511168,67,1206,0,50
1790872018618,127,4261412864,4133511168,67,1206,0,50
1790872018668,127,4261412864,4133511168,67,1206,0,50
1790872018718,127,4261412864,4133511168,67,1206,0,50
1790872018768,127,4261412864,4133511168,68,1224,0,50
1790872018818,127,4261412864,4133511168,69,1242,0,50
1790872018868,127,4261412864,4133511168,69,1242,0,50
1790872018918,127,4261412864,4133511168,69,1242,0,50
1790872018968,127,4261412864,4133511168,69,1242,0,50
1790872019018,127,4261412864,4133511168,69,1242,0,50
1790872019068,127,4261412864,4133511168,69,1242,0,50
1790872019118,127,4261412864,4133511168,70,1260,0,50
1790872019168,127,4261412864,4133511168,70,1260,0,50
1790872019218,127,4261412864,4133511168,70,1260,0,50
1790872019268,127,4261412864,4133511168,70,1260,0,50
1790872019318,127,4261412864,4133511168,70,1260,0,50
1790872019368,127,4261412864,4133511168,70,1260,0,50
1790872019418,127,4261412864,4133511168,70,1260,0,50
1790872019468,127,4261412864,4133511168,70,1260,0,50
1790872019518,127,4261412864,4133511168,70,1260,0,50
1790872019568,127,4261412864,4133511168,70,1260,0,50
1790872019618,127,4261412864,4133511168,70,1260,0,50
1790872019668,127,4261412864,4133511168,70,1260,0,50
1790872019718,127,4261412864,4133511168,70,1260,0,50
1790872019768,127,4261412864,4133511168,70,1260,0,50
1790872019818,127,4261412864,4133511168,70,1260,0,50
1790872019868,127,4261412864,4133511168,70,1260,0,50
1790872019918,127,4261412864,4133511168,70,1260,0,50
1790872019968,127,4261412864,4133511168,70,1260,0,50
1790872020018,127,4261412864,4133511168,70,1260,0,50
1790872020068,127,4261412864,4133511168,70,1260,0,50
1790872020118,127,4261412864,4133511168,70,1260,0,50
1790872020168,127,4261412864,4133511168,70,1260,0,50
1790872020218,127,4261412864,4133511168,70,1260,0,50
1790872020268,127,4261412864,4133511168,70,1260,0,50
1790872020318,127,4261412864,4133511168,70,1260,0,50
1790872020368,127,4261412864,4133511168,70,1260,0,50
1790872020418,127,4261412864,4133511168,70,1260,0,50
1790872020468,127,4261412864,4133511168,70,1260,0,50
1790872020518,127,4261412864,4133511168,70,1260,0,50
1790872020568,127,4261412864,4133511168,70,1260,0,50
1790872020618,127,4261412864,4133511168,70,1260,0,50
1790872020668,127,4261412864,4133511168,70,1260,0,50
1790872020718,127,4261412864,4133511168,70,1260,0,50
1790872020768,127,4261412864,4133511168,70,1260,0,50
1790872020818,127,4261412864,4133511168,70,1260,0,50
1790872020868,127,4261412864,4133511168,70,1260,0,50
1790872020918,127,4261412864,4133511168,70,1260,0,50
1790872020968,127,4261412864,4133511168,70,1260,0,50
1790872021018,127,4261412864,4133511168,70,1260,0,50
1790872021068,127,4261412864,4133511168,70,1260,0,50
1790872021118,127,4261412864,4133511168,70,1260,0,50
1790872021168,127,4261412864,4133511168,70,1260,0,50
1790872021218,127,4261412864,4133511168,70,1260,0,50
1790872021268,127,4261412864,4133511168,70,1260,0,50
1790872021318,127,4261412864,4133511168,70,1260,0,50
1790872021368,127,4261412864,4133511168,70,1260,0,50
1790872021418,127,4261412864,4133511168,70,1260,0,50
1790872021468,127,4261412864,4133511168,70,1260,0,50
1790872021518,127,4261412864,4133511168,70,1260,0,50
1790872021568,127,4261412864,4133511168,70,1260,0,50
1790872021618,127,4261412864,4133511168,70,1260,0,50
1790872021668,127,4261412864,4133511168,70,1260,0,50
1790872021718,127,4261412864,4133511168,70,1260,0,50
1790872021768,127,4261412864,4133511168,70,1260,0,50
1790872021818,127,4261412864,4133511168,70,1260,0,50
1790872021868,127,4261412864,4133511168,70,1260,0,50
1790872021918,127,4261412864,4133511168,70,1260,0,50
1790872021968,127,4261412864,4133511168,70,1260,0,50
1790872022018,127,4261412864,4133511168,70,1260,0,50
1790872022068,127,4261412864,4133511168,70,1260,0,50
1790872022118,127,4261412864,4133511168,70,1260,0,50
1790872022168,127,4261412864,4133511168,70,1260,0,50
1790872022218,127,4261412864,4133511168,70,1260,0,50
1790872022268,127,4261412864,4133511168,70,1260,0,50
1790872022318,127,4261412864,4133511168,70,1260,0,50
1790872022368,127,4261412864,4133511168,70,1260,0,50
1790872022418,127,4261412864,4133511168,70,1260,0,50
1790872022468,127,4261412864,4133511168,70,1260,0,50
1790872022518,127,4261412864,4133511168,70,1260,0,50
1790872022568,127,4261412864,4133511168,70,1260,0,50
1790872022618,127,4261412864,4133511168,70,1260,0,50
1790872022668,127,4261412864,4133511168,70,1260,0,50
1790872022718,127,4261412864,4133511168,70,1260,0,50
1790872022768,127,4261412864,4133511168,70,1260,0,50
1790872022818,127,4261412864,4133511168,70,1260,0,50
1790872022868,127,4261412864,4133511168,70,1260,0,50
1790872022918,127,4261412864,4133511168,70,1260,0,50
1790872022968,127,4261412864,4133511168,70,1260,0,50
1790872023018,127,4261412864,4133511168,70,1260,0,50
1790872023068,127,4261412864,4133511168,70,1260,0,50
1790872023118,127,4261412864,4133511168,70,1260,0,50
1790872023168,127,4261412864,4133511168,70,1260,0,50
1790872023218,127,4261412864,4133511168,70,1260,0,50
1790872023268,127,4261412864,4133511168,70,1260,0,50
1790872023318,127,4261412864,4133511168,70,1260,0,50
1790872023368,127,4261412864,4133511168,70,1260,0,50
1790872023418,127,4261412864,4133511168,70,1260,0,50
1790872023468,127,4261412864,4133511168,70,1260,0,50
1790872023518,127,4261412864,4133511168,70,1260,0,50
1790872023568,127,4261412864,4133511168,70,1260,0,50
1790872023618,127,4261412864,4133511168,70,1260,0,50
1790872023668,127,4261412864,4133511168,70,1260,0,50
1790872023718,127,4261412864,4133511168,70,1260,0,50
1790872023768,127,4261412864,4133511168,70,1260,0,50
1790872023818,127,4261412864,4133511168,70,1260,0,50
1790872023868,127,4261412864,4133511168,70,1260,0,50
1790872023918,127,4261412864,4133511168,70,1260,0,50
1790872023968,127,4261412864,4133511168,70,1260,0,50
1790872024018,127,4261412864,4133511168,70,1260,0,50
1790872024068,127,4261412864,4133511168,70,1260,0,50
1790872024118,127,4261412864,4133511168,70,1260,0,50
1790872024168,127,4261412864,4133511168,70,1260,0,50
1790872024218,127,4261412864,4133511168,70,1260,0,50
1790872024268,127,4261412864,4133511168,70,1260,0,50
1790872024318,127,4261412864,4133511168,70,1260,0,50
1790872024368,127,4261412864,4133511168,71,1278,0,50
1790872024418,127,4261412864,4133511168,73,1314,0,50
1790872024468,127,4261412864,4133511168,81,1458,0,50
1790872024518,127,4261412864,4133511168,91,1638,0,50
1790872024568,127,4261412864,4133511168,105,1890,0,50
1790872024618,127,4261412864,4133511168,121,2178,0,50
1790872024668,127,4261412864,4133511168,127,2286,0,50
1790872024718,127,4261412864,4133511168,127,2286,0,50
1790872024768,127,4261412864,4133511168,127,2286,0,50
1790872024818,127,4261412864,4133511168,127,2286,0,50
1790872024868,127,4261412864,4133511168,127,2286,0,50
1790872024918,127,4261412864,4133511168,127,2286,0,50
1790872024968,127,4261412864,4133511168,127,2286,0,50
1790872025018,127,4261412864,4133511168,127,2286,0,50
1790872025068,127,4261412864,4133511168,127,2286,0,50
1790872025118,127,4261412864,4133511168,127,2286,0,50
1790872025168,127,4261412864,4133511168,127,2286,0,50
1790872025218,127,4261412864,4133511168,127,2286,0,50
1790872025268,127,4261412864,4133511168,127,2286,0,50
1790872025318,127,4261412864,4133511168,127,2286,0,50
1790872025368,127,4261412864,4133511168,127,2286,0,50
1790872025418,127,4261412864,4133511168,127,2286,0,50
1790872025468,127,4261412864,4133511168,127,2286,0,50
1790872025518,127,4261412864,4133511168,127,2286,0,50
1790872025568,127,4261412864,4133511168,127,2286,0,50
1790872025618,127,4261412864,4133511168,127,2286,0,50
1790872025668,127,4261412864,4133511168,127,2286,0,50
1790872025718,127,4261412864,4133511168,127,2286,0,50
1790872025768,127,4261412864,4133511168,127,2286,0,50
1790872025818,127,4261412864,4133511168,127,2286,0,50
1790872025868,127,4261412864,4133511168,127,2286,0,50
1790872025918,127,4261412864,4133511168,127,2286,0,50
1790872025968,127,4261412864,4133511168,127,2286,0,50
1790872026018,127,4261412864,4133511168,127,2286,0,50
1790872026068,127,4261412864,4133511168,127,2286,0,50
1790872026118,127,4261412864,4133511168,127,2286,0,50
1790872026168,127,4261412864,4133511168,127,2286,0,50
1790872026218,127,4261412864,4133511168,127,2286,0,50
1790872026268,127,4261412864,4133511168,127,2286,0,50
1790872026318,127,4261412864,4133511168,127,2286,0,50
1790872026368,127,4261412864,4133511168,127,2286,0,50
1790872026418,127,4261412864,4133511168,127,2286,0,50
1790872026468,127,4261412864,4133511168,127,2286,0,50
1790872026518,127,4261412864,4133511168,127,2286,0,50
1790872026568,127,4261412864,4133511168,127,2286,0,50
1790872026618,127,4261412864,4133511168,127,2286,0,50
1790872026668,127,4261412864,4133511168,127,2286,0,50
1790872026718,127,4261412864,4133511168,127,2286,0,50
1790872026768,127,4261412864,4133511168,127,2286,0,50
1790872026818,127,4261412864,4133511168,127,2286,0,50
1790872026868,127,4261412864,4133511168,127,2286,0,50
1790872026918,127,4261412864,4133511168,127,2286,0,50
1790872026968,127,4261412864,4133511168,127,2286,0,50
1790872027018,127,4261412864,4133511168,127,2286,0,50
1790872027068,127,4261412864,4133511168,127,2286,0,50
1790872027118,127,4261412864,4133511168,127,2286,0,50
1790872027168,127,4261412864,4133511168,127,2286,0,50
1790872027218,127,4261412864,4133511168,127,2286,0,50
1790872027268,127,4261412864,4133511168,127,2286,0,50
1790872027318,127,4261412864,4133511168,127,2286,0,50
1790872027368,127,4261412864,4133511168,127,2286,0,50
1790872027418,127,4261412864,4133511168,127,2286,0,50
1790872027468,127,4261412864,4133511168,127,2286,0,50
1790872027518,127,4261412864,4133511168,127,2286,0,50
1790872027568,127,4261412864,4133511168,127,2286,0,50
1790872027618,127,4261412864,4133511168,127,2286,0,50
1790872027668,127,4261412864,4133511168,127,2286,0,50
1790872027718,127,4261412864,4133511168,127,2286,0,50
1790872027768,127,4261412864,4133511168,127,2286,0,50
1790872027818,127,4261412864,4133511168,127,2286,0,50
1790872027868,127,4261412864,4133511168,127,2286,0,50
1790872027918,127,4261412864,4133511168,127,2286,0,50
1790872027968,127,4261412864,4133511168,127,2286,0,50
1790872028018,127,4261412864,4133511168,127,2286,0,50
1790872028068,127,4261412864,4133511168,127,2286,0,50
1790872028118,127,4261412864,4133511168,127,2286,0,50
1790872028168,127,4261412864,4133511168,127,2286,0,50
1790872028218,127,4261412864,4133511168,127,2286,0,50
1790872028268,127,4261412864,4133511168,127,2286,0,50
1790872028318,127,4261412864,4133511168,127,2286,0,50
1790872028368,127,4261412864,4133511168,127,2286,0,50
1790872028418,127,4261412864,4133511168,127,2286,0,50
1790872028468,127,4261412864,4133511168,127,2286,0,50
1790872028518,127,4261412864,4133511168,127,2286,0,50
1790872028568,127,4261412864,4133511168,127,2286,0,50
1790872028618,127,4261412864,4133511168,127,2286,0,50
1790872028668,127,4261412864,4133511168,127,2286,0,50
1790872028718,127,4261412864,4133511168,127,2286,0,50
1790872028768,127,4261412864,4133511168,127,2286,0,50
1790872028818,127,4261412864,4133511168,127,2286,0,50
1790872028868,127,4261412864,4133511168,127,2286,0,50
1790872028918,127,4261412864,4133511168,127,2286,0,50
1790872028968,127,4261412864,4133511168,127,2286,0,50
1790872029018,127,4261412864,4133511168,127,2286,0,50
1790872029068,127,4261412864,4133511168,127,2286,0,50
1790872029118,127,4261412864,4133511168,127,2286,0,50
1790872029168,127,4261412864,4133511168,127,2286,0,50
1790872029218,127,4261412864,4133511168,127,2286,0,50
1790872029268,127,4261412864,4133511168,127,2286,0,50
1790872029318,127,4261412864,4133511168,127,2286,0,50
1790872029368,127,4261412864,4133511168,127,2286,0,50
1790872029418,127,4261412864,4133511168,127,2286,0,50
1790872029468,127,4261412864,4133511168,127,2286,0,50
1790872029518,127,4261412864,4133511168,127,2286,0,50
1790872029568,127,4261412864,4133511168,127,2286,0,50
1790872029618,127,4261412864,4133511168,127,2286,0,50
1790872029668,127,4261412864,4133511168,127,2286,0,50
1790872029718,127,4261412864,4133511168,127,2286,0,50
1790872029768,127,4261412864,4133511168,127,2286,0,50
1790872029818,127,4261412864,4133511168,127,2286,0,50
1790872029868,127,4261412864,4133511168,127,2286,0,50
1790872029918,127,4261412864,4133511168,127,2286,0,50
1790872029968,127,4261412864,4133511168,127,2286,0,50
1790872030018,127,4261412864,4133511168,127,2286,0,50
1790872030068,127,4261412864,4133511168,127,2286,0,50
1790872030118,127,4261412864,4133511168,127,2286,0,50
1790872030168,127,4261412864,4133511168,127,2286,0,50
1790872030218,127,4261412864,4133511168,127,2286,0,50
1790872030268,127,4261412864,4133511168,127,2286,0,50
1790872030318,127,4261412864,4133511168,127,2286,0,50
1790872030368,127,4261412864,4133511168,127,2286,0,50
1790872030418,127,4261412864,4133511168,127,2286,0,50
1790872030468,127,4261412864,4133511168,127,2286,0,50
1790872030518,127,4261412864,4133511168,127,2286,0,50
1790872030568,127,4261412864,4133511168,127,2286,0,50
1790872030618,127,4261412864,4133511168,127,2286,0,50
1790872030668,127,4261412864,4133511168,127,2286,0,50
1790872030718,127,4261412864,4133511168,127,2286,0,50
1790872030768,127,4261412864,4133511168,127,2286,0,50
1790872030818,127,4261412864,4133511168,127,2286,0,50
1790872030868,127,4261412864,4133511168,127,2286,0,50
1790872030918,127,4261412864,4133511168,127,2286,0,50
1790872030968,127,4261412864,4133511168,127,2286,0,50
1790872031018,127,4261412864,4133511168,127,2286,0,50
1790872031068,127,4261412864,4133511168,127,2286,0,50
1790872031118,127,4261412864,4133511168,127,2286,0,50
1790872031168,127,4261412864,4133511168,127,2286,0,50
1790872031218,127,4261412864,4133511168,127,2286,0,50
1790872031268,127,4261412864,4133511168,127,2286,0,50
1790872031318,127,4261412864,4133511168,127,2286,0,50
1790872031368,127,4261412864,4133511168,127,2286,0,50
1790872031418,127,4261412864,4133511168,127,2286,0,50
1790872031468,127,4261412864,4133511168,127,2286,0,50
1790872031518,127,4261412864,4133511168,127,2286,0,50
1790872031568,127,4261412864,4133511168,127,2286,0,50
1790872031618,127,4261412864,4133511168,127,2286,0,50
1790872031668,127,4261412864,4133511168,127,2286,0,50
1790872031718,127,4261412864,4133511168,127,2286,0,50
1790872031768,127,4261412864,4133511168,127,2286,0,50
1790872031818,127,4261412864,4133511168,127,2286,0,50
1790872031868,127,4261412864,4133511168,127,2286,0,50
1790872031918,127,4261412864,4133511168,127,2286,0,50
1790872031968,127,4261412864,4133511168,127,2286,0,50
1790872032018,127,4261412864,4133511168,127,2286,0,50
1790872032068,127,4261412864,4133511168,127,2286,0,50
1790872032118,127,4261412864,4133511168,127,2286,0,50
1790872032168,127,4261412864,4133511168,127,2286,0,50
1790872032218,127,4261412864,4133511168,127,2286,0,50
1790872032268,127,4261412864,4133511168,127,2286,0,50
1790872032318,127,4261412864,4133511168,127,2286,0,50
1790872032368,127,4261412864,4133511168,127,2286,0,50
1790872032418,127,4261412864,4133511168,127,2286,0,50
1790872032468,127,4261412864,4133511168,127,2286,0,50
1790872032518,127,4261412864,4133511168,127,2286,0,50
1790872032568,127,4261412864,4133511168,127,2286,0,50
1790872032618,127,4261412864,4133511168,127,2286,0,50
1790872032668,127,4261412864,4133511168,127,2286,0,50
1790872032718,127,4261412864,4133511168,127,2286,0,50
1790872032768,127,4261412864,4133511168,127,2286,0,50
1790872032818,127,4261412864,4133511168,127,2286,0,50
1790872032868,127,4261412864,4133511168,127,2286,0,50
1790872032918,127,4261412864,4133511168,127,2286,0,50
1790872032968,127,4261412864,4133511168,127,2286,0,50
1790872033018,127,4261412864,4133511168,127,2286,0,50
1790872033068,127,4261412864,4133511168,127,2286,0,50
1790872033118,127,4261412864,4133511168,127,2286,0,50
1790872033168,127,4261412864,4133511168,127,2286,0,50
1790872033218,127,4261412864,4133511168,127,2286,0,50
1790872033268,127,4261412864,4133511168,127,2286,0,50
1790872033318,127,4261412864,4133511168,127,2286,0,50
1790872033368,127,4261412864,4133511168,127,2286,0,50
1790872033418,127,4261412864,4133511168,127,2286,0,50
1790872033468,127,4261412864,4133511168,127,2286,0,50
1790872033518,127,4261412864,4133511168,127,2286,0,50
1790872033568,127,4261412864,4133511168,127,2286,0,50
1790872033618,127,4261412864,4133511168,127,2286,0,50
1790872033668,127,4261412864,4133511168,127,2286,0,50
1790872033718,127,4261412864,4133511168,127,2286,0,50
1790872033768,127,4261412864,4133511168,127,2286,0,50
1790872033818,127,4261412864,4133511168,127,2286,0,50
1790872033868,127,4261412864,4133511168,127,2286,0,50
1790872033918,127,4261412864,4133511168,127,2286,0,50
1790872033968,127,4261412864,4133511168,127,2286,0,50
1790872034018,127,4261412864,4133511168,127,2286,0,50
1790872034068,127,4261412864,4133511168,127,2286,0,50
1790872034118,127,4261412864,4133511168,127,2286,0,50
1790872034168,127,4261412864,4133511168,127,2286,0,50
1790872034218,127,4261412864,4133511168,127,2286,0,50
1790872034268,127,4261412864,4133511168,127,2286,0,50
1790872034318,127,4261412864,4133511168,127,2286,0,50
1790872034368,127,4261412864,4133511168,127,2286,0,50
1790872034418,127,4261412864,4133511168,127,2286,0,50
1790872034468,127,4261412864,4133511168,127,2286,0,50
1790872034518,127,4261412864,4133511168,127,2286,0,50
1790872034568,127,4261412864,4133511168,127,2286,0,50
1790872034618,127,4261412864,4133511168,127,2286,0,50
1790872034668,127,4261412864,4133511168,127,2286,0,50
1790872034718,127,4261412864,4133511168,127,2286,0,50
1790872034768,127,4261412864,4133511168,127,2286,0,50
1790872034818,127,4261412864,4133511168,127,2286,0,50
1790872034868,127,4261412864,4133511168,127,2286,0,50
1790872034918,127,4261412864,4133511168,127,2286,0,50
1790872034968,127,4261412864,4133511168,127,2286,0,50
1790872035018,127,4261412864,4133511168,127,2286,0,50
1790872035068,127,4261412864,4133511168,127,2286,0,50
1790872035118,127,4261412864,4133511168,127,2286,0,50
1790872035168,127,4261412864,4133511168,127,2286,0,50
1790872035218,127,4261412864,4133511168,127,2286,0,50
1790872035268,127,4261412864,4133511168,127,2286,0,50
1790872035318,127,4261412864,4133511168,127,2286,0,50
1790872035368,127,4261412864,4133511168,127,2286,0,50
1790872035418,127,4261412864,4133511168,127,2286,0,50
1790872035468,127,4261412864,4133511168,127,2286,0,50
1790872035518,127,4261412864,4133511168,127,2286,0,50
1790872035568,127,4261412864,4133511168,127,2286,0,50
1790872035618,127,4261412864,4133511168,127,2286,0,50
1790872035668,127,4261412864,4133511168,127,2286,0,50
1790872035718,127,4261412864,4133511168,127,2286,0,50
1790872035768,127,4261412864,4133511168,127,2286,0,50
1790872035818,127,4261412864,4133511168,127,2286,0,50
1790872035868,127,4261412864,4133511168,127,2286,0,50
1790872035918,127,4261412864,4133511168,127,2286,0,50
1790872035968,127,4261412864,4133511168,127,2286,0,50
1790872036018,127,4261412864,4133511168,127,2286,0,50
1790872036068,127,4261412864,4133511168,127,2286,0,50
1790872036118,127,4261412864,4133511168,127,2286,0,50
1790872036168,127,4261412864,4133511168,127,2286,0,50
1790872036218,127,4261412864,4133511168,127,2286,0,50
1790872036268,127,4261412864,4133511168,127,2286,0,50
1790872036318,127,4261412864,4133511168,127,2286,0,50
1790872036368,127,4261412864,4133511168,127,2286,0,50
1790872036418,127,4261412864,4133511168,127,2286,0,50
1790872036468,127,4261412864,4133511168,127,2286,0,50
1790872036518,127,4261412864,4133511168,127,2286,0,50
1790872036568,127,4261412864,4133511168,127,2286,0,50
1790872036618,127,4261412864,4133511168,127,2286,0,50
1790872036668,127,4261412864,4133511168,127,2286,0,50
1790872036718,127,4261412864,4133511168,127,2286,0,50
1790872036768,127,4261412864,4133511168,127,2286,0,50
1790872036818,127,4261412864,4133511168,127,2286,0,50
1790872036868,127,4261412864,4133511168,127,2286,0,50
1790872036918,127,4261412864,4133511168,127,2286,0,50
1790872036968,127,4261412864,4133511168,127,2286,0,50
1790872037018,127,4261412864,4133511168,127,2286,0,50
1790872037068,127,4261412864,4133511168,127,2286,0,50
1790872037118,127,4261412864,4133511168,127,2286,0,50
1790872037168,127,4261412864,4133511168,127,2286,0,50
1790872037218,127,4261412864,4133511168,127,2286,0,50
1790872037268,127,4261412864,4133511168,127,2286,0,50
1790872037318,127,4261412864,4133511168,127,2286,0,50
1790872037368,127,4261412864,4133511168,127,2286,0,50
1790872037418,127,4261412864,4133511168,127,2286,0,50
1790872037468,127,4261412864,4133511168,127,2286,0,50
1790872037518,127,4261412864,4133511168,127,2286,0,50
1790872037568,127,4261412864,4133511168,127,2286,0,50
1790872037618,127,4261412864,4133511168,127,2286,0,50
1790872037668,127,4261412864,4133511168,127,2286,0,50
1790872037718,127,4261412864,4133511168,127,2286,0,50
1790872037768,127,4261412864,4133511168,127,2286,0,50
1790872037818,127,4261412864,4133511168,127,2286,0,50
1790872037868,127,4261412864,4133511168,127,2286,0,50
1790872037918,127,4261412864,4133511168,127,2286,0,50
1790872037968,127,4261412864,4133511168,127,2286,0,50
1790872038018,127,4261412864,4133511168,127,2286,0,50
1790872038068,127,4261412864,4133511168,127,2286,0,50
1790872038118,127,4261412864,4133511168,127,2286,0,50
1790872038168,127,4261412864,4133511168,127,2286,0,50
1790872038218,127,4261412864,4133511168,127,2286,0,50
1790872038268,127,4261412864,4133511168,127,2286,0,50
1790872038318,127,4261412864,4133511168,127,2286,0,50
1790872038368,127,4261412864,4133511168,127,2286,0,50
1790872038418,127,4261412864,4133511168,127,2286,0,50
1790872038468,127,4261412864,4133511168,127,2286,0,50
1790872038518,127,4261412864,4133511168,127,2286,0,50
1790872038568,127,4261412864,4133511168,127,2286,0,50
1790872038618,127,4261412864,4133511168,127,2286,0,50
1790872038668,127,4261412864,4133511168,127,2286,0,50
1790872038718,127,4261412864,4133511168,127,2286,0,50
1790872038768,127,4261412864,4133511168,127,2286,0,50
1790872038818,127,4261412864,4133511168,127,2286,0,50
1790872038868,127,4261412864,4133511168,127,2286,0,50
1790872038918,127,4261412864,4133511168,127,2286,0,50
1790872038968,127,4261412864,4133511168,127,2286,0,50
1790872039018,127,4261412864,4133511168,127,2286,0,50
1790872039068,127,4261412864,4133511168,127,2286,0,50
1790872039118,127,4261412864,4133511168,127,2286,0,50
1790872039168,127,4261412864,4133511168,127,2286,0,50
1790872039218,127,4261412864,4133511168,127,2286,0,50
1790872039268,127,4261412864,4133511168,127,2286,0,50
1790872039318,127,4261412864,4133511168,127,2286,0,50
1790872039368,127,4261412864,4133511168,127,2286,0,50
1790872039418,127,4261412864,4133511168,127,2286,0,50
1790872039468,127,4261412864,4133511168,127,2286,0,50
1790872039518,127,4261412864,4133511168,127,2286,0,50
1790872039568,127,4261412864,4133511168,127,2286,0,50
1790872039618,127,4261412864,4133511168,127,2286,0,50
1790872039668,127,4261412864,4133511168,127,2286,0,50
1790872039718,127,4261412864,4133511168,127,2286,0,50
1790872039768,127,4261412864,4133511168,127,2286,0,50
1790872039818,127,4261412864,4133511168,127,2286,0,50
1790872039868,127,4261412864,4133511168,127,2286,0,50
1790872039918,127,4261412864,4133511168,127,2286,0,50
1790872039968,127,4261412864,4133511168,127,2286,0,50
1790872040018,127,4261412864,4133511168,127,2286,0,50
1790872040068,127,4261412864,4133511168,127,2286,0,50
1790872040118,127,4261412864,4133511168,127,2286,0,50
1790872040168,127,4261412864,4133511168,127,2286,0,50
1790872040218,127,4261412864,4133511168,127,2286,0,50
1790872040268,127,4261412864,4133511168,127,2286,0,50
1790872040318,127,4261412864,4133511168,127,2286,0,50
1790872040368,127,4261412864,4133511168,127,2286,0,50
1790872040418,127,4261412864,4133511168,127,2286,0,50
1790872040468,127,4261412864,4133511168,127,2286,0,50
1790872040518,127,4261412864,4133511168,127,2286,0,50
1790872040568,127,4261412864,4133511168,127,2286,0,50
1790872040618,127,4261412864,4133511168,127,2286,0,50
1790872040668,127,4261412864,4133511168,127,2286,0,50
1790872040718,127,4261412864,4133511168,127,2286,0,50
1790872040768,127,4261412864,4133511168,127,2286,0,50
1790872040818,127,4261412864,4133511168,127,2286,0,50
1790872040868,127,4261412864,4133511168,127,2286,0,50
1790872040918,127,4261412864,4133511168,127,2286,0,50
1790872040968,127,4261412864,4133511168,127,2286,0,50
1790872041018,127,4261412864,4133511168,127,2286,0,50
1790872041068,127,4261412864,4133511168,127,2286,0,50
1790872041118,127,4261412864,4133511168,127,2286,0,50
1790872041168,127,4261412864,4133511168,127,2286,0,50
1790872041218,127,4261412864,4133511168,127,2286,0,50
1790872041268,127,4261412864,4133511168,127,2286,0,50
1790872041318,127,4261412864,4133511168,127,2286,0,50
1790872041368,127,4261412864,4133511168,127,2286,0,50
1790872041418,127,4261412864,4133511168,127,2286,0,50
1790872041468,127,4261412864,4133511168,127,2286,0,50
1790872041518,127,4261412864,4133511168,127,2286,0,50
1790872041568,127,4261412864,4133511168,127,2286,0,50
1790872041618,127,4261412864,4133511168,127,2286,0,50
1790872041668,127,4261412864,4133511168,127,2286,0,50
1790872041718,127,4261412864,4133511168,127,2286,0,50
1790872041768,127,4261412864,4133511168,127,2286,0,50
1790872041818,127,4261412864,4133511168,127,2286,0,50
1790872041868,127,4261412864,4133511168,127,2286,0,50
1790872041918,127,4261412864,4133511168,127,2286,0,50
1790872041968,127,4261412864,4133511168,127,2286,0,50
1790872042018,127,4261412864,4133511168,127,2286,0,50
1790872042068,127,4261412864,4133511168,127,2286,0,50
1790872042118,127,4261412864,4133511168,127,2286,0,50
1790872042168,127,4261412864,4133511168,127,2286,0,50
1790872042218,127,4261412864,4133511168,127,2286,0,50
1790872042268,127,4261412864,4133511168,127,2286,0,50
1790872042318,127,4261412864,4133511168,127,2286,0,50
1790872042368,127,4261412864,4133511168,127,2286,0,50
1790872042418,127,4261412864,4133511168,127,2286,0,50
1790872042468,127,4261412864,4133511168,127,2286,0,50
1790872042518,127,4261412864,4133511168,127,2286,0,50
1790872042568,127,4261412864,4133511168,127,2286,0,50
1790872042618,127,4261412864,4133511168,127,2286,0,50
1790872042668,127,4261412864,4133511168,127,2286,0,50
1790872042718,127,4261412864,4133511168,127,2286,0,50
1790872042768,127,4261412864,4133511168,127,2286,0,50
1790872042818,127,4261412864,4133511168,127,2286,0,50
1790872042868,127,4261412864,4133511168,127,2286,0,50
1790872042918,127,4261412864,4133511168,127,2286,0,50
1790872042968,127,4261412864,4133511168,127,2286,0,50
1790872043018,127,4261412864,4133511168,127,2286,0,50
1790872043068,127,4261412864,4133511168,127,2286,0,50
1790872043118,127,4261412864,4133511168,127,2286,0,50
1790872043168,127,4261412864,4133511168,127,2286,0,50
1790872043218,127,4261412864,4133511168,127,2286,0,50
1790872043268,127,4261412864,4133511168,127,2286,0,50
1790872043318,127,4261412864,4133511168,127,2286,0,50
1790872043368,127,4261412864,4133511168,127,2286,0,50
1790872043418,127,4261412864,4133511168,127,2286,0,50
1790872043468,127,4261412864,4133511168,127,2286,0,50
1790872043518,127,4261412864,4133511168,127,2286,0,50
1790872043568,127,4261412864,4133511168,127,2286,0,50
1790872043618,127,4261412864,4133511168,127,2286,0,50
1790872043668,127,4261412864,4133511168,127,2286,0,50
1790872043718,127,4261412864,4133511168,127,2286,0,50
1790872043768,127,4261412864,4133511168,127,2286,0,50
1790872043818,127,4261412864,4133511168,127,2286,0,50
1790872043868,127,4261412864,4133511168,127,2286,0,50
1790872043918,127,4261412864,4133511168,127,2286,0,50
1790872043968,127,4261412864,4133511168,127,2286,0,50
1790872044018,127,4261412864,4133511168,127,2286,0,50
1790872044068,127,4261412864,4133511168,127,2286,0,50
1790872044118,127,4261412864,4133511168,127,2286,0,50
1790872044168,127,4261412864,4133511168,127,2286,0,50
1790872044218,127,4261412864,4133511168,127,2286,0,50
1790872044268,127,4261412864,4133511168,127,2286,0,50
1790872044318,127,4261412864,4133511168,127,2286,0,50
1790872044368,127,4261412864,4133511168,127,2286,0,50
1790872044418,127,4261412864,4133511168,127,2286,0,50
1790872044468,127,4261412864,4133511168,127,2286,0,50
1790872044518,127,4261412864,4133511168,127,2286,0,50
1790872044568,127,4261412864,4133511168,127,2286,0,50
1790872044618,127,4261412864,4133511168,127,2286,0,50
1790872044668,127,4261412864,4133511168,127,2286,0,50
1790872044718,127,4261412864,4133511168,127,2286,0,50
1790872044768,127,4261412864,4133511168,127,2286,0,50
1790872044818,127,4261412864,4133511168,127,2286,0,50
1790872044868,127,4261412864,4133511168,127,2286,0,50
1790872044918,127,4261412864,4133511168,127,2286,0,50
1790872044968,127,4261412864,4133511168,127,2286,0,50
1790872045018,127,4261412864,4133511168,127,2286,0,50
1790872045068,127,4261412864,4133511168,127,2286,0,50
1790872045118,127,4261412864,4133511168,127,2286,0,50
1790872045168,127,4261412864,4133511168,127,2286,0,50
1790872045218,127,4261412864,4133511168,127,2286,0,50
1790872045268,127,4261412864,4133511168,127,2286,0,50
1790872045318,127,4261412864,4133511168,127,2286,0,50
1790872045368,127,4261412864,4133511168,127,2286,0,50
1790872045418,127,4261412864,4133511168,127,2286,0,50
1790872045468,127,4261412864,4133511168,127,2286,0,50
1790872045518,127,4261412864,4133511168,127,2286,0,50
1790872045568,127,4261412864,4133511168,127,2286,0,50
1790872045618,127,4261412864,4133511168,127,2286,0,50
1790872045668,127,4261412864,4133511168,127,2286,0,50
1790872045718,127,4261412864,4133511168,127,2286,0,50
1790872045768,127,4261412864,4133511168,127,2286,0,50
1790872045818,127,4261412864,4133511168,127,2286,0,50
1790872045868,127,4261412864,4133511168,127,2286,0,50
1790872045918,127,4261412864,4133511168,127,2286,0,50
1790872045968,127,4261412864,4133511168,127,2286,0,50
1790872046018,127,4261412864,4133511168,127,2286,0,50
1790872046068,127,4261412864,4133511168,127,2286,0,50
1790872046118,127,4261412864,4133511168,127,2286,0,50
1790872046168,127,4261412864,4133511168,127,2286,0,50
1790872046218,127,4261412864,4133511168,127,2286,0,50
1790872046268,127,4261412864,4133511168,127,2286,0,50
1790872046318,127,4261412864,4133511168,127,2286,0,50
1790872046368,127,4261412864,4133511168,127,2286,0,50
1790872046418,127,4261412864,4133511168,127,2286,0,50
1790872046468,127,4261412864,4133511168,127,2286,0,50
1790872046518,127,4261412864,4133511168,127,2286,0,50
1790872046568,127,4261412864,4133511168,127,2286,0,50
1790872046618,127,4261412864,4133511168,127,2286,0,50
1790872046668,127,4261412864,4133511168,127,2286,0,50
1790872046718,127,4261412864,4133511168,127,2286,0,50
1790872046768,127,4261412864,4133511168,127,2286,0,50
1790872046818,127,4261412864,4133511168,127,2286,0,50
1790872046868,127,4261412864,4133511168,127,2286,0,50
1790872046918,127,4261412864,4133511168,127,2286,0,50
1790872046968,127,4261412864,4133511168,127,2286,0,50
1790872047018,127,4261412864,4133511168,127,2286,0,50
1790872047068,127,4261412864,4133511168,127,2286,0,50
1790872047118,127,4261412864,4133511168,127,2286,0,50
1790872047168,127,4261412864,4133511168,127,2286,0,50
1790872047218,127,4261412864,4133511168,127,2286,0,50
1790872047268,127,4261412864,4133511168,127,2286,0,50
1790872047318,127,4261412864,4133511168,127,2286,0,50
1790872047368,127,4261412864,4133511168,127,2286,0,50
1790872047418,127,4261412864,4133511168,127,2286,0,50
1790872047468,127,4261412864,4133511168,127,2286,0,50
1790872047518,127,4261412864,4133511168,127,2286,0,50
1790872047568,127,4261412864,4133511168,127,2286,0,50
1790872047618,127,4261412864,4133511168,127,2286,0,50
1790872047668,127,4261412864,4133511168,127,2286,0,50
1790872047718,127,4261412864,4133511168,127,2286,0,50
1790872047768,127,4261412864,4133511168,127,2286,0,50
1790872047818,127,4261412864,4133511168,127,2286,0,50
1790872047868,127,4261412864,4133511168,127,2286,0,50
1790872047918,127,4261412864,4133511168,127,2286,0,50
1790872047968,127,4261412864,4133511168,127,2286,0,50
1790872048018,127,4261412864,4133511168,127,2286,0,50
1790872048068,127,4261412864,4133511168,127,2286,0,50
1790872048118,127,4261412864,4133511168,127,2286,0,50
1790872048168,127,4261412864,4133511168,127,2286,0,50
1790872048218,127,4261412864,4133511168,127,2286,0,50
1790872048268,127,4261412864,4133511168,127,2286,0,50
1790872048318,127,4261412864,4133511168,127,2286,0,50
1790872048368,127,4261412864,4133511168,127,2286,0,50
1790872048418,127,4261412864,4133511168,127,2286,0,50
1790872048468,127,4261412864,4133511168,127,2286,0,50
1790872048518,127,4261412864,4133511168,127,2286,0,50
1790872048568,127,4261412864,4133511168,127,2286,0,50
1790872048618,127,4261412864,4133511168,127,2286,0,50
1790872048668,127,4261412864,4133511168,127,2286,0,50
1790872048718,127,4261412864,4133511168,127,2286,0,50
1790872048768,127,4261412864,4133511168,127,2286,0,50
1790872048818,127,4261412864,4133511168,127,2286,0,50
1790872048868,127,4261412864,4133511168,127,2286,0,50
1790872048918,127,4261412864,4133511168,127,2286,0,50
1790872048968,127,4261412864,4133511168,127,2286,0,50
1790872049018,127,4261412864,4133511168,127,2286,0,50
1790872049068,127,4261412864,4133511168,127,2286,0,50
1790872049118,127,4261412864,4133511168,127,2286,0,50
1790872049168,127,4261412864,4133511168,127,2286,0,50
1790872049218,127,4261412864,4133511168,127,2286,0,50
1790872049268,127,4261412864,4133511168,127,2286,0,50
1790872049318,127,4261412864,4133511168,127,2286,0,50
1790872049368,127,4261412864,4133511168,127,2286,0,50
1790872049418,127,4261412864,4133511168,127,2286,0,50
1790872049468,127,4261412864,4133511168,127,2286,0,50
1790872049518,127,4261412864,4133511168,127,2286,0,50
1790872049568,127,4261412864,4133511168,127,2286,0,50
1790872049618,127,4261412864,4133511168,127,2286,0,50
1790872049668,127,4261412864,4133511168,127,2286,0,50
1790872049718,127,4261412864,4133511168,127,2286,0,50
1790872049768,127,4261412864,4133511168,127,2286,0,50
1790872049818,127,4261412864,4133511168,127,2286,0,50
1790872049868,127,4261412864,4133511168,127,2286,0,50
1790872049918,127,4261412864,4133511168,127,2286,0,50
1790872049968,127,4261412864,4133511168,127,2286,0,50
1790872050018,127,4261412864,4133511168,127,2286,0,50
1790872050068,127,4261412864,4133511168,127,2286,0,50
1790872050118,127,4261412864,4133511168,127,2286,0,50
1790872050168,127,4261412864,4133511168,127,2286,0,50
1790872050218,127,4261412864,4133511168,127,2286,0,50
1790872050268,127,4261412864,4133511168,127,2286,0,50
1790872050318,127,4261412864,4133511168,127,2286,0,50
1790872050368,127,4261412864,4133511168,127,2286,0,50
1790872050418,127,4261412864,4133511168,127,2286,0,50
1790872050468,127,4261412864,4133511168,127,2286,0,50
1790872050518,127,4261412864,4133511168,127,2286,0,50
1790872050568,127,4261412864,4133511168,127,2286,0,50
1790872050618,127,4261412864,4133511168,127,2286,0,50
1790872050668,127,4261412864,4133511168,127,2286,0,50
1790872050718,127,4261412864,4133511168,127,2286,0,50
1790872050768,127,4261412864,4133511168,127,2286,0,50
1790872050818,127,4261412864,4133511168,127,2286,0,50
1790872050868,127,4261412864,4133511168,127,2286,0,50
1790872050918,127,4261412864,4133511168,127,2286,0,50
1790872050968,127,4261412864,4133511168,127,2286,0,50
1790872051018,127,4261412864,4133511168,127,2286,0,50
1790872051068,127,4261412864,4133511168,127,2286,0,50
1790872051118,127,4261412864,4133511168,127,2286,0,50
1790872051168,127,4261412864,4133511168,127,2286,0,50
1790872051218,127,4261412864,4133511168,127,2286,0,50
1790872051268,127,4261412864,4133511168,127,2286,0,50
1790872051318,127,4261412864,4133511168,127,2286,0,50
1790872051368,127,4261412864,4133511168,127,2286,0,50
1790872051418,127,4261412864,4133511168,127,2286,0,50
1790872051468,127,4261412864,4133511168,127,2286,0,50
1790872051518,127,4261412864,4133511168,127,2286,0,50
1790872051568,127,4261412864,4133511168,127,2286,0,50
1790872051618,127,4261412864,4133511168,127,2286,0,50
1790872051668,127,4261412864,4133511168,127,2286,0,50
1790872051718,127,4261412864,4133511168,127,2286,0,50
1790872051768,127,4261412864,4133511168,127,2286,0,50
1790872051818,127,4261412864,4133511168,127,2286,0,50
1790872051868,127,4261412864,4133511168,127,2286,0,50
1790872051918,127,4261412864,4133511168,127,2286,0,50
1790872051968,127,4261412864,4133511168,127,2286,0,50
1790872052018,127,4261412864,4133511168,127,2286,0,50
1790872052068,127,4261412864,4133511168,127,2286,0,50
1790872052118,127,4261412864,4133511168,127,2286,0,50
1790872052168,127,4261412864,4133511168,127,2286,0,50
1790872052218,127,4261412864,4133511168,127,2286,0,50
1790872052268,127,4261412864,4133511168,127,2286,0,50
1790872052318,127,4261412864,4133511168,127,2286,0,50
1790872052368,127,4261412864,4133511168,127,2286,0,50
1790872052418,127,4261412864,4133511168,127,2286,0,50
1790872052468,127,4261412864,4133511168,127,2286,0,50
1790872052518,127,4261412864,4133511168,127,2286,0,50
1790872052568,127,4261412864,4133511168,127,2286,0,50
1790872052618,127,4261412864,4133511168,127,2286,0,50
1790872052668,127,4261412864,4133511168,127,2286,0,50
1790872052718,127,4261412864,4133511168,127,2286,0,50
1790872052768,127,4261412864,4133511168,127,2286,0,50
1790872052818,127,4261412864,4133511168,127,2286,0,50
1790872052868,127,4261412864,4133511168,127,2286,0,50
1790872052918,127,4261412864,4133511168,127,2286,0,50
1790872052968,127,4261412864,4133511168,127,2286,0,50
1790872053018,127,4261412864,4133511168,127,2286,0,50
1790872053068,127,4261412864,4133511168,127,2286,0,50
1790872053118,127,4261412864,4133511168,127,2286,0,50
1790872053168,127,4261412864,4133511168,127,2286,0,50
1790872053218,127,4261412864,4133511168,127,2286,0,50
1790872053268,127,4261412864,4133511168,127,2286,0,50
1790872053318,127,4261412864,4133511168,127,2286,0,50
1790872053368,127,4261412864,4133511168,127,2286,0,50
1790872053418,127,4261412864,4133511168,127,2286,0,50
1790872053468,127,4261412864,4133511168,127,2286,0,50
1790872053518,127,4261412864,4133511168,127,2286,0,50
1790872053568,127,4261412864,4133511168,127,2286,0,50
1790872053618,127,4261412864,4133511168,127,2286,0,50
1790872053668,127,4261412864,4133511168,127,2286,0,50
1790872053718,127,4261412864,4133511168,127,2286,0,50
1790872053768,127,4261412864,4133511168,127,2286,0,50
1790872053818,127,4261412864,4133511168,127,2286,0,50
1790872053868,127,4261412864,4133511168,127,2286,0,50
1790872053918,127,4261412864,4133511168,127,2286,0,50
1790872053968,127,4261412864,4133511168,127,2286,0,50
1790872054018,127,4261412864,4133511168,127,2286,0,50
1790872054068,127,4261412864,4133511168,127,2286,0,50
1790872054118,127,4261412864,4133511168,127,2286,0,50
1790872054168,127,4261412864,4133511168,127,2286,0,50
1790872054218,127,4261412864,4133511168,127,2286,0,50
1790872054268,127,4261412864,4133511168,127,2286,0,50
1790872054318,127,4261412864,4133511168,127,2286,0,50
1790872054368,127,4261412864,4133511168,127,2286,0,50
1790872054418,127,4261412864,4133511168,127,2286,0,50
1790872054468,127,4261412864,4133511168,127,2286,0,50
1790872054518,127,4261412864,4133511168,127,2286,0,50
1790872054568,127,4261412864,4133511168,127,2286,0,50
1790872054618,127,4261412864,4133511168,127,2286,0,50
1790872054668,127,4261412864,4133511168,127,2286,0,50
1790872054718,127,4261412864,4133511168,127,2286,0,50
1790872054768,127,4261412864,4133511168,127,2286,0,50
1790872054818,127,4261412864,4133511168,127,2286,0,50
1790872054868,127,4261412864,4133511168,127,2286,0,50
1790872054918,127,4261412864,4133511168,127,2286,0,50
1790872054968,127,4261412864,4133511168,127,2286,0,50
1790872055018,127,4261412864,4133511168,127,2286,0,50
1790872055068,127,4261412864,4133511168,127,2286,0,50
1790872055118,127,4261412864,4133511168,127,2286,0,50
1790872055168,127,4261412864,4133511168,127,2286,0,50
1790872055218,127,4261412864,4133511168,127,2286,0,50
1790872055268,127,4261412864,4133511168,127,2286,0,50
1790872055318,127,4261412864,4133511168,127,2286,0,50
1790872055368,127,4261412864,4133511168,127,2286,0,50
1790872055418,127,4261412864,4133511168,127,2286,0,50
1790872055468,127,4261412864,4133511168,127,2286,0,50
1790872055518,127,4261412864,4133511168,127,2286,0,50
1790872055568,127,4261412864,4133511168,127,2286,0,50
1790872055618,127,4261412864,4133511168,127,2286,0,50
1790872055668,127,4261412864,4133511168,127,2286,0,50
1790872055718,127,4261412864,4133511168,127,2286,0,50
1790872055768,127,4261412864,4133511168,127,2286,0,50
1790872055818,127,4261412864,4133511168,127,2286,0,50
1790872055868,127,4261412864,4133511168,127,2286,0,50
1790872055918,127,4261412864,4133511168,127,2286,0,50
1790872055968,127,4261412864,4133511168,127,2286,0,50
1790872056018,127,4261412864,4133511168,127,2286,0,50
1790872056068,127,4261412864,4133511168,127,2286,0,50
1790872056118,127,4261412864,4133511168,127,2286,0,50
1790872056168,127,4261412864,4133511168,127,2286,0,50
1790872056218,127,4261412864,4133511168,127,2286,0,50
1790872056268,127,4261412864,4133511168,127,2286,0,50
1790872056318,127,4261412864,4133511168,127,2286,0,50
1790872056368,127,4261412864,4133511168,127,2286,0,50
1790872056418,127,4261412864,4133511168,127,2286,0,50
1790872056468,127,4261412864,4133511168,127,2286,0,50
1790872056518,127,4261412864,4133511168,127,2286,0,50
1790872056568,127,4261412864,4133511168,127,2286,0,50
1790872056618,127,4261412864,4133511168,127,2286,0,50
1790872056668,127,4261412864,4133511168,127,2286,0,50
1790872056718,127,4261412864,4133511168,127,2286,0,50
1790872056768,127,4261412864,4133511168,127,2286,0,50
1790872056818,127,4261412864,4133511168,127,2286,0,50
1790872056868,127,4261412864,4133511168,127,2286,0,50
1790872056918,127,4261412864,4133511168,127,2286,0,50
1790872056968,127,4261412864,4133511168,127,2286,0,50
1790872057018,127,4261412864,4133511168,127,2286,0,50
1790872057068,127,4261412864,4133511168,127,2286,0,50
1790872057118,127,4261412864,4133511168,127,2286,0,50
1790872057168,127,4261412864,4133511168,127,2286,0,50
1790872057218,127,4261412864,4133511168,127,2286,0,50
1790872057268,127,4261412864,4133511168,127,2286,0,50
1790872057318,127,4261412864,4133511168,127,2286,0,50
1790872057368,127,4261412864,4133511168,127,2286,0,50
1790872057418,127,4261412864,4133511168,127,2286,0,50
1790872057468,127,4261412864,4133511168,127,2286,0,50
1790872057518,127,4261412864,4133511168,127,2286,0,50
1790872057568,127,4261412864,4133511168,127,2286,0,50
1790872057618,127,4261412864,4133511168,127,2286,0,50
1790872057668,127,4261412864,4133511168,127,2286,0,50
1790872057718,127,4261412864,4133511168,127,2286,0,50
1790872057768,127,4261412864,4133511168,127,2286,0,50
1790872057818,127,4261412864,4133511168,127,2286,0,50
1790872057868,127,4261412864,4133511168,127,2286,0,50
1790872057918,127,4261412864,4133511168,127,2286,0,50
1790872057968,127,4261412864,4133511168,127,2286,0,50
1790872058018,127,4261412864,4133511168,127,2286,0,50
1790872058068,127,4261412864,4133511168,127,2286,0,50
1790872058118,127,4261412864,4133511168,127,2286,0,50
1790872058168,127,4261412864,4133511168,127,2286,0,50
1790872058218,127,4261412864,4133511168,127,2286,0,50
1790872058268,127,4261412864,4133511168,127,2286,0,50
1790872058318,127,4261412864,4133511168,127,2286,0,50
1790872058368,127,4261412864,4133511168,127,2286,0,50
1790872058418,127,4261412864,4133511168,127,2286,0,50
1790872058468,127,4261412864,4133511168,127,2286,0,50
1790872058518,127,4261412864,4133511168,127,2286,0,50
1790872058568,127,4261412864,4133511168,127,2286,0,50
1790872058618,127,4261412864,4133511168,127,2286,0,50
1790872058668,127,4261412864,4133511168,127,2286,0,50
1790872058718,127,4261412864,4133511168,127,2286,0,50
1790872058768,127,4261412864,4133511168,127,2286,0,50
1790872058818,127,4261412864,4133511168,127,2286,0,50
1790872058868,127,4261412864,4133511168,127,2286,0,50
1790872058918,127,4261412864,4133511168,127,2286,0,50
1790872058968,127,4261412864,4133511168,127,2286,0,50
1790872059018,127,4261412864,4133511168,127,2286,0,50
1790872059068,127,4261412864,4133511168,127,2286,0,50
1790872059118,127,4261412864,4133511168,127,2286,0,50
1790872059168,127,4261412864,4133511168,127,2286,0,50
1790872059218,127,4261412864,4133511168,127,2286,0,50
1790872059268,127,4261412864,4133511168,127,2286,0,50
1790872059318,127,4261412864,4133511168,127,2286,0,50
1790872059368,127,4261412864,4133511168,127,2286,0,50
1790872059418,127,4261412864,4133511168,127,2286,0,50
1790872059468,127,4261412864,4133511168,127,2286,0,50
1790872059518,127,4261412864,4133511168,127,2286,0,50
1790872059568,127,4261412864,4133511168,127,2286,0,50
1790872059618,127,4261412864,4133511168,127,2286,0,50
1790872059668,127,4261412864,4133511168,127,2286,0,50
1790872059718,127,4261412864,4133511168,127,2286,0,50
1790872059768,127,4261412864,4133511168,127,2286,0,50
1790872059818,127,4261412864,4133511168,127,2286,0,50
1790872059868,127,4261412864,4133511168,127,2286,0,50
1790872059918,127,4261412864,4133511168,127,2286,0,50
1790872059968,127,4261412864,4133511168,127,2286,0,50
1790872060018,127,4261412864,4133511168,127,2286,0,50
1790872060068,127,4261412864,4133511168,127,2286,0,50
1790872060118,127,4261412864,4133511168,127,2286,0,50
1790872060168,127,4261412864,4133511168,127,2286,0,50
1790872060218,127,4261412864,4133511168,127,2286,0,50
1790872060268,127,4261412864,4133511168,127,2286,0,50
1790872060318,127,4261412864,4133511168,127,2286,0,50
1790872060368,127,4261412864,4133511168,127,2286,0,50
1790872060418,127,4261412864,4133511168,127,2286,0,50
1790872060468,127,4261412864,4133511168,127,2286,0,50
1790872060518,127,4261412864,4133511168,127,2286,0,50
1790872060568,127,4261412864,4133511168,127,2286,0,50
1790872060618,127,4261412864,4133511168,127,2286,0,50
1790872060668,127,4261412864,4133511168,127,2286,0,50
1790872060718,127,4261412864,4133511168,127,2286,0,50
1790872060768,127,4261412864,4133511168,127,2286,0,50
1790872060818,127,4261412864,4133511168,127,2286,0,50
1790872060868,127,4261412864,4133511168,127,2286,0,50
1790872060918,127,4261412864,4133511168,127,2286,0,50
1790872060968,127,4261412864,4133511168,127,2286,0,50
1790872061018,127,4261412864,4133511168,127,2286,0,50
1790872061068,127,4261412864,4133511168,127,2286,0,50
1790872061118,127,4261412864,4133511168,127,2286,0,50
1790872061168,127,4261412864,4133511168,127,2286,0,50
1790872061218,127,4261412864,4133511168,127,2286,0,50
1790872061268,127,4261412864,4133511168,127,2286,0,50
1790872061318,127,4261412864,4133511168,127,2286,0,50
1790872061368,127,4261412864,4133511168,127,2286,0,50
1790872061418,127,4261412864,4133511168,127,2286,0,50
1790872061468,127,4261412864,4133511168,127,2286,0,50
1790872061518,127,4261412864,4133511168,127,2286,0,50
1790872061568,127,4261412864,4133511168,127,2286,0,50
1790872061618,127,4261412864,4133511168,127,2286,0,50
1790872061668,127,4261412864,4133511168,127,2286,0,50
1790872061718,127,4261412864,4133511168,127,2286,0,50
1790872061768,127,4261412864,4133511168,127,2286,0,50
1790872061818,127,4261412864,4133511168,127,2286,0,50
1790872061868,127,4261412864,4133511168,127,2286,0,50
1790872061918,127,4261412864,4133511168,127,2286,0,50
1790872061968,127,4261412864,4133511168,127,2286,0,50
1790872062018,127,4261412864,4133511168,127,2286,0,50
1790872062068,127,4261412864,4133511168,127,2286,0,50
1790872062118,127,4261412864,4133511168,127,2286,0,50
1790872062168,127,4261412864,4133511168,127,2286,0,50
1790872062218,127,4261412864,4133511168,127,2286,0,50
1790872062268,127,4261412864,4133511168,127,2286,0,50
1790872062318,127,4261412864,4133511168,127,2286,0,50
1790872062368,127,4261412864,4133511168,127,2286,0,50
1790872062418,127,4261412864,4133511168,127,2286,0,50
1790872062468,127,4261412864,4133511168,127,2286,0,50
1790872062518,127,4261412864,4133511168,127,2286,0,50
1790872062568,127,4261412864,4133511168,127,2286,0,50
1790872062618,127,4261412864,4133511168,127,2286,0,50
1790872062668,127,4261412864,4133511168,127,2286,0,50
1790872062718,127,4261412864,4133511168,127,2286,0,50
1790872062768,127,4261412864,4133511168,127,2286,0,50
1790872062818,127,4261412864,4133511168,127,2286,0,50
1790872062868,127,4261412864,4133511168,127,2286,0,50
1790872062918,127,4261412864,4133511168,127,2286,0,50
1790872062968,127,4261412864,4133511168,127,2286,0,50
1790872063018,127,4261412864,4133511168,127,2286,0,50
1790872063068,127,4261412864,4133511168,127,2286,0,50
1790872063118,127,4261412864,4133511168,127,2286,0,50
1790872063168,127,4261412864,4133511168,127,2286,0,50
1790872063218,127,4261412864,4133511168,127,2286,0,50
1790872063268,127,4261412864,4133511168,127,2286,0,50
1790872063318,127,4261412864,4133511168,127,2286,0,50
1790872063368,127,4261412864,4133511168,127,2286,0,50
1790872063418,127,4261412864,4133511168,127,2286,0,50
1790872063468,127,4261412864,4133511168,127,2286,0,50
1790872063518,127,4261412864,4133511168,127,2286,0,50
1790872063568,127,4261412864,4133511168,127,2286,0,50
1790872063618,127,4261412864,4133511168,127,2286,0,50
1790872063668,127,4261412864,4133511168,127,2286,0,50
1790872063718,127,4261412864,4133511168,127,2286,0,50
1790872063768,127,4261412864,4133511168,127,2286,0,50
1790872063818,127,4261412864,4133511168,127,2286,0,50
1790872063868,127,4261412864,4133511168,127,2286,0,50
1790872063918,127,4261412864,4133511168,127,2286,0,50
1790872063968,127,4261412864,4133511168,127,2286,0,50
1790872064018,127,4261412864,4133511168,127,2286,0,50
1790872064068,127,4261412864,4133511168,127,2286,0,50
1790872064118,127,4261412864,4133511168,127,2286,0,50
1790872064168,127,4261412864,4133511168,127,2286,0,50
1790872064218,127,4261412864,4133511168,127,2286,0,50
1790872064268,127,4261412864,4133511168,127,2286,0,50
1790872064318,127,4261412864,4133511168,127,2286,0,50
1790872064368,127,4261412864,4133511168,127,2286,0,50
1790872064418,127,4261412864,4133511168,127,2286,0,50
1790872064468,127,4261412864,4133511168,127,2286,0,50
1790872064518,127,4261412864,4133511168,127,2286,0,50
1790872064568,127,4261412864,4133511168,127,2286,0,50
1790872064618,127,4261412864,4133511168,127,2286,0,50
1790872064668,127,4261412864,4133511168,127,2286,0,50
1790872064718,127,4261412864,4133511168,127,2286,0,50
1790872064768,127,4261412864,4133511168,127,2286,0,50
1790872064818,127,4261412864,4133511168,127,2286,0,50
1790872064868,127,4261412864,4133511168,127,2286,0,50
1790872064918,127,4261412864,4133511168,127,2286,0,50
1790872064968,127,4261412864,4133511168,127,2286,0,50
1790872065018,127,4261412864,4133511168,127,2286,0,50
1790872065068,127,4261412864,4133511168,127,2286,0,50
1790872065118,127,4261412864,4133511168,127,2286,0,50
1790872065168,127,4261412864,4133511168,127,2286,0,50
1790872065218,127,4261412864,4133511168,127,2286,0,50
1790872065268,127,4261412864,4133511168,127,2286,0,50
1790872065318,127,4261412864,4133511168,127,2286,0,50
1790872065368,127,4261412864,4133511168,127,2286,0,50
1790872065418,127,4261412864,4133511168,127,2286,0,50
1790872065468,127,4261412864,4133511168,127,2286,0,50
1790872065518,127,4261412864,4133511168,127,2286,0,50
1790872065568,127,4261412864,4133511168,127,2286,0,50
1790872065618,127,4261412864,4133511168,127,2286,0,50
1790872065668,127,4261412864,4133511168,127,2286,0,50
1790872065718,127,4261412864,4133511168,127,2286,0,50
1790872065768,127,4261412864,4133511168,127,2286,0,50
1790872065818,127,4261412864,4133511168,127,2286,0,50
1790872065868,127,4261412864,4133511168,127,2286,0,50
1790872065918,127,4261412864,4133511168,127,2286,0,50
1790872065968,127,4261412864,4133511168,127,2286,0,50
1790872066018,127,4261412864,4133511168,127,2286,0,50
1790872066068,127,4261412864,4133511168,127,2286,0,50
1790872066118,127,4261412864,4133511168,127,2286,0,50
1790872066168,127,4261412864,4133511168,127,2286,0,50
1790872066218,127,4261412864,4133511168,127,2286,0,50
1790872066268,127,4261412864,4133511168,127,2286,0,50
1790872066318,127,4261412864,4133511168,127,2286,0,50
1790872066368,127,4261412864,4133511168,127,2286,0,50
1790872066418,127,4261412864,4133511168,127,2286,0,50
1790872066468,127,4261412864,4133511168,127,2286,0,50
1790872066518,127,4261412864,4133511168,127,2286,0,50
1790872066568,127,4261412864,4133511168,127,2286,0,50
1790872066618,127,4261412864,4133511168,127,2286,0,50
1790872066668,127,4261412864,4133511168,127,2286,0,50
1790872066718,127,4261412864,4133511168,127,2286,0,50
1790872066768,127,4261412864,4133511168,127,2286,0,50
1790872066818,127,4261412864,4133511168,127,2286,0,50
1790872066868,127,4261412864,4133511168,127,2286,0,50
1790872066918,127,4261412864,4133511168,127,2286,0,50
1790872066968,127,4261412864,4133511168,127,2286,0,50
1790872067018,127,4261412864,4133511168,127,2286,0,50
1790872067068,127,4261412864,4133511168,127,2286,0,50
1790872067118,127,4261412864,4133511168,127,2286,0,50
1790872067168,127,4261412864,4133511168,127,2286,0,50
1790872067218,127,4261412864,4133511168,127,2286,0,50
1790872067268,127,4261412864,4133511168,127,2286,0,50
1790872067318,127,4261412864,4133511168,127,2286,0,50
1790872067368,127,4261412864,4133511168,127,2286,0,50
1790872067418,127,4261412864,4133511168,127,2286,0,50
1790872067468,127,4261412864,4133511168,127,2286,0,50
1790872067518,127,4261412864,4133511168,127,2286,0,50
1790872067568,127,4261412864,4133511168,127,2286,0,50
1790872067618,127,4261412864,4133511168,127,2286,0,50
1790872067668,127,4261412864,4133511168,127,2286,0,50
1790872067718,127,4261412864,4133511168,127,2286,0,50
1790872067768,127,4261412864,4133511168,127,2286,0,50
1790872067818,127,4261412864,4133511168,127,2286,0,50
1790872067868,127,4261412864,4133511168,127,2286,0,50
1790872067918,127,4261412864,4133511168,127,2286,0,50
1790872067968,127,4261412864,4133511168,127,2286,0,50
1790872068018,127,4261412864,4133511168,127,2286,0,50
1790872068068,127,4261412864,4133511168,127,2286,0,50
1790872068118,127,4261412864,4133511168,127,2286,0,50
1790872068168,127,4261412864,4133511168,127,2286,0,50
1790872068218,127,4261412864,4133511168,127,2286,0,50
1790872068268,127,4261412864,4133511168,127,2286,0,50
1790872068318,127,4261412864,4133511168,127,2286,0,50
1790872068368,127,4261412864,4133511168,127,2286,0,50
1790872068418,127,4261412864,4133511168,127,2286,0,50
1790872068468,127,4261412864,4133511168,127,2286,0,50
1790872068518,127,4261412864,4133511168,127,2286,0,50
1790872068568,127,4261412864,4133511168,127,2286,0,50
1790872068618,127,4261412864,4133511168,127,2286,0,50
1790872068668,127,4261412864,4133511168,127,2286,0,50
1790872068718,127,4261412864,4133511168,127,2286,0,50
1790872068768,127,4261412864,4133511168,127,2286,0,50
1790872068818,127,4261412864,4133511168,127,2286,0,50
1790872068868,127,4261412864,4133511168,127,2286,0,50
1790872068918,127,4261412864,4133511168,127,2286,0,50
1790872068968,127,4261412864,4133511168,127,2286,0,50
1790872069018,127,4261412864,4133511168,127,2286,0,50
1790872069068,127,4261412864,4133511168,127,2286,0,50
1790872069118,127,4261412864,4133511168,127,2286,0,50
1790872069168,127,4261412864,4133511168,127,2286,0,50
1790872069218,127,4261412864,4133511168,127,2286,0,50
1790872069268,127,4261412864,4133511168,127,2286,0,50
1790872069318,127,4261412864,4133511168,127,2286,0,50
1790872069368,127,4261412864,4133511168,127,2286,0,50
1790872069418,127,4261412864,4133511168,127,2286,0,50
1790872069468,127,4261412864,4133511168,127,2286,0,50
1790872069518,127,4261412864,4133511168,127,2286,0,50
1790872069568,127,4261412864,4133511168,127,2286,0,50
1790872069618,127,4261412864,4133511168,127,2286,0,50
1790872069668,127,4261412864,4133511168,127,2286,0,50
1790872069718,127,4261412864,4133511168,127,2286,0,50
1790872069768,127,4261412864,4133511168,127,2286,0,50
1790872069818,127,4261412864,4133511168,127,2286,0,50
1790872069868,127,4261412864,4133511168,127,2286,0,50
1790872069918,127,4261412864,4133511168,127,2286,0,50
1790872069968,127,4261412864,4133511168,127,2286,0,50
1790872070018,127,4261412864,4133511168,127,2286,0,50
1790872070068,127,4261412864,4133511168,127,2286,0,50
1790872070118,127,4261412864,4133511168,127,2286,0,50
1790872070168,127,4261412864,4133511168,127,2286,0,50
1790872070218,127,4261412864,4133511168,127,2286,0,50
1790872070268,127,4261412864,4133511168,127,2286,0,50
1790872070318,127,4261412864,4133511168,127,2286,0,50
1790872070368,127,4261412864,4133511168,127,2286,0,50
1790872070418,127,4261412864,4133511168,127,2286,0,50
1790872070468,127,4261412864,4133511168,127,2286,0,50
1790872070518,127,4261412864,4133511168,127,2286,0,50
1790872070568,127,4261412864,4133511168,127,2286,0,50
1790872070618,127,4261412864,4133511168,127,2286,0,50
1790872070668,127,4261412864,4133511168,127,2286,0,50
1790872070718,127,4261412864,4133511168,127,2286,0,50
1790872070768,127,4261412864,4133511168,127,2286,0,50
1790872070818,127,4261412864,4133511168,127,2286,0,50
1790872070868,127,4261412864,4133511168,127,2286,0,50
1790872070918,127,4261412864,4133511168,127,2286,0,50
1790872070968,127,4261412864,4133511168,127,2286,0,50
1790872071018,127,4261412864,4133511168,127,2286,0,50
1790872071068,127,4261412864,4133511168,127,2286,0,50
1790872071118,127,4261412864,4133511168,127,2286,0,50
1790872071168,127,4261412864,4133511168,127,2286,0,50
1790872071218,127,4261412864,4133511168,127,2286,0,50
1790872071268,127,4261412864,4133511168,127,2286,0,50
1790872071318,127,4261412864,4133511168,127,2286,0,50
1790872071368,127,4261412864,4133511168,127,2286,0,50
1790872071418,127,4261412864,4133511168,127,2286,0,50
1790872071468,127,4261412864,4133511168,127,2286,0,50
1790872071518,127,4261412864,4133511168,127,2286,0,50
1790872071568,127,4261412864,4133511168,127,2286,0,50
1790872071618,127,4261412864,4133511168,127,2286,0,50
1790872071668,127,4261412864,4133511168,127,2286,0,50
1790872071718,127,4261412864,4133511168,127,2286,0,50
1790872071768,127,4261412864,4133511168,127,2286,0,50
1790872071818,127,4261412864,4133511168,127,2286,0,50
1790872071868,127,4261412864,4133511168,127,2286,0,50
1790872071918,127,4261412864,4133511168,127,2286,0,50
1790872071968,127,4261412864,4133511168,127,2286,0,50
1790872072018,127,4261412864,4133511168,127,2286,0,50
1790872072068,127,4261412864,4133511168,127,2286,0,50
1790872072118,127,4261412864,4133511168,127,2286,0,50
1790872072168,127,4261412864,4133511168,127,2286,0,50
1790872072218,127,4261412864,4133511168,127,2286,0,50
1790872072268,127,4261412864,4133511168,127,2286,0,50
1790872072318,127,4261412864,4133511168,127,2286,0,50
1790872072368,127,4261412864,4133511168,127,2286,0,50
1790872072418,127,4261412864,4133511168,127,2286,0,50
1790872072468,127,4261412864,4133511168,127,2286,0,50
1790872072518,127,4261412864,4133511168,127,2286,0,50
1790872072568,127,4261412864,4133511168,127,2286,0,50
1790872072618,127,4261412864,4133511168,127,2286,0,50
1790872072668,127,4261412864,4133511168,127,2286,0,50
1790872072718,127,4261412864,4133511168,127,2286,0,50
1790872072768,127,4261412864,4133511168,127,2286,0,50
1790872072818,127,4261412864,4133511168,127,2286,0,50
1790872072868,127,4261412864,4133511168,127,2286,0,50
1790872072918,127,4261412864,4133511168,127,2286,0,50
1790872072968,127,4261412864,4133511168,127,2286,0,50
1790872073018,127,4261412864,4133511168,127,2286,0,50
1790872073068,127,4261412864,4133511168,127,2286,0,50
1790872073118,127,4261412864,4133511168,127,2286,0,50
1790872073168,127,4261412864,4133511168,127,2286,0,50
1790872073218,127,4261412864,4133511168,127,2286,0,50
1790872073268,127,4261412864,4133511168,127,2286,0,50
1790872073318,127,4261412864,4133511168,127,2286,0,50
1790872073368,127,4261412864,4133511168,127,2286,0,50
1790872073418,127,4261412864,4133511168,127,2286,0,50
1790872073468,127,4261412864,4133511168,127,2286,0,50
1790872073518,127,4261412864,4133511168,127,2286,0,50
1790872073568,127,4261412864,4133511168,127,2286,0,50
1790872073618,127,4261412864,4133511168,127,2286,0,50
1790872073668,127,4261412864,4133511168,127,2286,0,50
1790872073718,127,4261412864,4133511168,127,2286,0,50
1790872073768,127,4261412864,4133511168,127,2286,0,50
1790872073818,127,4261412864,4133511168,127,2286,0,50
1790872073868,127,4261412864,4133511168,127,2286,0,50
1790872073918,127,4261412864,4133511168,127,2286,0,50
1790872073968,127,4261412864,4133511168,127,2286,0,50
1790872074018,127,4261412864,4133511168,127,2286,0,50
1790872074068,127,4261412864,4133511168,127,2286,0,50
1790872074118,127,4261412864,4133511168,127,2286,0,50
1790872074168,127,4261412864,4133511168,127,2286,0,50
1790872074218,127,4261412864,4133511168,127,2286,0,50
1790872074268,127,4261412864,4133511168,127,2286,0,50
1790872074318,127,4261412864,4133511168,127,2286,0,50
1790872074368,127,4261412864,4133511168,127,2286,0,50
1790872074418,127,4261412864,4133511168,127,2286,0,50
1790872074468,127,4261412864,4133511168,127,2286,0,50
1790872074518,127,4261412864,4133511168,127,2286,0,50
1790872074568,127,4261412864,4133511168,127,2286,0,50
1790872074618,127,4261412864,4133511168,127,2286,0,50
1790872074668,127,4261412864,4133511168,127,2286,0,50
1790872074718,127,4261412864,4133511168,127,2286,0,50
1790872074768,127,4261412864,4133511168,127,2286,0,50
1790872074818,127,4261412864,4133511168,127,2286,0,50
1790872074868,127,4261412864,4133511168,127,2286,0,50
1790872074918,127,4261412864,4133511168,127,2286,0,50
1790872074968,127,4261412864,4133511168,127,2286,0,50
1790872075018,127,4261412864,4133511168,127,2286,0,50
1790872075068,127,4261412864,4133511168,127,2286,0,50
1790872075118,127,4261412864,4133511168,127,2286,0,50
1790872075168,127,4261412864,4133511168,127,2286,0,50
1790872075218,127,4261412864,4133511168,127,2286,0,50
1790872075268,127,4261412864,4133511168,127,2286,0,50
1790872075318,127,4261412864,4133511168,127,2286,0,50
1790872075368,127,4261412864,4133511168,127,2286,0,50
1790872075418,127,4261412864,4133511168,127,2286,0,50
1790872075468,127,4261412864,4133511168,127,2286,0,50
1790872075518,127,4261412864,4133511168,127,2286,0,50
1790872075568,127,4261412864,4133511168,127,2286,0,50
1790872075618,127,4261412864,4133511168,127,2286,0,50
1790872075668,127,4261412864,4133511168,127,2286,0,50
1790872075718,127,4261412864,4133511168,127,2286,0,50
1790872075768,127,4261412864,4133511168,127,2286,0,50
1790872075818,127,4261412864,4133511168,127,2286,0,50
1790872075868,127,4261412864,4133511168,127,2286,0,50
1790872075918,127,4261412864,4133511168,127,2286,0,50
1790872075968,127,4261412864,4133511168,127,2286,0,50
1790872076018,127,4261412864,4133511168,127,2286,0,50
1790872076068,127,4261412864,4133511168,127,2286,0,50
1790872076118,127,4261412864,4133511168,127,2286,0,50
1790872076168,127,4261412864,4133511168,127,2286,0,50
1790872076218,127,4261412864,4133511168,127,2286,0,50
1790872076268,127,4261412864,4133511168,127,2286,0,50
1790872076318,127,4261412864,4133511168,127,2286,0,50
1790872076368,127,4261412864,4133511168,127,2286,0,50
1790872076418,127,4261412864,4133511168,127,2286,0,50
1790872076468,127,4261412864,4133511168,127,2286,0,50
1790872076518,127,4261412864,4133511168,127,2286,0,50
1790872076568,127,4261412864,4133511168,127,2286,0,50
1790872076618,127,4261412864,4133511168,127,2286,0,50
1790872076668,127,4261412864,4133511168,127,2286,0,50
1790872076718,127,4261412864,4133511168,127,2286,0,50
1790872076768,127,4261412864,4133511168,127,2286,0,50
1790872076818,127,4261412864,4133511168,127,2286,0,50
1790872076868,127,4261412864,4133511168,127,2286,0,50
1790872076918,127,4261412864,4133511168,127,2286,0,50
1790872076968,127,4261412864,4133511168,127,2286,0,50
1790872077018,127,4261412864,4133511168,127,2286,0,50
1790872077068,127,4261412864,4133511168,127,2286,0,50
1790872077118,127,4261412864,4133511168,127,2286,0,50
1790872077168,127,4261412864,4133511168,127,2286,0,50
1790872077218,127,4261412864,4133511168,127,2286,0,50
1790872077268,127,4261412864,4133511168,127,2286,0,50
1790872077318,127,4261412864,4133511168,127,2286,0,50
1790872077368,127,4261412864,4133511168,127,2286,0,50
1790872077418,127,4261412864,4133511168,127,2286,0,50
1790872077468,127,4261412864,4133511168,127,2286,0,50
1790872077518,127,4261412864,4133511168,127,2286,0,50
1790872077568,127,4261412864,4133511168,127,2286,0,50
1790872077618,127,4261412864,4133511168,127,2286,0,50
1790872077668,127,4261412864,4133511168,127,2286,0,50
1790872077718,127,4261412864,4133511168,127,2286,0,50
1790872077768,127,4261412864,4133511168,127,2286,0,50
1790872077818,127,4261412864,4133511168,127,2286,0,50
1790872077868,127,4261412864,4133511168,127,2286,0,50
1790872077918,127,4261412864,4133511168,127,2286,0,50
1790872077968,127,4261412864,4133511168,127,2286,0,50
1790872078018,127,4261412864,4133511168,127,2286,0,50
1790872078068,127,4261412864,4133511168,127,2286,0,50
1790872078118,127,4261412864,4133511168,127,2286,0,50
1790872078168,127,4261412864,4133511168,127,2286,0,50
1790872078218,127,4261412864,4133511168,127,2286,0,50
1790872078268,127,4261412864,4133511168,127,2286,0,50
1790872078318,127,4261412864,4133511168,127,2286,0,50
1790872078368,127,4261412864,4133511168,127,2286,0,50
1790872078418,127,4261412864,4133511168,127,2286,0,50
1790872078468,127,4261412864,4133511168,127,2286,0,50
1790872078518,127,4261412864,4133511168,127,2286,0,50
1790872078568,127,4261412864,4133511168,127,2286,0,50
1790872078618,127,4261412864,4133511168,127,2286,0,50
1790872078668,127,4261412864,4133511168,127,2286,0,50
1790872078718,127,4261412864,4133511168,127,2286,0,50
1790872078768,127,4261412864,4133511168,127,2286,0,50
1790872078818,127,4261412864,4133511168,127,2286,0,50
1790872078868,127,4261412864,4133511168,127,2286,0,50
1790872078918,127,4261412864,4133511168,127,2286,0,50
1790872078968,127,4261412864,4133511168,127,2286,0,50
1790872079018,127,4261412864,4133511168,127,2286,0,50
1790872079068,127,4261412864,4133511168,127,2286,0,50
1790872079118,127,4261412864,4133511168,127,2286,0,50
1790872079168,127,4261412864,4133511168,127,2286,0,50
1790872079218,127,4261412864,4133511168,127,2286,0,50
1790872079268,127,4261412864,4133511168,127,2286,0,50
1790872079318,127,4261412864,4133511168,127,2286,0,50
1790872079368,127,4261412864,4133511168,127,2286,0,50
1790872079418,127,4261412864,4133511168,127,2286,0,50
1790872079468,127,4261412864,4133511168,127,2286,0,50
1790872079518,127,4261412864,4133511168,127,2286,0,50
1790872079568,127,4261412864,4133511168,127,2286,0,50
1790872079618,127,4261412864,4133511168,127,2286,0,50
1790872079668,127,4261412864,4133511168,127,2286,0,50
1790872079718,127,4261412864,4133511168,127,2286,0,50
1790872079768,127,4261412864,4133511168,127,2286,0,50
1790872079818,127,4261412864,4133511168,127,2286,0,50
1790872079868,127,4261412864,4133511168,127,2286,0,50
1790872079918,127,4261412864,4133511168,127,2286,0,50
1790872079968,127,4261412864,4133511168,127,2286,0,50
1790872080018,127,4261412864,4133511168,127,2286,0,50
1790872080068,127,4261412864,4133511168,127,2286,0,50
1790872080118,127,4261412864,4133511168,127,2286,0,50
1790872080168,127,4261412864,4133511168,127,2286,0,50
1790872080218,127,4261412864,4133511168,127,2286,0,50
1790872080268,127,4261412864,4133511168,127,2286,0,50
1790872080318,127,4261412864,4133511168,127,2286,0,50
1790872080368,127,4261412864,4133511168,127,2286,0,50
1790872080418,127,4261412864,4133511168,127,2286,0,50
1790872080468,127,4261412864,4133511168,127,2286,0,50
1790872080518,127,4261412864,4133511168,127,2286,0,50
1790872080568,127,4261412864,4133511168,127,2286,0,50
1790872080618,127,4261412864,4133511168,127,2286,0,50
1790872080668,127,4261412864,4133511168,127,2286,0,50
1790872080718,127,4261412864,4133511168,127,2286,0,50
1790872080768,127,4261412864,4133511168,127,2286,0,50
1790872080818,127,4261412864,4133511168,127,2286,0,50
1790872080868,127,4261412864,4133511168,127,2286,0,50
1790872080918,127,4261412864,4133511168,127,2286,0,50
1790872080968,127,4261412864,4133511168,127,2286,0,50
1790872081018,127,4261412864,4133511168,127,2286,0,50
1790872081068,127,4261412864,4133511168,127,2286,0,50
1790872081118,127,4261412864,4133511168,127,2286,0,50
1790872081168,127,4261412864,4133511168,127,2286,0,50
1790872081218,127,4261412864,4133511168,127,2286,0,50
1790872081268,127,4261412864,4133511168,127,2286,0,50
1790872081318,127,4261412864,4133511168,127,2286,0,50
1790872081368,127,4261412864,4133511168,127,2286,0,50
1790872081418,127,4261412864,4133511168,127,2286,0,50
1790872081468,127,4261412864,4133511168,127,2286,0,50
1790872081518,127,4261412864,4133511168,127,2286,0,50
1790872081568,127,4261412864,4133511168,127,2286,0,50
1790872081618,127,4261412864,4133511168,127,2286,0,50
1790872081668,127,4261412864,4133511168,127,2286,0,50
1790872081718,127,4261412864,4133511168,127,2286,0,50
1790872081768,127,4261412864,4133511168,127,2286,0,50
1790872081818,127,4261412864,4133511168,127,2286,0,50
1790872081868,127,4261412864,4133511168,127,2286,0,50
1790872081918,127,4261412864,4133511168,127,2286,0,50
1790872081968,127,4261412864,4133511168,127,2286,0,50
1790872082018,127,4261412864,4133511168,127,2286,0,50
1790872082068,127,4261412864,4133511168,127,2286,0,50
1790872082118,127,4261412864,4133511168,127,2286,0,50
1790872082168,127,4261412864,4133511168,127,2286,0,50
1790872082218,127,4261412864,4133511168,127,2286,0,50
1790872082268,127,4261412864,4133511168,127,2286,0,50
1790872082318,127,4261412864,4133511168,127,2286,0,50
1790872082368,127,4261412864,4133511168,127,2286,0,50
1790872082418,127,4261412864,4133511168,127,2286,0,50
1790872082468,127,4261412864,4133511168,127,2286,0,50
1790872082518,127,4261412864,4133511168,127,2286,0,50
1790872082568,127,4261412864,4133511168,127,2286,0,50
1790872082618,127,4261412864,4133511168,127,2286,0,50
1790872082668,127,4261412864,4133511168,127,2286,0,50
1790872082718,127,4261412864,4133511168,127,2286,0,50
1790872082768,127,4261412864,4133511168,127,2286,0,50
1790872082818,127,4261412864,4133511168,127,2286,0,50
1790872082868,127,4261412864,4133511168,127,2286,0,50
1790872082918,127,4261412864,4133511168,127,2286,0,50
1790872082968,127,4261412864,4133511168,127,2286,0,50
1790872083018,127,4261412864,4133511168,127,2286,0,50
1790872083068,127,4261412864,4133511168,127,2286,0,50
1790872083118,127,4261412864,4133511168,127,2286,0,50
1790872083168,127,4261412864,4133511168,127,2286,0,50
1790872083218,127,4261412864,4133511168,127,2286,0,50
1790872083268,127,4261412864,4133511168,127,2286,0,50
1790872083318,127,4261412864,4133511168,127,2286,0,50
1790872083368,127,4261412864,4133511168,127,2286,0,50
1790872083418,127,4261412864,4133511168,127,2286,0,50
1790872083468,127,4261412864,4133511168,127,2286,0,50
1790872083518,127,4261412864,4133511168,127,2286,0,50
1790872083568,127,4261412864,4133511168,127,2286,0,50
1790872083618,127,4261412864,4133511168,127,2286,0,50
1790872083668,127,4261412864,4133511168,127,2286,0,50
1790872083718,127,4261412864,4133511168,127,2286,0,50
1790872083768,127,4261412864,4133511168,127,2286,0,50
1790872083818,127,4261412864,4133511168,127,2286,0,50
1790872083868,127,4261412864,4133511168,127,2286,0,50
1790872083918,127,4261412864,4133511168,127,2286,0,50
1790872083968,127,4261412864,4133511168,127,2286,0,50
1790872084018,127,4261412864,4133511168,127,2286,0,50
1790872084068,127,4261412864,4133511168,127,2286,0,50
1790872084118,127,4261412864,4133511168,127,2286,0,50
1790872084168,127,4261412864,4133511168,127,2286,0,50
1790872084218,127,4261412864,4133511168,127,2286,0,50
1790872084268,127,4261412864,4133511168,127,2286,0,50
1790872084318,127,4261412864,4133511168,127,2286,0,50
1790872084368,127,4261412864,4133511168,127,2286,0,50
1790872084418,127,4261412864,4133511168,127,2286,0,50
1790872084468,127,4261412864,4133511168,127,2286,0,50
1790872084518,127,4261412864,4133511168,127,2286,0,50
1790872084568,127,4261412864,4133511168,127,2286,0,50
1790872084618,127,4261412864,4133511168,127,2286,0,50
1790872084668,127,4261412864,4133511168,127,2286,0,50
1790872084718,127,4261412864,4133511168,127,2286,0,50
1790872084768,127,4261412864,4133511168,127,2286,0,50
1790872084818,127,4261412864,4133511168,127,2286,0,50
1790872084868,127,4261412864,4133511168,127,2286,0,50
1790872084918,127,4261412864,4133511168,127,2286,0,50
1790872084968,127,4261412864,4133511168,127,2286,0,50
1790872085018,127,4261412864,4133511168,127,2286,0,50
1790872085068,127,4261412864,4133511168,127,2286,0,50
1790872085118,127,4261412864,4133511168,127,2286,0,50
1790872085168,127,4261412864,4133511168,127,2286,0,50
1790872085218,127,4261412864,4133511168,127,2286,0,50
1790872085268,127,4261412864,4133511168,127,2286,0,50
1790872085318,127,4261412864,4133511168,127,2286,0,50
1790872085368,124,4160749568,4035805184,125,2250,0,50
1790872085418,120,4026531840,3905617920,121,2178,0,50
1790872085468,116,3892314112,3775430656,117,2106,0,50
1790872085518,112,3758096384,3645243392,113,2034,0,50
1790872085568,108,3623878656,3515056128,109,1962,0,50
1790872085618,104,3489660928,3384868864,104,1872,0,50
1790872085668,100,3355443200,3254681600,100,1800,0,50
1790872085718,96,3221225472,3124494336,96,1728,0,50
1790872085768,91,3053453312,2961760256,92,1656,0,50
1790872085818,87,2919235584,2831572992,88,1584,0,50
1790872085868,83,2785017856,2701385728,84,1512,0,50
1790872085918,79,2650800128,2571198464,80,1440,0,50
1790872085968,75,2516582400,2441011200,76,1368,0,50
1790872086018,71,2382364672,2310823936,72,1296,0,50
1790872086068,67,2248146944,2180636672,68,1224,0,50
1790872086118,63,2113929216,2050449408,64,1152,0,50
1790872086168,59,1979711488,1920262144,59,1062,0,50
1790872086218,55,1845493760,1790074880,55,990,0,50
1790872086268,51,1711276032,1659887616,51,918,0,50
1790872086318,46,1543503872,1497153536,47,846,0,50
1790872086368,42,1409286144,1366966272,43,774,0,50
1790872086418,34,1140850688,1106591744,34,612,0,50
1790872086468,26,872415232,846217216,26,468,0,50
1790872086518,18,603979776,585842688,18,324,0,50
1790872086568,10,335544320,325468160,10,180,0,50
1790872086618,1,33554432,32546816,1,18,0,50
1790872086668,0,0,0,0,0,0,50
1790872086718,0,0,0,0,0,0,50
1790872086768,0,0,0,0,0,0,50
1790872086818,0,0,0,0,0,0,50
1790872086868,0,0,0,0,0,0,50
1790872086918,0,0,0,0,0,0,50
1790872086968,0,0,0,0,0,0,50
1790872087018,0,0,0,0,0,0,50
1790872087068,0,0,0,0,0,0,50
1790872087118,0,0,0,0,0,0,50
1790872087168,0,0,0,0,0,0,50
1790872087218,0,0,0,0,0,0,50
1790872087268,0,0,0,0,0,0,50
1790872087318,0,0,0,0,0,0,50
1790872087368,0,0,0,0,0,0,50
1790872087418,0,0,0,0,0,0,50
1790872087468,0,0,0,0,0,0,50
1790872087518,0,0,0,0,0,0,50
1790872087568,0,0,0,0,0,0,50
1790872087618,0,0,0,0,0,0,50
1790872087668,0,0,0,0,0,0,50
1790872087718,0,0,0,0,0,0,50
1790872087768,0,0,0,0,0,0,50
1790872087818,0,0,0,0,0,0,50
1790872087868,0,0,0,0,0,0,50
1790872087918,0,0,0,0,0,0,50
1790872087968,0,0,0,0,0,0,50
1790872088018,0,0,0,0,0,0,50
1790872088068,0,0,0,0,0,0,50
1790872088118,0,0,0,0,0,0,50
1790872088168,1,33554432,5984256,0,0,0,50
1790872088218,1,33554432,5984256,0,0,0,50
1790872088268,1,33554432,5984256,0,0,0,50
1790872088318,1,33554432,5984256,0,0,0,50
1790872088368,1,33554432,5984256,0,0,0,50
1790872088418,1,33554432,5984256,0,0,0,50
1790872088468,1,33554432,5984256,0,0,0,50
1790872088518,1,33554432,5984256,0,0,0,50
1790872088568,1,33554432,5984256,0,0,0,50
1790872088618,1,33554432,5984256,0,0,0,50
1790872088668,1,33554432,5984256,0,0,0,50
1790872088718,1,33554432,5984256,0,0,0,50
1790872088768,1,33554432,5984256,0,0,0,50
1790872088818,1,33554432,5984256,0,0,0,50
1790872088868,1,33554432,5984256,0,0,0,50
1790872088918,1,33554432,5984256,0,0,0,50
1790872088968,1,33554432,5984256,0,0,0,50
1790872089018,1,33554432,5984256,0,0,0,50
1790872089068,1,33554432,5984256,0,0,0,50
1790872089118,1,33554432,5984256,0,0,0,50
1790872089168,1,33554432,5984256,0,0,0,50
1790872089218,1,33554432,5984256,0,0,0,50
1790872089268,1,33554432,5984256,0,0,0,50
1790872089318,1,33554432,5984256,0,0,0,50
1790872089368,1,33554432,5984256,0,0,0,50
1790872089418,1,33554432,5984256,0,0,0,50
1790872089468,1,33554432,5984256,0,0,0,50
1790872089518,1,33554432,5984256,0,0,0,50
1790872089568,1,33554432,5984256,0,0,0,50
1790872089618,1,33554432,5984256,0,0,0,50
1790872089668,1,33554432,5984256,0,0,0,50
1790872089718,1,33554432,5984256,0,0,0,50
1790872089768,1,33554432,5984256,0,0,0,50
1790872089818,1,33554432,5984256,0,0,0,50
1790872089868,1,33554432,5984256,0,0,0,50
1790872089918,1,33554432,5984256,0,0,0,50
1790872089968,1,33554432,5984256,0,0,0,50
1790872090018,1,33554432,5984256,0,0,0,50
1790872090068,1,33554432,5984256,0,0,0,50
1790872090118,1,33554432,5984256,0,0,0,50
1790872090168,1,33554432,5984256,0,0,0,50
1790872090218,1,33554432,5984256,0,0,0,50
1790872090268,1,33554432,5984256,0,0,0,50
1790872090318,1,33554432,5984256,0,0,0,50
1790872090368,1,33554432,5984256,1,7,0,50
1790872090418,1,33554432,5984256,1,7,0,50
1790872090468,1,33554432,5984256,1,7,0,50
1790872090518,1,33554432,5984256,1,7,0,50
1790872090568,1,33554432,5984256,1,7,0,50
1790872090618,1,33554432,5984256,1,7,0,50
1790872090668,1,33554432,5984256,1,7,0,50
1790872090718,1,33554432,5984256,1,7,0,50
