ms,links,link_bytes,link_alloc_bytes,idx_files,idx_bytes,other_files,gap_ms
1790872737868,2,67108864,69632,0,0,0,0
1790872737918,2,67108864,69632,0,0,0,50
1790872737968,2,67108864,69632,0,0,0,50
1790872738018,2,67108864,69632,0,0,0,50
1790872738068,2,67108864,69632,0,0,0,50
1790872738118,2,67108864,69632,0,0,0,50
1790872738168,2,67108864,69632,0,0,0,50
1790872738218,2,67108864,69632,0,0,0,50
1790872738268,2,67108864,69632,0,0,0,50
1790872738318,2,67108864,69632,0,0,0,50
1790872738368,2,67108864,69632,0,0,0,50
1790872738418,2,67108864,69632,0,0,0,50
1790872738468,2,67108864,69632,0,0,0,50
1790872738518,2,67108864,69632,0,0,0,50
1790872738568,2,67108864,69632,0,0,0,50
1790872738618,2,67108864,69632,0,0,0,50
1790872738668,2,67108864,69632,0,0,0,50
1790872738718,2,67108864,69632,0,0,0,50
1790872738768,2,67108864,69632,0,0,0,50
1790872738818,2,67108864,69632,0,0,0,50
1790872738868,2,67108864,69632,0,0,0,50
1790872738918,2,67108864,69632,0,0,0,50
1790872738968,2,67108864,69632,0,0,0,50
1790872739018,2,67108864,69632,0,0,0,50
1790872739068,2,67108864,69632,0,0,0,50
1790872739118,2,67108864,69632,0,0,0,50
1790872739168,2,67108864,69632,0,0,0,50
1790872739218,2,67108864,69632,0,0,0,50
1790872739268,2,67108864,69632,0,0,0,50
1790872739318,2,67108864,69632,0,0,0,50
1790872739368,2,67108864,69632,0,0,0,50
1790872739418,2,67108864,69632,0,0,0,50
1790872739468,2,67108864,69632,0,0,0,50
1790872739518,2,67108864,69632,0,0,0,50
1790872739568,2,67108864,69632,0,0,0,50
1790872739618,2,67108864,69632,0,0,0,50
1790872739668,2,67108864,69632,0,0,0,50
1790872739718,2,67108864,69632,0,0,0,50
1790872739768,2,67108864,69632,0,0,0,50
1790872739818,2,67108864,69632,0,0,0,50
1790872739868,2,67108864,69632,0,0,0,50
1790872739918,2,67108864,69632,0,0,0,50
1790872739968,2,67108864,69632,0,0,0,50
1790872740018,2,67108864,69632,0,0,0,50
1790872740068,2,67108864,69632,0,0,0,50
1790872740118,2,67108864,69632,0,0,0,50
1790872740168,2,67108864,69632,0,0,0,50
1790872740218,2,67108864,69632,0,0,0,50
1790872740268,2,67108864,69632,0,0,0,50
1790872740318,2,67108864,69632,0,0,0,50
1790872740368,2,67108864,69632,0,0,0,50
1790872740418,2,67108864,69632,0,0,0,50
1790872740468,2,67108864,69632,0,0,0,50
1790872740518,2,67108864,69632,0,0,0,50
1790872740568,2,67108864,69632,0,0,0,50
1790872740618,2,67108864,69632,0,0,0,50
1790872740668,2,67108864,69632,0,0,0,50
1790872740718,2,67108864,69632,0,0,0,50
1790872740768,2,67108864,69632,0,0,0,50
1790872740818,2,67108864,69632,0,0,0,50
1790872740868,2,67108864,69632,0,0,0,50
1790872740918,2,67108864,69632,0,0,0,50
1790872740968,2,67108864,69632,0,0,0,50
1790872741018,2,67108864,69632,0,0,0,50
1790872741068,2,67108864,69632,0,0,0,50
1790872741118,2,67108864,69632,0,0,0,50
1790872741168,2,67108864,69632,0,0,0,50
1790872741218,2,67108864,69632,0,0,0,50
1790872741268,2,67108864,69632,0,0,0,50
1790872741318,2,67108864,69632,0,0,0,50
1790872741368,2,67108864,69632,0,0,0,50
1790872741418,2,67108864,69632,0,0,0,50
1790872741468,2,67108864,69632,0,0,0,50
1790872741518,2,67108864,69632,0,0,0,50
1790872741568,2,67108864,69632,0,0,0,50
1790872741618,2,67108864,69632,0,0,0,50
1790872741668,2,67108864,69632,0,0,0,50
1790872741718,2,67108864,69632,0,0,0,50
1790872741768,2,67108864,69632,0,0,0,50
1790872741818,2,67108864,69632,0,0,0,50
1790872741868,2,67108864,69632,0,0,0,50
1790872741918,2,67108864,69632,0,0,0,50
1790872741968,2,67108864,69632,0,0,0,50
1790872742018,2,67108864,69632,0,0,0,50
1790872742068,2,67108864,69632,0,0,0,50
1790872742118,2,67108864,69632,0,0,0,50
1790872742168,2,67108864,69632,0,0,0,50
1790872742218,2,67108864,69632,0,0,0,50
1790872742268,2,67108864,69632,0,0,0,50
1790872742318,2,67108864,69632,0,0,0,50
1790872742368,2,67108864,69632,0,0,0,50
1790872742418,2,67108864,69632,0,0,0,50
1790872742468,2,67108864,69632,0,0,0,50
1790872742518,2,67108864,69632,0,0,0,50
1790872742568,2,67108864,69632,0,0,0,50
1790872742618,2,67108864,69632,0,0,0,50
1790872742668,2,67108864,69632,0,0,0,50
1790872742718,2,67108864,69632,0,0,0,50
1790872742768,2,67108864,69632,0,0,0,50
1790872742818,2,67108864,69632,0,0,0,50
1790872742868,2,67108864,69632,0,0,0,50
1790872742918,2,67108864,69632,0,0,0,50
1790872742968,2,67108864,69632,0,0,0,50
1790872743018,2,67108864,69632,0,0,0,50
1790872743068,2,67108864,69632,0,0,0,50
1790872743118,2,67108864,69632,0,0,0,50
1790872743168,2,67108864,69632,0,0,0,50
1790872743218,2,67108864,69632,0,0,0,50
1790872743268,2,67108864,69632,0,0,0,50
1790872743318,2,67108864,69632,0,0,0,50
1790872743368,2,67108864,69632,0,0,0,50
1790872743418,2,67108864,69632,0,0,0,50
1790872743468,2,67108864,69632,0,0,0,50
1790872743518,2,67108864,69632,0,0,0,50
1790872743568,2,67108864,69632,0,0,0,50
1790872743618,2,67108864,69632,0,0,0,50
1790872743668,2,67108864,69632,0,0,0,50
1790872743718,2,67108864,69632,0,0,0,50
1790872743768,2,67108864,69632,0,0,0,50
1790872743818,2,67108864,69632,0,0,0,50
1790872743868,2,67108864,69632,0,0,0,50
1790872743918,2,67108864,69632,0,0,0,50
1790872743968,2,67108864,69632,0,0,0,50
1790872744018,2,67108864,69632,0,0,0,50
1790872744068,2,67108864,69632,0,0,0,50
1790872744118,2,67108864,69632,0,0,0,50
1790872744168,2,67108864,69632,0,0,0,50
1790872744218,2,67108864,69632,0,0,0,50
1790872744268,2,67108864,69632,0,0,0,50
1790872744318,2,67108864,69632,0,0,0,50
1790872744368,2,67108864,69632,0,0,0,50
1790872744418,2,67108864,69632,0,0,0,50
1790872744468,2,67108864,69632,0,0,0,50
1790872744518,2,67108864,69632,0,0,0,50
1790872744568,2,67108864,69632,0,0,0,50
1790872744618,2,67108864,69632,0,0,0,50
1790872744668,2,67108864,69632,0,0,0,50
1790872744718,2,67108864,69632,0,0,0,50
1790872744768,2,67108864,69632,0,0,0,50
1790872744818,2,67108864,69632,0,0,0,50
1790872744868,2,67108864,69632,0,0,0,50
1790872744918,2,67108864,69632,0,0,0,50
1790872744968,2,67108864,69632,0,0,0,50
1790872745018,2,67108864,69632,0,0,0,50
1790872745068,2,67108864,69632,0,0,0,50
1790872745118,2,67108864,69632,0,0,0,50
1790872745168,2,67108864,69632,0,0,0,50
1790872745218,2,67108864,69632,0,0,0,50
1790872745268,2,67108864,69632,0,0,0,50
1790872745318,2,67108864,69632,0,0,0,50
1790872745368,2,67108864,69632,0,0,0,50
1790872745418,2,67108864,69632,0,0,0,50
1790872745468,2,67108864,69632,0,0,0,50
1790872745518,2,67108864,69632,0,0,0,50
1790872745568,2,67108864,69632,0,0,0,50
1790872745618,2,67108864,69632,0,0,0,50
1790872745668,2,67108864,69632,0,0,0,50
1790872745718,2,67108864,69632,0,0,0,50
1790872745768,2,67108864,69632,0,0,0,50
1790872745818,2,67108864,69632,0,0,0,50
1790872745868,2,67108864,69632,0,0,0,50
1790872745918,2,67108864,69632,0,0,0,50
1790872745968,2,67108864,69632,0,0,0,50
1790872746018,2,67108864,69632,0,0,0,50
1790872746068,2,67108864,69632,0,0,0,50
1790872746118,2,67108864,69632,0,0,0,50
1790872746168,2,67108864,69632,0,0,0,50
1790872746218,2,67108864,69632,0,0,0,50
1790872746268,2,67108864,69632,0,0,0,50
1790872746318,2,67108864,69632,0,0,0,50
1790872746368,2,67108864,69632,0,0,0,50
1790872746418,2,67108864,69632,0,0,0,50
1790872746468,2,67108864,69632,0,0,0,50
1790872746518,2,67108864,69632,0,0,0,50
1790872746568,2,67108864,69632,0,0,0,50
1790872746618,2,67108864,69632,0,0,0,50
1790872746668,2,67108864,69632,0,0,0,50
1790872746718,2,67108864,69632,0,0,0,50
1790872746768,2,67108864,69632,0,0,0,50
1790872746818,2,67108864,69632,0,0,0,50
1790872746868,2,67108864,69632,0,0,0,50
1790872746918,2,67108864,69632,0,0,0,50
1790872746968,2,67108864,69632,0,0,0,50
1790872747018,2,67108864,69632,0,0,0,50
1790872747068,2,67108864,69632,0,0,0,50
1790872747118,2,67108864,69632,0,0,0,50
1790872747168,2,67108864,69632,0,0,0,50
1790872747218,2,67108864,69632,0,0,0,50
1790872747268,2,67108864,69632,0,0,0,50
1790872747318,2,67108864,69632,0,0,0,50
1790872747368,2,67108864,69632,0,0,0,50
1790872747418,2,67108864,69632,0,0,0,50
1790872747468,2,67108864,69632,0,0,0,50
1790872747518,2,67108864,69632,0,0,0,50
1790872747568,2,67108864,69632,0,0,0,50
1790872747618,2,67108864,69632,0,0,0,50
1790872747668,2,67108864,69632,0,0,0,50
1790872747718,2,67108864,69632,0,0,0,50
1790872747768,2,67108864,69632,0,0,0,50
1790872747818,2,67108864,69632,0,0,0,50
1790872747868,2,67108864,69632,0,0,0,50
1790872747918,2,67108864,69632,0,0,0,50
1790872747968,2,67108864,69632,0,0,0,50
1790872748018,2,67108864,69632,0,0,0,50
1790872748068,2,67108864,69632,0,0,0,50
1790872748118,2,67108864,69632,0,0,0,50
1790872748168,2,67108864,69632,0,0,0,50
1790872748218,2,67108864,69632,0,0,0,50
1790872748268,2,67108864,69632,0,0,0,50
1790872748318,2,67108864,69632,0,0,0,50
1790872748368,2,67108864,69632,0,0,0,50
1790872748418,2,67108864,69632,0,0,0,50
1790872748468,2,67108864,69632,0,0,0,50
1790872748518,2,67108864,69632,0,0,0,50
1790872748568,2,67108864,69632,0,0,0,50
1790872748618,2,67108864,69632,0,0,0,50
1790872748668,2,67108864,69632,0,0,0,50
1790872748718,2,67108864,69632,0,0,0,50
1790872748768,2,67108864,69632,0,0,0,50
1790872748818,2,67108864,69632,0,0,0,50
1790872748868,2,67108864,69632,0,0,0,50
1790872748918,2,67108864,69632,0,0,0,50
1790872748968,2,67108864,69632,0,0,0,50
1790872749018,2,67108864,69632,0,0,0,50
1790872749068,2,67108864,69632,0,0,0,50
1790872749118,2,67108864,69632,0,0,0,50
1790872749168,2,67108864,69632,0,0,0,50
1790872749218,2,67108864,69632,0,0,0,50
1790872749268,2,67108864,69632,0,0,0,50
1790872749318,2,67108864,69632,0,0,0,50
1790872749368,2,67108864,69632,0,0,0,50
1790872749418,2,67108864,69632,0,0,0,50
1790872749468,2,67108864,69632,0,0,0,50
1790872749518,2,67108864,69632,0,0,0,50
1790872749568,2,67108864,69632,0,0,0,50
1790872749618,2,67108864,69632,0,0,0,50
1790872749668,2,67108864,69632,0,0,0,50
1790872749718,2,67108864,69632,0,0,0,50
1790872749768,2,67108864,69632,0,0,0,50
1790872749818,2,67108864,69632,0,0,0,50
1790872749868,2,67108864,69632,0,0,0,50
1790872749918,2,67108864,69632,0,0,0,50
1790872749968,2,67108864,69632,0,0,0,50
1790872750018,2,67108864,69632,0,0,0,50
1790872750068,2,67108864,69632,0,0,0,50
1790872750118,2,67108864,69632,0,0,0,50
1790872750168,2,67108864,69632,0,0,0,50
1790872750218,2,67108864,69632,0,0,0,50
1790872750268,2,67108864,69632,0,0,0,50
1790872750318,2,67108864,69632,0,0,0,50
1790872750368,2,67108864,69632,0,0,0,50
1790872750418,2,67108864,69632,0,0,0,50
1790872750468,2,67108864,69632,0,0,0,50
1790872750518,2,67108864,69632,0,0,0,50
1790872750568,2,67108864,69632,0,0,0,50
1790872750618,2,67108864,69632,0,0,0,50
1790872750668,2,67108864,69632,0,0,0,50
1790872750718,2,67108864,69632,0,0,0,50
1790872750768,2,67108864,69632,0,0,0,50
1790872750818,2,67108864,69632,0,0,0,50
1790872750868,2,67108864,69632,0,0,0,50
1790872750918,2,67108864,69632,0,0,0,50
1790872750968,2,67108864,69632,0,0,0,50
1790872751018,2,67108864,69632,0,0,0,50
1790872751068,2,67108864,69632,0,0,0,50
1790872751118,2,67108864,69632,0,0,0,50
1790872751168,2,67108864,69632,0,0,0,50
1790872751218,2,67108864,69632,0,0,0,50
1790872751268,2,67108864,69632,0,0,0,50
1790872751318,2,67108864,69632,0,0,0,50
1790872751368,2,67108864,69632,0,0,0,50
1790872751418,2,67108864,69632,0,0,0,50
1790872751468,2,67108864,69632,0,0,0,50
1790872751518,2,67108864,69632,0,0,0,50
1790872751568,2,67108864,69632,0,0,0,50
1790872751618,2,67108864,69632,0,0,0,50
1790872751668,2,67108864,69632,0,0,0,50
1790872751718,2,67108864,69632,0,0,0,50
1790872751768,2,67108864,69632,0,0,0,50
1790872751818,2,67108864,69632,0,0,0,50
1790872751868,2,67108864,69632,0,0,0,50
1790872751918,2,67108864,69632,0,0,0,50
1790872751968,2,67108864,69632,0,0,0,50
1790872752018,2,67108864,69632,0,0,0,50
1790872752068,2,67108864,69632,0,0,0,50
1790872752118,2,67108864,69632,0,0,0,50
1790872752168,2,67108864,69632,0,0,0,50
1790872752218,2,67108864,69632,0,0,0,50
1790872752268,2,67108864,69632,0,0,0,50
1790872752318,2,67108864,69632,0,0,0,50
1790872752368,2,67108864,69632,0,0,0,50
1790872752418,2,67108864,69632,0,0,0,50
1790872752468,2,67108864,69632,0,0,0,50
1790872752518,2,67108864,69632,0,0,0,50
1790872752568,2,67108864,69632,0,0,0,50
1790872752618,2,67108864,69632,0,0,0,50
1790872752668,2,67108864,69632,0,0,0,50
1790872752718,2,67108864,69632,0,0,0,50
1790872752768,2,67108864,69632,0,0,0,50
1790872752818,2,67108864,69632,0,0,0,50
1790872752868,2,67108864,69632,0,0,0,50
1790872752918,2,67108864,69632,0,0,0,50
1790872752968,2,67108864,69632,0,0,0,50
1790872753018,2,67108864,69632,0,0,0,50
1790872753068,2,67108864,69632,0,0,0,50
1790872753118,2,67108864,69632,0,0,0,50
1790872753168,2,67108864,69632,0,0,0,50
1790872753218,2,67108864,69632,0,0,0,50
1790872753268,2,67108864,69632,0,0,0,50
1790872753318,2,67108864,69632,0,0,0,50
1790872753368,2,67108864,69632,0,0,0,50
1790872753418,2,67108864,69632,0,0,0,50
1790872753468,2,67108864,69632,0,0,0,50
1790872753518,2,67108864,69632,0,0,0,50
1790872753568,2,67108864,69632,0,0,0,50
1790872753618,2,67108864,69632,0,0,0,50
1790872753668,2,67108864,69632,0,0,0,50
1790872753718,2,67108864,69632,0,0,0,50
1790872753768,2,67108864,69632,0,0,0,50
1790872753818,2,67108864,69632,0,0,0,50
1790872753868,2,67108864,69632,0,0,0,50
1790872753918,2,67108864,69632,0,0,0,50
1790872753968,2,67108864,69632,0,0,0,50
1790872754018,2,67108864,69632,0,0,0,50
1790872754068,2,67108864,69632,0,0,0,50
1790872754118,2,67108864,69632,0,0,0,50
1790872754168,2,67108864,69632,0,0,0,50
1790872754218,2,67108864,69632,0,0,0,50
1790872754268,2,67108864,69632,0,0,0,50
1790872754318,2,67108864,69632,0,0,0,50
1790872754368,2,67108864,69632,0,0,0,50
1790872754418,2,67108864,69632,0,0,0,50
1790872754468,2,67108864,69632,0,0,0,50
1790872754518,2,67108864,69632,0,0,0,50
1790872754568,2,67108864,69632,0,0,0,50
1790872754618,2,67108864,69632,0,0,0,50
1790872754668,2,67108864,69632,0,0,0,50
1790872754718,2,67108864,69632,0,0,0,50
1790872754768,2,67108864,69632,0,0,0,50
1790872754818,2,67108864,69632,0,0,0,50
1790872754868,2,67108864,69632,0,0,0,50
1790872754918,2,67108864,69632,0,0,0,50
1790872754968,2,67108864,69632,0,0,0,50
1790872755018,2,67108864,69632,0,0,0,50
1790872755068,2,67108864,69632,0,0,0,50
1790872755118,2,67108864,69632,0,0,0,50
1790872755168,2,67108864,69632,0,0,0,50
1790872755218,2,67108864,69632,0,0,0,50
1790872755268,2,67108864,69632,0,0,0,50
1790872755318,2,67108864,69632,0,0,0,50
1790872755368,2,67108864,69632,0,0,0,50
1790872755418,2,67108864,69632,0,0,0,50
1790872755468,2,67108864,69632,0,0,0,50
1790872755518,2,67108864,69632,0,0,0,50
1790872755568,2,67108864,69632,0,0,0,50
1790872755618,2,67108864,69632,0,0,0,50
1790872755668,2,67108864,69632,0,0,0,50
1790872755718,2,67108864,69632,0,0,0,50
1790872755768,2,67108864,69632,0,0,0,50
1790872755818,2,67108864,69632,0,0,0,50
1790872755868,2,67108864,69632,0,0,0,50
1790872755918,2,67108864,69632,0,0,0,50
1790872755968,2,67108864,69632,0,0,0,50
1790872756018,2,67108864,69632,0,0,0,50
1790872756068,2,67108864,69632,0,0,0,50
1790872756118,2,67108864,69632,0,0,0,50
1790872756168,2,67108864,69632,0,0,0,50
1790872756218,2,67108864,69632,0,0,0,50
1790872756268,2,67108864,73728,0,0,0,50
1790872756318,2,67108864,73728,0,0,0,50
1790872756368,2,67108864,73728,0,0,0,50
1790872756418,2,67108864,73728,0,0,0,50
1790872756468,2,67108864,73728,0,0,0,50
1790872756518,2,67108864,73728,0,0,0,50
1790872756568,2,67108864,73728,0,0,0,50
1790872756618,2,67108864,73728,0,0,0,50
1790872756668,2,67108864,73728,0,0,0,50
1790872756718,2,67108864,73728,0,0,0,50
1790872756768,2,67108864,73728,0,0,0,50
1790872756818,2,67108864,73728,0,0,0,50
1790872756868,2,67108864,73728,0,0,0,50
1790872756918,2,67108864,73728,0,0,0,50
1790872756968,2,67108864,73728,0,0,0,50
1790872757018,2,67108864,73728,0,0,0,50
1790872757068,2,67108864,73728,0,0,0,50
1790872757118,2,67108864,73728,0,0,0,50
1790872757168,2,67108864,73728,0,0,0,50
1790872757218,2,67108864,73728,0,0,0,50
1790872757268,2,67108864,73728,0,0,0,50
1790872757318,2,67108864,73728,0,0,0,50
1790872757368,2,67108864,73728,0,0,0,50
1790872757418,2,67108864,73728,0,0,0,50
1790872757468,2,67108864,73728,0,0,0,50
1790872757518,2,67108864,73728,0,0,0,50
1790872757568,2,67108864,73728,0,0,0,50
1790872757618,2,67108864,73728,0,0,0,50
1790872757668,2,67108864,73728,0,0,0,50
1790872757718,2,67108864,73728,0,0,0,50
1790872757768,2,67108864,73728,0,0,0,50
1790872757818,2,67108864,73728,0,0,0,50
1790872757868,2,67108864,73728,0,0,0,50
1790872757918,2,67108864,73728,0,0,0,50
1790872757968,2,67108864,73728,0,0,0,50
1790872758018,2,67108864,73728,0,0,0,50
1790872758068,2,67108864,73728,0,0,0,50
1790872758118,2,67108864,73728,0,0,0,50
1790872758168,2,67108864,73728,0,0,0,50
1790872758218,2,67108864,73728,0,0,0,50
1790872758268,2,67108864,73728,0,0,0,50
1790872758318,2,67108864,73728,0,0,0,50
1790872758368,2,67108864,73728,0,0,0,50
1790872758418,2,67108864,73728,0,0,0,50
1790872758468,2,67108864,73728,0,0,0,50
1790872758518,2,67108864,73728,0,0,0,50
1790872758568,2,67108864,73728,0,0,0,50
1790872758618,2,67108864,73728,0,0,0,50
1790872758668,2,67108864,73728,0,0,0,50
1790872758718,2,67108864,73728,0,0,0,50
1790872758768,2,67108864,73728,0,0,0,50
1790872758818,2,67108864,73728,0,0,0,50
1790872758868,2,67108864,73728,0,0,0,50
1790872758918,2,67108864,73728,0,0,0,50
1790872758968,2,67108864,73728,0,0,0,50
1790872759018,2,67108864,73728,0,0,0,50
1790872759068,2,67108864,73728,0,0,0,50
1790872759118,2,67108864,73728,0,0,0,50
1790872759168,2,67108864,73728,0,0,0,50
1790872759218,2,67108864,73728,0,0,0,50
1790872759268,2,67108864,73728,0,0,0,50
1790872759318,2,67108864,73728,0,0,0,50
1790872759368,2,67108864,73728,0,0,0,50
1790872759418,2,67108864,73728,0,0,0,50
1790872759468,2,67108864,73728,0,0,0,50
1790872759518,2,67108864,73728,0,0,0,50
1790872759568,2,67108864,73728,0,0,0,50
1790872759618,2,67108864,73728,0,0,0,50
1790872759668,2,67108864,73728,0,0,0,50
1790872759718,2,67108864,73728,0,0,0,50
1790872759768,2,67108864,73728,0,0,0,50
1790872759818,2,67108864,73728,0,0,0,50
1790872759868,2,67108864,73728,0,0,0,50
1790872759918,2,67108864,73728,0,0,0,50
1790872759968,2,67108864,73728,0,0,0,50
1790872760018,2,67108864,73728,0,0,0,50
1790872760068,2,67108864,73728,0,0,0,50
1790872760118,2,67108864,73728,0,0,0,50
1790872760168,2,67108864,73728,0,0,0,50
1790872760218,2,67108864,73728,0,0,0,50
1790872760268,2,67108864,73728,0,0,0,50
1790872760318,2,67108864,73728,0,0,0,50
1790872760368,2,67108864,73728,0,0,0,50
1790872760418,2,67108864,73728,0,0,0,50
1790872760468,2,67108864,73728,0,0,0,50
1790872760518,2,67108864,73728,0,0,0,50
1790872760568,2,67108864,73728,0,0,0,50
1790872760618,2,67108864,73728,0,0,0,50
1790872760668,2,67108864,73728,0,0,0,50
1790872760718,2,67108864,73728,0,0,0,50
1790872760768,2,67108864,73728,0,0,0,50
1790872760818,2,67108864,73728,0,0,0,50
1790872760868,2,67108864,73728,0,0,0,50
1790872760918,2,67108864,73728,0,0,0,50
1790872760968,2,67108864,73728,0,0,0,50
1790872761018,2,67108864,73728,0,0,0,50
1790872761068,2,67108864,73728,0,0,0,50
1790872761118,2,67108864,73728,0,0,0,50
1790872761168,2,67108864,73728,0,0,0,50
1790872761218,2,67108864,73728,0,0,0,50
1790872761268,2,67108864,73728,0,0,0,50
1790872761318,2,67108864,73728,0,0,0,50
1790872761368,2,67108864,73728,0,0,0,50
1790872761418,2,67108864,73728,0,0,0,50
1790872761468,2,67108864,73728,0,0,0,50
1790872761518,2,67108864,73728,0,0,0,50
1790872761568,2,67108864,73728,0,0,0,50
1790872761618,2,67108864,73728,0,0,0,50
1790872761668,2,67108864,73728,0,0,0,50
1790872761718,2,67108864,73728,0,0,0,50
1790872761768,2,67108864,73728,0,0,0,50
1790872761818,2,67108864,73728,0,0,0,50
1790872761868,2,67108864,73728,0,0,0,50
1790872761918,2,67108864,73728,0,0,0,50
1790872761968,2,67108864,73728,0,0,0,50
1790872762018,2,67108864,73728,0,0,0,50
1790872762068,2,67108864,73728,0,0,0,50
1790872762118,2,67108864,73728,0,0,0,50
1790872762168,2,67108864,73728,0,0,0,50
1790872762218,2,67108864,73728,0,0,0,50
1790872762268,2,67108864,73728,0,0,0,50
1790872762318,2,67108864,73728,0,0,0,50
1790872762368,2,67108864,73728,0,0,0,50
1790872762418,2,67108864,73728,0,0,0,50
1790872762468,2,67108864,73728,0,0,0,50
1790872762518,2,67108864,73728,0,0,0,50
1790872762568,2,67108864,73728,0,0,0,50
1790872762618,2,67108864,73728,0,0,0,50
1790872762668,2,67108864,73728,0,0,0,50
1790872762718,2,67108864,73728,0,0,0,50
1790872762768,2,67108864,73728,0,0,0,50
1790872762818,2,67108864,73728,0,0,0,50
1790872762868,2,67108864,73728,0,0,0,50
1790872762918,2,67108864,73728,0,0,0,50
1790872762968,2,67108864,73728,0,0,0,50
1790872763018,2,67108864,73728,0,0,0,50
1790872763068,2,67108864,73728,0,0,0,50
1790872763118,2,67108864,73728,0,0,0,50
1790872763168,2,67108864,73728,0,0,0,50
1790872763218,2,67108864,73728,0,0,0,50
1790872763268,2,67108864,73728,0,0,0,50
1790872763318,2,67108864,73728,0,0,0,50
1790872763368,2,67108864,73728,0,0,0,50
1790872763418,2,67108864,73728,0,0,0,50
1790872763468,2,67108864,73728,0,0,0,50
1790872763518,2,67108864,73728,0,0,0,50
1790872763568,2,67108864,73728,0,0,0,50
1790872763618,2,67108864,73728,0,0,0,50
1790872763668,2,67108864,73728,0,0,0,50
1790872763718,2,67108864,73728,0,0,0,50
1790872763768,2,67108864,73728,0,0,0,50
1790872763818,2,67108864,8798208,0,0,0,50
1790872763868,2,67108864,21536768,0,0,0,50
1790872763918,3,100663296,46088192,0,0,0,50
1790872763968,4,134217728,70684672,0,0,0,50
1790872764018,4,134217728,93061120,1,18,0,50
1790872764068,5,167772160,114511872,1,18,0,50
1790872764118,6,201326592,138391552,1,18,0,50
1790872764168,6,201326592,159244288,2,36,0,50
1790872764218,7,234881024,181252096,2,36,0,50
1790872764268,8,268435456,204464128,4,72,0,50
1790872764318,9,301989888,227254272,4,72,0,50
1790872764368,9,301989888,248737792,4,72,0,50
1790872764418,10,335544320,271441920,4,72,0,50
1790872764468,10,335544320,287518720,6,108,0,50
1790872764518,11,369098752,312373248,6,108,0,50
1790872764568,12,402653184,334921728,6,108,0,50
1790872764618,13,436207616,358985728,6,108,0,50
1790872764668,13,436207616,379482112,8,144,0,50
1790872764718,14,469762048,401727488,8,144,0,50
1790872764768,15,503316480,425578496,8,144,0,50
1790872764818,15,503316480,445231104,8,144,0,50
1790872764868,16,536870912,468946944,8,144,0,50
1790872764918,17,570425344,494702592,11,198,0,50
1790872764968,17,570425344,515735552,11,198,0,50
1790872765018,18,603979776,542253056,11,198,0,50
1790872765068,19,637534208,567934976,11,198,0,50
1790872765118,20,671088640,595103744,11,198,0,50
1790872765168,21,704643072,618831872,11,198,0,50
1790872765218,21,704643072,639942656,11,198,0,50
1790872765268,22,738197504,668975104,14,252,0,50
1790872765318,23,771751936,694714368,14,252,0,50
1790872765368,24,805306368,722079744,14,252,0,50
1790872765418,24,805306368,744189952,14,252,0,50
1790872765468,25,838860800,767815680,14,252,0,50
1790872765518,26,872415232,795729920,14,252,0,50
1790872765568,27,905969664,820944896,14,252,0,50
1790872765618,28,939524096,843878400,14,252,0,50
1790872765668,28,939524096,869961728,20,360,0,50
1790872765718,29,973078528,894148608,20,360,0,50
1790872765768,30,1006632960,922247168,20,360,0,50
1790872765818,31,1040187392,946884608,20,360,0,50
1790872765868,31,1040187392,972115968,20,360,0,50
1790872765918,32,1073741824,997904384,20,360,0,50
1790872765968,33,1107296256,1026629632,20,360,0,50
1790872766018,34,1140850688,1053585408,20,360,0,50
1790872766068,35,1174405120,1083883520,20,360,0,50
1790872766118,36,1207959552,1114877952,20,360,0,50
1790872766168,37,1241513984,1145565184,20,360,0,50
1790872766218,38,1275068416,1176244224,20,360,0,50
1790872766268,39,1308622848,1202806784,20,360,0,50
1790872766318,39,1308622848,1229320192,20,360,0,50
1790872766368,40,1342177280,1256353792,20,360,0,50
1790872766418,41,1375731712,1288814592,20,360,0,50
1790872766468,42,1409286144,1315946496,20,360,0,50
1790872766518,43,1442840576,1345392640,26,468,0,50
1790872766568,44,1476395008,1369423872,26,468,0,50
1790872766618,44,1476395008,1392730112,26,468,0,50
1790872766668,45,1509949440,1420754944,26,468,0,50
1790872766718,46,1543503872,1448747008,26,468,0,50
1790872766768,47,1577058304,1480138752,26,468,0,50
1790872766818,48,1610612736,1510125568,26,468,0,50
1790872766868,49,1644167168,1538940928,26,468,0,50
1790872766918,50,1677721600,1571721216,26,468,0,50
1790872766968,51,1711276032,1600110592,26,468,0,50
1790872767018,52,1744830464,1623310336,26,468,0,50
1790872767068,52,1744830464,1650581504,26,468,0,50
1790872767118,53,1778384896,1677594624,26,468,0,50
1790872767168,54,1811939328,1706737664,26,468,0,50
1790872767218,55,1845493760,1736511488,26,468,0,50
1790872767268,56,1879048192,1767272448,26,468,0,50
1790872767318,57,1912602624,1799184384,26,468,0,50
1790872767368,58,1946157056,1828999168,26,468,0,50
1790872767418,58,1946157056,1852256256,26,468,0,50
1790872767468,59,1979711488,1877725184,26,468,0,50
1790872767518,60,2013265920,1906212864,26,468,0,50
1790872767568,61,2046820352,1934229504,26,468,0,50
1790872767618,62,2080374784,1963556864,26,468,0,50
1790872767668,63,2113929216,1995460608,26,468,0,50
1790872767718,64,2147483648,2025590784,26,468,0,50
1790872767768,65,2181038080,2056630272,26,468,0,50
1790872767818,66,2214592512,2084528128,26,468,0,50
1790872767868,66,2214592512,2106920960,26,468,0,50
1790872767918,67,2248146944,2135482368,26,468,0,50
1790872767968,68,2281701376,2159398912,26,468,0,50
1790872768018,69,2315255808,2187653120,26,468,0,50
1790872768068,70,2348810240,2217349120,26,468,0,50
1790872768118,70,2348810240,2242117632,26,468,0,50
1790872768168,71,2382364672,2270908416,26,468,0,50
1790872768218,72,2415919104,2303696896,26,468,0,50
1790872768268,73,2449473536,2333421568,26,468,0,50
1790872768318,74,2483027968,2360418304,26,468,0,50
1790872768368,75,2516582400,2387304448,26,468,0,50
1790872768418,76,2550136832,2414333952,26,468,0,50
1790872768468,77,2583691264,2442706944,26,468,0,50
1790872768518,77,2583691264,2470641664,26,468,0,50
1790872768568,78,2617245696,2499506176,26,468,0,50
1790872768618,79,2650800128,2528227328,26,468,0,50
1790872768668,80,2684354560,2555871232,26,468,0,50
1790872768718,81,2717908992,2582048768,26,468,0,50
1790872768768,82,2751463424,2609102848,26,468,0,50
1790872768818,82,2751463424,2631946240,26,468,0,50
1790872768868,83,2785017856,2659471360,26,468,0,50
1790872768918,84,2818572288,2688913408,26,468,0,50
1790872768968,85,2852126720,2719682560,26,468,0,50
1790872769018,86,2885681152,2748411904,26,468,0,50
1790872769068,87,2919235584,2780086272,26,468,0,50
1790872769118,88,2952790016,2808184832,30,540,0,50
1790872769168,89,2986344448,2835394560,33,594,0,50
1790872769218,89,2986344448,2858184704,34,612,0,50
1790872769268,90,3019898880,2885120000,34,612,0,50
1790872769318,91,3053453312,2910158848,35,630,0,50
1790872769368,92,3087007744,2941566976,35,630,0,50
1790872769418,93,3120562176,2971062272,35,630,0,50
1790872769468,94,3154116608,3001139200,35,630,0,50
1790872769518,95,3187671040,3028758528,35,630,0,50
1790872769568,96,3221225472,3058900992,35,630,0,50
1790872769618,96,3221225472,3085524992,37,666,0,50
1790872769668,97,3254779904,3110920192,38,684,0,50
1790872769718,98,3288334336,3134021632,39,702,0,50
1790872769768,99,3321888768,3159883776,40,720,0,50
1790872769818,100,3355443200,3185999872,40,720,0,50
1790872769868,100,3355443200,3215659008,40,720,0,50
1790872769918,101,3388997632,3245223936,40,720,0,50
1790872769968,102,3422552064,3274330112,40,720,0,50
1790872770018,103,3456106496,3304493056,40,720,0,50
1790872770068,104,3489660928,3334352896,40,720,0,50
1790872770118,105,3523215360,3363266560,40,720,0,50
1790872770168,106,3556769792,3388772352,40,720,0,50
1790872770218,106,3556769792,3411501056,40,720,0,50
1790872770268,107,3590324224,3440353280,40,720,0,50
1790872770318,108,3623878656,3464908800,40,720,0,50
1790872770368,109,3657433088,3493490688,40,720,0,50
1790872770418,110,3690987520,3524624384,40,720,0,50
1790872770468,111,3724541952,3557531648,40,720,0,50
1790872770518,112,3758096384,3590754304,40,720,0,50
1790872770568,113,3791650816,3621322752,40,720,0,50
1790872770618,114,3825205248,3651948544,40,720,0,50
1790872770668,114,3825205248,3674677248,40,720,0,50
1790872770718,115,3858759680,3701420032,40,720,0,50
1790872770768,116,3892314112,3729518592,40,720,0,50
1790872770818,117,3925868544,3760566272,40,720,0,50
1790872770868,118,3959422976,3791519744,40,720,0,50
1790872770918,119,3992977408,3823505408,40,720,0,50
1790872770968,120,4026531840,3856003072,40,720,0,50
1790872771018,121,4060086272,3885174784,40,720,0,50
1790872771068,122,4093640704,3917426688,40,720,0,50
1790872771118,123,4127195136,3945721856,40,720,0,50
1790872771168,124,4160749568,3974549504,40,720,0,50
1790872771218,124,4160749568,3998273536,40,720,0,50
1790872771268,125,4194304000,4026138624,40,720,0,50
1790872771318,126,4227858432,4057739264,40,720,0,50
1790872771368,127,4261412864,4092518400,40,720,0,50
1790872771418,127,4261412864,4119801856,40,720,0,50
1790872771468,127,4261412864,4133511168,40,720,0,50
1790872771518,127,4261412864,4133511168,40,720,0,50
1790872771568,127,4261412864,4133511168,40,720,0,50
1790872771618,127,4261412864,4133511168,40,720,0,50
1790872771668,127,4261412864,4133511168,40,720,0,50
1790872771718,127,4261412864,4133511168,40,720,0,50
1790872771768,127,4261412864,4133511168,40,720,0,50
1790872771818,127,4261412864,4133511168,40,720,0,50
1790872771868,127,4261412864,4133511168,40,720,0,50
1790872771918,127,4261412864,4133511168,40,720,0,50
1790872771968,127,4261412864,4133511168,40,720,0,50
1790872772018,127,4261412864,4133511168,40,720,0,50
1790872772068,127,4261412864,4133511168,40,720,0,50
1790872772118,127,4261412864,4133511168,40,720,0,50
1790872772168,127,4261412864,4133511168,40,720,0,50
1790872772218,127,4261412864,4133511168,40,720,0,50
1790872772268,127,4261412864,4133511168,40,720,0,50
1790872772318,127,4261412864,4133511168,40,720,0,50
1790872772368,127,4261412864,4133511168,40,720,0,50
1790872772418,127,4261412864,4133511168,40,720,0,50
1790872772468,127,4261412864,4133511168,40,720,0,50
1790872772518,127,4261412864,4133511168,40,720,0,50
1790872772568,127,4261412864,4133511168,40,720,0,50
1790872772618,127,4261412864,4133511168,40,720,0,50
1790872772668,127,4261412864,4133511168,40,720,0,50
1790872772718,127,4261412864,4133511168,40,720,0,50
1790872772768,127,4261412864,4133511168,40,720,0,50
1790872772818,127,4261412864,4133511168,40,720,0,50
1790872772868,127,4261412864,4133511168,40,720,0,50
1790872772918,127,4261412864,4133511168,40,720,0,50
1790872772968,127,4261412864,4133511168,40,720,0,50
1790872773018,127,4261412864,4133511168,40,720,0,50
1790872773068,127,4261412864,4133511168,40,720,0,50
1790872773118,127,4261412864,4133511168,40,720,0,50
1790872773168,127,4261412864,4133511168,40,720,0,50
1790872773218,127,4261412864,4133511168,40,720,0,50
1790872773268,127,4261412864,4133511168,40,720,0,50
1790872773318,127,4261412864,4133511168,40,720,0,50
1790872773368,127,4261412864,4133511168,40,720,0,50
1790872773418,127,4261412864,4133511168,40,720,0,50
1790872773468,127,4261412864,4133511168,40,720,0,50
1790872773518,127,4261412864,4133511168,40,720,0,50
1790872773568,127,4261412864,4133511168,40,720,0,50
1790872773618,127,4261412864,4133511168,40,720,0,50
1790872773668,127,4261412864,4133511168,40,720,0,50
1790872773718,127,4261412864,4133511168,40,720,0,50
1790872773768,127,4261412864,4133511168,40,720,0,50
1790872773818,127,4261412864,4133511168,40,720,0,50
1790872773868,127,4261412864,4133511168,40,720,0,50
1790872773918,127,4261412864,4133511168,40,720,0,50
1790872773968,127,4261412864,4133511168,40,720,0,50
1790872774018,127,4261412864,4133511168,40,720,0,50
1790872774068,127,4261412864,4133511168,40,720,0,50
1790872774118,127,4261412864,4133511168,40,720,0,50
1790872774168,127,4261412864,4133511168,40,720,0,50
1790872774218,127,4261412864,4133511168,40,720,0,50
1790872774268,127,4261412864,4133511168,40,720,0,50
1790872774318,127,4261412864,4133511168,40,720,0,50
1790872774368,127,4261412864,4133511168,40,720,0,50
1790872774418,127,4261412864,4133511168,40,720,0,50
1790872774468,127,4261412864,4133511168,40,720,0,50
1790872774518,127,4261412864,4133511168,40,720,0,50
1790872774568,127,4261412864,4133511168,40,720,0,50
1790872774618,127,4261412864,4133511168,40,720,0,50
1790872774668,127,4261412864,4133511168,40,720,0,50
1790872774718,127,4261412864,4133511168,40,720,0,50
1790872774768,127,4261412864,4133511168,40,720,0,50
1790872774818,127,4261412864,4133511168,40,720,0,50
1790872774868,127,4261412864,4133511168,40,720,0,50
1790872774918,127,4261412864,4133511168,40,720,0,50
1790872774968,127,4261412864,4133511168,40,720,0,50
1790872775018,127,4261412864,4133511168,40,720,0,50
1790872775068,127,4261412864,4133511168,40,720,0,50
1790872775118,127,4261412864,4133511168,40,720,0,50
1790872775168,127,4261412864,4133511168,40,720,0,50
1790872775218,127,4261412864,4133511168,40,720,0,50
1790872775268,127,4261412864,4133511168,40,720,0,50
1790872775318,127,4261412864,4133511168,40,720,0,50
1790872775368,127,4261412864,4133511168,40,720,0,50
1790872775418,127,4261412864,4133511168,40,720,0,50
1790872775468,127,4261412864,4133511168,40,720,0,50
1790872775518,127,4261412864,4133511168,40,720,0,50
1790872775568,127,4261412864,4133511168,40,720,0,50
1790872775618,127,4261412864,4133511168,40,720,0,50
1790872775668,127,4261412864,4133511168,40,720,0,50
1790872775718,127,4261412864,4133511168,40,720,0,50
1790872775768,127,4261412864,4133511168,40,720,0,50
1790872775818,127,4261412864,4133511168,40,720,0,50
1790872775868,127,4261412864,4133511168,40,720,0,50
1790872775918,127,4261412864,4133511168,40,720,0,50
1790872775968,127,4261412864,4133511168,40,720,0,50
1790872776018,127,4261412864,4133511168,40,720,0,50
1790872776068,127,4261412864,4133511168,40,720,0,50
1790872776118,127,4261412864,4133511168,40,720,0,50
1790872776168,127,4261412864,4133511168,40,720,0,50
1790872776218,127,4261412864,4133511168,40,720,0,50
1790872776268,127,4261412864,4133511168,40,720,0,50
1790872776318,127,4261412864,4133511168,40,720,0,50
1790872776368,127,4261412864,4133511168,40,720,0,50
1790872776418,127,4261412864,4133511168,40,720,0,50
1790872776468,127,4261412864,4133511168,40,720,0,50
1790872776518,127,4261412864,4133511168,40,720,0,50
1790872776568,127,4261412864,4133511168,40,720,0,50
1790872776618,127,4261412864,4133511168,40,720,0,50
1790872776668,127,4261412864,4133511168,40,720,0,50
1790872776718,127,4261412864,4133511168,40,720,0,50
1790872776768,127,4261412864,4133511168,40,720,0,50
1790872776818,127,4261412864,4133511168,40,720,0,50
1790872776868,127,4261412864,4133511168,40,720,0,50
1790872776918,127,4261412864,4133511168,40,720,0,50
1790872776968,127,4261412864,4133511168,40,720,0,50
1790872777018,127,4261412864,4133511168,40,720,0,50
1790872777068,127,4261412864,4133511168,40,720,0,50
1790872777118,127,4261412864,4133511168,40,720,0,50
1790872777168,127,4261412864,4133511168,40,720,0,50
1790872777218,127,4261412864,4133511168,40,720,0,50
1790872777268,127,4261412864,4133511168,40,720,0,50
1790872777318,127,4261412864,4133511168,40,720,0,50
1790872777368,127,4261412864,4133511168,40,720,0,50
1790872777418,127,4261412864,4133511168,40,720,0,50
1790872777468,127,4261412864,4133511168,40,720,0,50
1790872777518,127,4261412864,4133511168,40,720,0,50
1790872777568,127,4261412864,4133511168,40,720,0,50
1790872777618,127,4261412864,4133511168,40,720,0,50
1790872777668,127,4261412864,4133511168,41,738,0,50
1790872777718,127,4261412864,4133511168,42,756,0,50
1790872777768,127,4261412864,4133511168,42,756,0,50
1790872777818,127,4261412864,4133511168,42,756,0,50
1790872777868,127,4261412864,4133511168,42,756,0,50
1790872777918,127,4261412864,4133511168,42,756,0,50
1790872777968,127,4261412864,4133511168,43,774,0,50
1790872778018,127,4261412864,4133511168,44,792,0,50
1790872778068,127,4261412864,4133511168,44,792,0,50
1790872778118,127,4261412864,4133511168,44,792,0,50
1790872778168,127,4261412864,4133511168,44,792,0,50
1790872778218,127,4261412864,4133511168,44,792,0,50
1790872778268,127,4261412864,4133511168,44,792,0,50
1790872778318,127,4261412864,4133511168,46,828,0,50
1790872778368,127,4261412864,4133511168,47,846,0,50
1790872778418,127,4261412864,4133511168,47,846,0,50
1790872778468,127,4261412864,4133511168,47,846,0,50
1790872778518,127,4261412864,4133511168,47,846,0,50
1790872778568,127,4261412864,4133511168,47,846,0,50
1790872778618,127,4261412864,4133511168,47,846,0,50
1790872778668,127,4261412864,4133511168,49,882,0,50
1790872778718,127,4261412864,4133511168,49,882,0,50
1790872778768,127,4261412864,4133511168,49,882,0,50
1790872778818,127,4261412864,4133511168,49,882,0,50
1790872778868,127,4261412864,4133511168,49,882,0,50
1790872778918,127,4261412864,4133511168,49,882,0,50
1790872778968,127,4261412864,4133511168,51,918,0,50
1790872779018,127,4261412864,4133511168,52,936,0,50
1790872779068,127,4261412864,4133511168,52,936,0,50
1790872779118,127,4261412864,4133511168,52,936,0,50
1790872779168,127,4261412864,4133511168,52,936,0,50
1790872779218,127,4261412864,4133511168,52,936,0,50
1790872779268,127,4261412864,4133511168,52,936,0,50
1790872779318,127,4261412864,4133511168,54,972,0,50
1790872779368,127,4261412864,4133511168,54,972,0,50
1790872779418,127,4261412864,4133511168,54,972,0,50
1790872779468,127,4261412864,4133511168,54,972,0,50
1790872779518,127,4261412864,4133511168,54,972,0,50
1790872779568,127,4261412864,4133511168,54,972,0,50
1790872779618,127,4261412864,4133511168,56,1008,0,50
1790872779668,127,4261412864,4133511168,56,1008,0,50
1790872779718,127,4261412864,4133511168,56,1008,0,50
1790872779768,127,4261412864,4133511168,56,1008,0,50
1790872779818,127,4261412864,4133511168,56,1008,0,50
1790872779868,127,4261412864,4133511168,56,1008,0,50
1790872779918,127,4261412864,4133511168,57,1026,0,50
1790872779968,127,4261412864,4133511168,57,1026,0,50
1790872780018,127,4261412864,4133511168,57,1026,0,50
1790872780068,127,4261412864,4133511168,57,1026,0,50
1790872780118,127,4261412864,4133511168,57,1026,0,50
1790872780168,127,4261412864,4133511168,57,1026,0,50
1790872780218,127,4261412864,4133511168,59,1062,0,50
1790872780268,127,4261412864,4133511168,59,1062,0,50
1790872780318,127,4261412864,4133511168,59,1062,0,50
1790872780368,127,4261412864,4133511168,59,1062,0,50
1790872780418,127,4261412864,4133511168,59,1062,0,50
1790872780468,127,4261412864,4133511168,59,1062,0,50
1790872780518,127,4261412864,4133511168,59,1062,0,50
1790872780568,127,4261412864,4133511168,62,1116,0,50
1790872780618,127,4261412864,4133511168,62,1116,0,50
1790872780668,127,4261412864,4133511168,62,1116,0,50
1790872780718,127,4261412864,4133511168,62,1116,0,50
1790872780768,127,4261412864,4133511168,62,1116,0,50
1790872780818,127,4261412864,4133511168,62,1116,0,50
1790872780868,127,4261412864,4133511168,62,1116,0,50
1790872780918,127,4261412864,4133511168,64,1152,0,50
1790872780968,127,4261412864,4133511168,65,1170,0,50
1790872781018,127,4261412864,4133511168,65,1170,0,50
1790872781068,127,4261412864,4133511168,65,1170,0,50
1790872781118,127,4261412864,4133511168,65,1170,0,50
1790872781168,127,4261412864,4133511168,65,1170,0,50
1790872781218,127,4261412864,4133511168,65,1170,0,50
1790872781268,127,4261412864,4133511168,67,1206,0,50
1790872781318,127,4261412864,4133511168,67,1206,0,50
1790872781368,127,4261412864,4133511168,67,1206,0,50
1790872781418,127,4261412864,4133511168,67,1206,0,50
1790872781468,127,4261412864,4133511168,67,1206,0,50
1790872781518,127,4261412864,4133511168,67,1206,0,50
1790872781568,127,4261412864,4133511168,69,1242,0,50
1790872781618,127,4261412864,4133511168,69,1242,0,50
1790872781668,127,4261412864,4133511168,69,1242,0,50
1790872781718,127,4261412864,4133511168,69,1242,0,50
1790872781768,127,4261412864,4133511168,69,1242,0,50
1790872781818,127,4261412864,4133511168,69,1242,0,50
1790872781868,127,4261412864,4133511168,70,1260,0,50
1790872781918,127,4261412864,4133511168,71,1278,0,50
1790872781968,127,4261412864,4133511168,71,1278,0,50
1790872782018,127,4261412864,4133511168,71,1278,0,50
1790872782068,127,4261412864,4133511168,71,1278,0,50
1790872782118,127,4261412864,4133511168,71,1278,0,50
1790872782168,127,4261412864,4133511168,71,1278,0,50
1790872782218,127,4261412864,4133511168,74,1332,0,50
1790872782268,127,4261412864,4133511168,74,1332,0,50
1790872782318,127,4261412864,4133511168,74,1332,0,50
1790872782368,127,4261412864,4133511168,74,1332,0,50
1790872782418,127,4261412864,4133511168,74,1332,0,50
1790872782468,127,4261412864,4133511168,74,1332,0,50
1790872782518,127,4261412864,4133511168,74,1332,0,50
1790872782568,127,4261412864,4133511168,76,1368,0,50
1790872782618,127,4261412864,4133511168,77,1386,0,50
1790872782668,127,4261412864,4133511168,77,1386,0,50
1790872782718,127,4261412864,4133511168,77,1386,0,50
1790872782768,127,4261412864,4133511168,77,1386,0,50
1790872782818,127,4261412864,4133511168,77,1386,0,50
1790872782868,127,4261412864,4133511168,78,1404,0,50
1790872782918,127,4261412864,4133511168,78,1404,0,50
1790872782968,127,4261412864,4133511168,78,1404,0,50
1790872783018,127,4261412864,4133511168,78,1404,0,50
1790872783068,127,4261412864,4133511168,78,1404,0,50
1790872783118,127,4261412864,4133511168,78,1404,0,50
1790872783168,127,4261412864,4133511168,78,1404,0,50
1790872783218,127,4261412864,4133511168,80,1440,0,50
1790872783268,127,4261412864,4133511168,81,1458,0,50
1790872783318,127,4261412864,4133511168,81,1458,0,50
1790872783368,127,4261412864,4133511168,81,1458,0,50
1790872783418,127,4261412864,4133511168,81,1458,0,50
1790872783468,127,4261412864,4133511168,81,1458,0,50
1790872783518,127,4261412864,4133511168,81,1458,0,50
1790872783568,127,4261412864,4133511168,83,1494,0,50
1790872783618,127,4261412864,4133511168,83,1494,0,50
1790872783668,127,4261412864,4133511168,83,1494,0,50
1790872783718,127,4261412864,4133511168,83,1494,0,50
1790872783768,127,4261412864,4133511168,83,1494,0,50
1790872783818,127,4261412864,4133511168,84,1512,0,50
1790872783868,127,4261412864,4133511168,85,1530,0,50
1790872783918,127,4261412864,4133511168,85,1530,0,50
1790872783968,127,4261412864,4133511168,85,1530,0,50
1790872784018,127,4261412864,4133511168,85,1530,0,50
1790872784068,127,4261412864,4133511168,85,1530,0,50
1790872784118,127,4261412864,4133511168,85,1530,0,50
1790872784168,127,4261412864,4133511168,85,1530,0,50
1790872784218,127,4261412864,4133511168,85,1530,0,50
1790872784268,127,4261412864,4133511168,85,1530,0,50
1790872784318,127,4261412864,4133511168,85,1530,0,50
1790872784368,127,4261412864,4133511168,85,1530,0,50
1790872784418,127,4261412864,4133511168,85,1530,0,50
1790872784468,127,4261412864,4133511168,85,1530,0,50
1790872784518,127,4261412864,4133511168,85,1530,0,50
1790872784568,127,4261412864,4133511168,85,1530,0,50
1790872784618,127,4261412864,4133511168,85,1530,0,50
1790872784668,127,4261412864,4133511168,85,1530,0,50
1790872784718,127,4261412864,4133511168,85,1530,0,50
1790872784768,127,4261412864,4133511168,85,1530,0,50
1790872784818,127,4261412864,4133511168,85,1530,0,50
1790872784868,127,4261412864,4133511168,85,1530,0,50
1790872784918,127,4261412864,4133511168,85,1530,0,50
1790872784968,127,4261412864,4133511168,85,1530,0,50
1790872785018,127,4261412864,4133511168,85,1530,0,50
1790872785068,127,4261412864,4133511168,85,1530,0,50
1790872785118,127,4261412864,4133511168,85,1530,0,50
1790872785168,127,4261412864,4133511168,85,1530,0,50
1790872785218,127,4261412864,4133511168,85,1530,0,50
1790872785268,127,4261412864,4133511168,85,1530,0,50
1790872785318,127,4261412864,4133511168,89,1602,0,50
1790872785368,127,4261412864,4133511168,97,1746,0,50
1790872785418,127,4261412864,4133511168,107,1926,0,50
1790872785468,127,4261412864,4133511168,122,2196,0,50
1790872785518,127,4261412864,4133511168,127,2286,0,50
1790872785568,127,4261412864,4133511168,127,2286,0,50
1790872785618,127,4261412864,4133511168,127,2286,0,50
1790872785668,127,4261412864,4133511168,127,2286,0,50
1790872785718,127,4261412864,4133511168,127,2286,0,50
1790872785768,127,4261412864,4133511168,127,2286,0,50
1790872785818,127,4261412864,4133511168,127,2286,0,50
1790872785868,127,4261412864,4133511168,127,2286,0,50
1790872785918,127,4261412864,4133511168,127,2286,0,50
1790872785968,127,4261412864,4133511168,127,2286,0,50
1790872786018,127,4261412864,4133511168,127,2286,0,50
1790872786068,127,4261412864,4133511168,127,2286,0,50
1790872786118,127,4261412864,4133511168,127,2286,0,50
1790872786168,127,4261412864,4133511168,127,2286,0,50
1790872786218,127,4261412864,4133511168,127,2286,0,50
1790872786268,127,4261412864,4133511168,127,2286,0,50
1790872786318,127,4261412864,4133511168,127,2286,0,50
1790872786368,127,4261412864,4133511168,127,2286,0,50
1790872786418,127,4261412864,4133511168,127,2286,0,50
1790872786468,127,4261412864,4133511168,127,2286,0,50
1790872786518,127,4261412864,4133511168,127,2286,0,50
1790872786568,127,4261412864,4133511168,127,2286,0,50
1790872786618,127,4261412864,4133511168,127,2286,0,50
1790872786668,127,4261412864,4133511168,127,2286,0,50
1790872786718,127,4261412864,4133511168,127,2286,0,50
1790872786768,127,4261412864,4133511168,127,2286,0,50
1790872786818,127,4261412864,4133511168,127,2286,0,50
1790872786868,127,4261412864,4133511168,127,2286,0,50
1790872786918,127,4261412864,4133511168,127,2286,0,50
1790872786968,127,4261412864,4133511168,127,2286,0,50
1790872787018,127,4261412864,4133511168,127,2286,0,50
1790872787068,127,4261412864,4133511168,127,2286,0,50
1790872787118,127,4261412864,4133511168,127,2286,0,50
1790872787168,127,4261412864,4133511168,127,2286,0,50
1790872787218,127,4261412864,4133511168,127,2286,0,50
1790872787268,127,4261412864,4133511168,127,2286,0,50
1790872787318,127,4261412864,4133511168,127,2286,0,50
1790872787368,127,4261412864,4133511168,127,2286,0,50
1790872787418,127,4261412864,4133511168,127,2286,0,50
1790872787468,127,4261412864,4133511168,127,2286,0,50
1790872787518,127,4261412864,4133511168,127,2286,0,50
1790872787568,127,4261412864,4133511168,127,2286,0,50
1790872787618,127,4261412864,4133511168,127,2286,0,50
1790872787668,127,4261412864,4133511168,127,2286,0,50
1790872787718,127,4261412864,4133511168,127,2286,0,50
1790872787768,127,4261412864,4133511168,127,2286,0,50
1790872787818,127,4261412864,4133511168,127,2286,0,50
1790872787868,127,4261412864,4133511168,127,2286,0,50
1790872787918,127,4261412864,4133511168,127,2286,0,50
1790872787968,127,4261412864,4133511168,127,2286,0,50
1790872788018,127,4261412864,4133511168,127,2286,0,50
1790872788068,127,4261412864,4133511168,127,2286,0,50
1790872788118,127,4261412864,4133511168,127,2286,0,50
1790872788168,127,4261412864,4133511168,127,2286,0,50
1790872788218,127,4261412864,4133511168,127,2286,0,50
1790872788268,127,4261412864,4133511168,127,2286,0,50
1790872788318,127,4261412864,4133511168,127,2286,0,50
1790872788368,127,4261412864,4133511168,127,2286,0,50
1790872788418,127,4261412864,4133511168,127,2286,0,50
1790872788468,127,4261412864,4133511168,127,2286,0,50
1790872788518,127,4261412864,4133511168,127,2286,0,50
1790872788568,127,4261412864,4133511168,127,2286,0,50
1790872788618,127,4261412864,4133511168,127,2286,0,50
1790872788668,127,4261412864,4133511168,127,2286,0,50
1790872788718,127,4261412864,4133511168,127,2286,0,50
1790872788768,127,4261412864,4133511168,127,2286,0,50
1790872788818,127,4261412864,4133511168,127,2286,0,50
1790872788868,127,4261412864,4133511168,127,2286,0,50
1790872788918,127,4261412864,4133511168,127,2286,0,50
1790872788968,127,4261412864,4133511168,127,2286,0,50
1790872789018,127,4261412864,4133511168,127,2286,0,50
1790872789068,127,4261412864,4133511168,127,2286,0,50
1790872789118,127,4261412864,4133511168,127,2286,0,50
1790872789168,127,4261412864,4133511168,127,2286,0,50
1790872789218,127,4261412864,4133511168,127,2286,0,50
1790872789268,127,4261412864,4133511168,127,2286,0,50
1790872789318,127,4261412864,4133511168,127,2286,0,50
1790872789368,127,4261412864,4133511168,127,2286,0,50
1790872789418,127,4261412864,4133511168,127,2286,0,50
1790872789468,127,4261412864,4133511168,127,2286,0,50
1790872789518,127,4261412864,4133511168,127,2286,0,50
1790872789568,127,4261412864,4133511168,127,2286,0,50
1790872789618,127,4261412864,4133511168,127,2286,0,50
1790872789668,127,4261412864,4133511168,127,2286,0,50
1790872789718,127,4261412864,4133511168,127,2286,0,50
1790872789768,127,4261412864,4133511168,127,2286,0,50
1790872789818,127,4261412864,4133511168,127,2286,0,50
1790872789868,127,4261412864,4133511168,127,2286,0,50
1790872789918,127,4261412864,4133511168,127,2286,0,50
1790872789968,127,4261412864,4133511168,127,2286,0,50
1790872790018,127,4261412864,4133511168,127,2286,0,50
1790872790068,127,4261412864,4133511168,127,2286,0,50
1790872790118,127,4261412864,4133511168,127,2286,0,50
1790872790168,127,4261412864,4133511168,127,2286,0,50
1790872790218,127,4261412864,4133511168,127,2286,0,50
1790872790268,127,4261412864,4133511168,127,2286,0,50
1790872790318,127,4261412864,4133511168,127,2286,0,50
1790872790368,127,4261412864,4133511168,127,2286,0,50
1790872790418,127,4261412864,4133511168,127,2286,0,50
1790872790468,127,4261412864,4133511168,127,2286,0,50
1790872790518,127,4261412864,4133511168,127,2286,0,50
1790872790568,127,4261412864,4133511168,127,2286,0,50
1790872790618,127,4261412864,4133511168,127,2286,0,50
1790872790668,127,4261412864,4133511168,127,2286,0,50
1790872790718,127,4261412864,4133511168,127,2286,0,50
1790872790768,127,4261412864,4133511168,127,2286,0,50
1790872790818,127,4261412864,4133511168,127,2286,0,50
1790872790868,127,4261412864,4133511168,127,2286,0,50
1790872790918,127,4261412864,4133511168,127,2286,0,50
1790872790968,127,4261412864,4133511168,127,2286,0,50
1790872791018,127,4261412864,4133511168,127,2286,0,50
1790872791068,127,4261412864,4133511168,127,2286,0,50
1790872791118,127,4261412864,4133511168,127,2286,0,50
1790872791168,127,4261412864,4133511168,127,2286,0,50
1790872791218,127,4261412864,4133511168,127,2286,0,50
1790872791268,127,4261412864,4133511168,127,2286,0,50
1790872791318,127,4261412864,4133511168,127,2286,0,50
1790872791368,127,4261412864,4133511168,127,2286,0,50
1790872791418,127,4261412864,4133511168,127,2286,0,50
1790872791468,127,4261412864,4133511168,127,2286,0,50
1790872791518,127,4261412864,4133511168,127,2286,0,50
1790872791568,127,4261412864,4133511168,127,2286,0,50
1790872791618,127,4261412864,4133511168,127,2286,0,50
1790872791668,127,4261412864,4133511168,127,2286,0,50
1790872791718,127,4261412864,4133511168,127,2286,0,50
1790872791768,127,4261412864,4133511168,127,2286,0,50
1790872791818,127,4261412864,4133511168,127,2286,0,50
1790872791868,127,4261412864,4133511168,127,2286,0,50
1790872791918,127,4261412864,4133511168,127,2286,0,50
1790872791968,127,4261412864,4133511168,127,2286,0,50
1790872792018,127,4261412864,4133511168,127,2286,0,50
1790872792068,127,4261412864,4133511168,127,2286,0,50
1790872792118,127,4261412864,4133511168,127,2286,0,50
1790872792168,127,4261412864,4133511168,127,2286,0,50
1790872792218,127,4261412864,4133511168,127,2286,0,50
1790872792268,127,4261412864,4133511168,127,2286,0,50
1790872792318,127,4261412864,4133511168,127,2286,0,50
1790872792368,127,4261412864,4133511168,127,2286,0,50
1790872792418,127,4261412864,4133511168,127,2286,0,50
1790872792468,127,4261412864,4133511168,127,2286,0,50
1790872792518,127,4261412864,4133511168,127,2286,0,50
1790872792568,127,4261412864,4133511168,127,2286,0,50
1790872792618,127,4261412864,4133511168,127,2286,0,50
1790872792668,127,4261412864,4133511168,127,2286,0,50
1790872792718,127,4261412864,4133511168,127,2286,0,50
1790872792768,127,4261412864,4133511168,127,2286,0,50
1790872792818,127,4261412864,4133511168,127,2286,0,50
1790872792868,127,4261412864,4133511168,127,2286,0,50
1790872792918,127,4261412864,4133511168,127,2286,0,50
1790872792968,127,4261412864,4133511168,127,2286,0,50
1790872793018,127,4261412864,4133511168,127,2286,0,50
1790872793068,127,4261412864,4133511168,127,2286,0,50
1790872793118,127,4261412864,4133511168,127,2286,0,50
1790872793168,127,4261412864,4133511168,127,2286,0,50
1790872793218,127,4261412864,4133511168,127,2286,0,50
1790872793268,127,4261412864,4133511168,127,2286,0,50
1790872793318,127,4261412864,4133511168,127,2286,0,50
1790872793368,127,4261412864,4133511168,127,2286,0,50
1790872793418,127,4261412864,4133511168,127,2286,0,50
1790872793468,127,4261412864,4133511168,127,2286,0,50
1790872793518,127,4261412864,4133511168,127,2286,0,50
1790872793568,127,4261412864,4133511168,127,2286,0,50
1790872793618,127,4261412864,4133511168,127,2286,0,50
1790872793668,127,4261412864,4133511168,127,2286,0,50
1790872793718,127,4261412864,4133511168,127,2286,0,50
1790872793768,127,4261412864,4133511168,127,2286,0,50
1790872793818,127,4261412864,4133511168,127,2286,0,50
1790872793868,127,4261412864,4133511168,127,2286,0,50
1790872793918,127,4261412864,4133511168,127,2286,0,50
1790872793968,127,4261412864,4133511168,127,2286,0,50
1790872794018,127,4261412864,4133511168,127,2286,0,50
1790872794068,127,4261412864,4133511168,127,2286,0,50
1790872794118,127,4261412864,4133511168,127,2286,0,50
1790872794168,127,4261412864,4133511168,127,2286,0,50
1790872794218,127,4261412864,4133511168,127,2286,0,50
1790872794268,127,4261412864,4133511168,127,2286,0,50
1790872794318,127,4261412864,4133511168,127,2286,0,50
1790872794368,127,4261412864,4133511168,127,2286,0,50
1790872794418,127,4261412864,4133511168,127,2286,0,50
1790872794468,127,4261412864,4133511168,127,2286,0,50
1790872794518,127,4261412864,4133511168,127,2286,0,50
1790872794568,127,4261412864,4133511168,127,2286,0,50
1790872794618,127,4261412864,4133511168,127,2286,0,50
1790872794668,127,4261412864,4133511168,127,2286,0,50
1790872794718,127,4261412864,4133511168,127,2286,0,50
1790872794768,127,4261412864,4133511168,127,2286,0,50
1790872794818,127,4261412864,4133511168,127,2286,0,50
1790872794868,127,4261412864,4133511168,127,2286,0,50
1790872794918,127,4261412864,4133511168,127,2286,0,50
1790872794968,127,4261412864,4133511168,127,2286,0,50
1790872795018,127,4261412864,4133511168,127,2286,0,50
1790872795068,127,4261412864,4133511168,127,2286,0,50
1790872795118,127,4261412864,4133511168,127,2286,0,50
1790872795168,127,4261412864,4133511168,127,2286,0,50
1790872795218,127,4261412864,4133511168,127,2286,0,50
1790872795268,127,4261412864,4133511168,127,2286,0,50
1790872795318,127,4261412864,4133511168,127,2286,0,50
1790872795368,127,4261412864,4133511168,127,2286,0,50
1790872795418,127,4261412864,4133511168,127,2286,0,50
1790872795468,127,4261412864,4133511168,127,2286,0,50
1790872795518,127,4261412864,4133511168,127,2286,0,50
1790872795568,127,4261412864,4133511168,127,2286,0,50
1790872795618,127,4261412864,4133511168,127,2286,0,50
1790872795668,127,4261412864,4133511168,127,2286,0,50
1790872795718,127,4261412864,4133511168,127,2286,0,50
1790872795768,127,4261412864,4133511168,127,2286,0,50
1790872795818,127,4261412864,4133511168,127,2286,0,50
1790872795868,127,4261412864,4133511168,127,2286,0,50
1790872795918,127,4261412864,4133511168,127,2286,0,50
1790872795968,127,4261412864,4133511168,127,2286,0,50
1790872796018,127,4261412864,4133511168,127,2286,0,50
1790872796068,127,4261412864,4133511168,127,2286,0,50
1790872796118,127,4261412864,4133511168,127,2286,0,50
1790872796168,127,4261412864,4133511168,127,2286,0,50
1790872796218,127,4261412864,4133511168,127,2286,0,50
1790872796268,127,4261412864,4133511168,127,2286,0,50
1790872796318,127,4261412864,4133511168,127,2286,0,50
1790872796368,127,4261412864,4133511168,127,2286,0,50
1790872796418,127,4261412864,4133511168,127,2286,0,50
1790872796468,127,4261412864,4133511168,127,2286,0,50
1790872796518,127,4261412864,4133511168,127,2286,0,50
1790872796568,127,4261412864,4133511168,127,2286,0,50
1790872796618,127,4261412864,4133511168,127,2286,0,50
1790872796668,127,4261412864,4133511168,127,2286,0,50
1790872796718,127,4261412864,4133511168,127,2286,0,50
1790872796768,127,4261412864,4133511168,127,2286,0,50
1790872796818,127,4261412864,4133511168,127,2286,0,50
1790872796868,127,4261412864,4133511168,127,2286,0,50
1790872796918,127,4261412864,4133511168,127,2286,0,50
1790872796968,127,4261412864,4133511168,127,2286,0,50
1790872797018,127,4261412864,4133511168,127,2286,0,50
1790872797068,127,4261412864,4133511168,127,2286,0,50
1790872797118,127,4261412864,4133511168,127,2286,0,50
1790872797168,127,4261412864,4133511168,127,2286,0,50
1790872797218,127,4261412864,4133511168,127,2286,0,50
1790872797268,127,4261412864,4133511168,127,2286,0,50
1790872797318,127,4261412864,4133511168,127,2286,0,50
1790872797368,127,4261412864,4133511168,127,2286,0,50
1790872797418,127,4261412864,4133511168,127,2286,0,50
1790872797468,127,4261412864,4133511168,127,2286,0,50
1790872797518,127,4261412864,4133511168,127,2286,0,50
1790872797568,127,4261412864,4133511168,127,2286,0,50
1790872797618,127,4261412864,4133511168,127,2286,0,50
1790872797668,127,4261412864,4133511168,127,2286,0,50
1790872797718,127,4261412864,4133511168,127,2286,0,50
1790872797768,127,4261412864,4133511168,127,2286,0,50
1790872797818,127,4261412864,4133511168,127,2286,0,50
1790872797868,127,4261412864,4133511168,127,2286,0,50
1790872797918,127,4261412864,4133511168,127,2286,0,50
1790872797968,127,4261412864,4133511168,127,2286,0,50
1790872798018,127,4261412864,4133511168,127,2286,0,50
1790872798068,127,4261412864,4133511168,127,2286,0,50
1790872798118,127,4261412864,4133511168,127,2286,0,50
1790872798168,127,4261412864,4133511168,127,2286,0,50
1790872798218,127,4261412864,4133511168,127,2286,0,50
1790872798268,127,4261412864,4133511168,127,2286,0,50
1790872798318,127,4261412864,4133511168,127,2286,0,50
1790872798368,127,4261412864,4133511168,127,2286,0,50
1790872798418,127,4261412864,4133511168,127,2286,0,50
1790872798468,127,4261412864,4133511168,127,2286,0,50
1790872798518,127,4261412864,4133511168,127,2286,0,50
1790872798568,127,4261412864,4133511168,127,2286,0,50
1790872798618,127,4261412864,4133511168,127,2286,0,50
1790872798668,127,4261412864,4133511168,127,2286,0,50
1790872798718,127,4261412864,4133511168,127,2286,0,50
1790872798768,127,4261412864,4133511168,127,2286,0,50
1790872798818,127,4261412864,4133511168,127,2286,0,50
1790872798868,127,4261412864,4133511168,127,2286,0,50
1790872798918,127,4261412864,4133511168,127,2286,0,50
1790872798968,127,4261412864,4133511168,127,2286,0,50
1790872799018,127,4261412864,4133511168,127,2286,0,50
1790872799068,127,4261412864,4133511168,127,2286,0,50
1790872799118,127,4261412864,4133511168,127,2286,0,50
1790872799168,127,4261412864,4133511168,127,2286,0,50
1790872799218,127,4261412864,4133511168,127,2286,0,50
1790872799268,127,4261412864,4133511168,127,2286,0,50
1790872799318,127,4261412864,4133511168,127,2286,0,50
1790872799368,127,4261412864,4133511168,127,2286,0,50
1790872799418,127,4261412864,4133511168,127,2286,0,50
1790872799468,127,4261412864,4133511168,127,2286,0,50
1790872799518,127,4261412864,4133511168,127,2286,0,50
1790872799568,127,4261412864,4133511168,127,2286,0,50
1790872799618,127,4261412864,4133511168,127,2286,0,50
1790872799668,127,4261412864,4133511168,127,2286,0,50
1790872799718,127,4261412864,4133511168,127,2286,0,50
1790872799768,127,4261412864,4133511168,127,2286,0,50
1790872799818,127,4261412864,4133511168,127,2286,0,50
1790872799868,127,4261412864,4133511168,127,2286,0,50
1790872799918,127,4261412864,4133511168,127,2286,0,50
1790872799968,127,4261412864,4133511168,127,2286,0,50
1790872800018,127,4261412864,4133511168,127,2286,0,50
1790872800068,127,4261412864,4133511168,127,2286,0,50
1790872800118,127,4261412864,4133511168,127,2286,0,50
1790872800168,127,4261412864,4133511168,127,2286,0,50
1790872800218,127,4261412864,4133511168,127,2286,0,50
1790872800268,127,4261412864,4133511168,127,2286,0,50
1790872800318,127,4261412864,4133511168,127,2286,0,50
1790872800368,127,4261412864,4133511168,127,2286,0,50
1790872800418,127,4261412864,4133511168,127,2286,0,50
1790872800468,127,4261412864,4133511168,127,2286,0,50
1790872800518,127,4261412864,4133511168,127,2286,0,50
1790872800568,127,4261412864,4133511168,127,2286,0,50
1790872800618,127,4261412864,4133511168,127,2286,0,50
1790872800668,127,4261412864,4133511168,127,2286,0,50
1790872800718,127,4261412864,4133511168,127,2286,0,50
1790872800768,127,4261412864,4133511168,127,2286,0,50
1790872800818,127,4261412864,4133511168,127,2286,0,50
1790872800868,127,4261412864,4133511168,127,2286,0,50
1790872800918,127,4261412864,4133511168,127,2286,0,50
1790872800968,127,4261412864,4133511168,127,2286,0,50
1790872801018,127,4261412864,4133511168,127,2286,0,50
1790872801068,127,4261412864,4133511168,127,2286,0,50
1790872801118,127,4261412864,4133511168,127,2286,0,50
1790872801168,127,4261412864,4133511168,127,2286,0,50
1790872801218,127,4261412864,4133511168,127,2286,0,50
1790872801268,127,4261412864,4133511168,127,2286,0,50
1790872801318,127,4261412864,4133511168,127,2286,0,50
1790872801368,127,4261412864,4133511168,127,2286,0,50
1790872801418,127,4261412864,4133511168,127,2286,0,50
1790872801468,127,4261412864,4133511168,127,2286,0,50
1790872801518,127,4261412864,4133511168,127,2286,0,50
1790872801568,127,4261412864,4133511168,127,2286,0,50
1790872801618,127,4261412864,4133511168,127,2286,0,50
1790872801668,127,4261412864,4133511168,127,2286,0,50
1790872801718,127,4261412864,4133511168,127,2286,0,50
1790872801768,127,4261412864,4133511168,127,2286,0,50
1790872801818,127,4261412864,4133511168,127,2286,0,50
1790872801868,127,4261412864,4133511168,127,2286,0,50
1790872801918,127,4261412864,4133511168,127,2286,0,50
1790872801968,127,4261412864,4133511168,127,2286,0,50
1790872802018,127,4261412864,4133511168,127,2286,0,50
1790872802068,127,4261412864,4133511168,127,2286,0,50
1790872802118,127,4261412864,4133511168,127,2286,0,50
1790872802168,127,4261412864,4133511168,127,2286,0,50
1790872802218,127,4261412864,4133511168,127,2286,0,50
1790872802268,127,4261412864,4133511168,127,2286,0,50
1790872802318,127,4261412864,4133511168,127,2286,0,50
1790872802368,127,4261412864,4133511168,127,2286,0,50
1790872802418,127,4261412864,4133511168,127,2286,0,50
1790872802468,127,4261412864,4133511168,127,2286,0,50
1790872802518,127,4261412864,4133511168,127,2286,0,50
1790872802568,127,4261412864,4133511168,127,2286,0,50
1790872802618,127,4261412864,4133511168,127,2286,0,50
1790872802668,127,4261412864,4133511168,127,2286,0,50
1790872802718,127,4261412864,4133511168,127,2286,0,50
1790872802768,127,4261412864,4133511168,127,2286,0,50
1790872802818,127,4261412864,4133511168,127,2286,0,50
1790872802868,127,4261412864,4133511168,127,2286,0,50
1790872802918,127,4261412864,4133511168,127,2286,0,50
1790872802968,127,4261412864,4133511168,127,2286,0,50
1790872803018,127,4261412864,4133511168,127,2286,0,50
1790872803068,127,4261412864,4133511168,127,2286,0,50
1790872803118,127,4261412864,4133511168,127,2286,0,50
1790872803168,127,4261412864,4133511168,127,2286,0,50
1790872803218,127,4261412864,4133511168,127,2286,0,50
1790872803268,127,4261412864,4133511168,127,2286,0,50
1790872803318,127,4261412864,4133511168,127,2286,0,50
1790872803368,127,4261412864,4133511168,127,2286,0,50
1790872803418,127,4261412864,4133511168,127,2286,0,50
1790872803468,127,4261412864,4133511168,127,2286,0,50
1790872803518,127,4261412864,4133511168,127,2286,0,50
1790872803568,127,4261412864,4133511168,127,2286,0,50
1790872803618,127,4261412864,4133511168,127,2286,0,50
1790872803668,127,4261412864,4133511168,127,2286,0,50
1790872803718,127,4261412864,4133511168,127,2286,0,50
1790872803768,127,4261412864,4133511168,127,2286,0,50
1790872803818,127,4261412864,4133511168,127,2286,0,50
1790872803868,127,4261412864,4133511168,127,2286,0,50
1790872803918,127,4261412864,4133511168,127,2286,0,50
1790872803968,127,4261412864,4133511168,127,2286,0,50
1790872804018,127,4261412864,4133511168,127,2286,0,50
1790872804068,127,4261412864,4133511168,127,2286,0,50
1790872804118,127,4261412864,4133511168,127,2286,0,50
1790872804168,127,4261412864,4133511168,127,2286,0,50
1790872804218,127,4261412864,4133511168,127,2286,0,50
1790872804268,127,4261412864,4133511168,127,2286,0,50
1790872804318,127,4261412864,4133511168,127,2286,0,50
1790872804368,127,4261412864,4133511168,127,2286,0,50
1790872804418,127,4261412864,4133511168,127,2286,0,50
1790872804468,127,4261412864,4133511168,127,2286,0,50
1790872804518,127,4261412864,4133511168,127,2286,0,50
1790872804568,127,4261412864,4133511168,127,2286,0,50
1790872804618,127,4261412864,4133511168,127,2286,0,50
1790872804668,127,4261412864,4133511168,127,2286,0,50
1790872804718,127,4261412864,4133511168,127,2286,0,50
1790872804768,127,4261412864,4133511168,127,2286,0,50
1790872804818,127,4261412864,4133511168,127,2286,0,50
1790872804868,127,4261412864,4133511168,127,2286,0,50
1790872804918,127,4261412864,4133511168,127,2286,0,50
1790872804968,127,4261412864,4133511168,127,2286,0,50
1790872805018,127,4261412864,4133511168,127,2286,0,50
1790872805068,127,4261412864,4133511168,127,2286,0,50
1790872805118,127,4261412864,4133511168,127,2286,0,50
1790872805168,127,4261412864,4133511168,127,2286,0,50
1790872805218,127,4261412864,4133511168,127,2286,0,50
1790872805268,127,4261412864,4133511168,127,2286,0,50
1790872805318,127,4261412864,4133511168,127,2286,0,50
1790872805368,127,4261412864,4133511168,127,2286,0,50
1790872805418,127,4261412864,4133511168,127,2286,0,50
1790872805468,127,4261412864,4133511168,127,2286,0,50
1790872805518,127,4261412864,4133511168,127,2286,0,50
1790872805568,127,4261412864,4133511168,127,2286,0,50
1790872805618,127,4261412864,4133511168,127,2286,0,50
1790872805668,127,4261412864,4133511168,127,2286,0,50
1790872805718,127,4261412864,4133511168,127,2286,0,50
1790872805768,127,4261412864,4133511168,127,2286,0,50
1790872805818,127,4261412864,4133511168,127,2286,0,50
1790872805868,127,4261412864,4133511168,127,2286,0,50
1790872805918,127,4261412864,4133511168,127,2286,0,50
1790872805968,127,4261412864,4133511168,127,2286,0,50
1790872806018,127,4261412864,4133511168,127,2286,0,50
1790872806068,127,4261412864,4133511168,127,2286,0,50
1790872806118,127,4261412864,4133511168,127,2286,0,50
1790872806168,127,4261412864,4133511168,127,2286,0,50
1790872806218,127,4261412864,4133511168,127,2286,0,50
1790872806268,127,4261412864,4133511168,127,2286,0,50
1790872806318,127,4261412864,4133511168,127,2286,0,50
1790872806368,127,4261412864,4133511168,127,2286,0,50
1790872806418,127,4261412864,4133511168,127,2286,0,50
1790872806468,127,4261412864,4133511168,127,2286,0,50
1790872806518,127,4261412864,4133511168,127,2286,0,50
1790872806568,127,4261412864,4133511168,127,2286,0,50
1790872806618,127,4261412864,4133511168,127,2286,0,50
1790872806668,127,4261412864,4133511168,127,2286,0,50
1790872806718,127,4261412864,4133511168,127,2286,0,50
1790872806768,127,4261412864,4133511168,127,2286,0,50
1790872806818,127,4261412864,4133511168,127,2286,0,50
1790872806868,127,4261412864,4133511168,127,2286,0,50
1790872806918,127,4261412864,4133511168,127,2286,0,50
1790872806968,127,4261412864,4133511168,127,2286,0,50
1790872807018,127,4261412864,4133511168,127,2286,0,50
1790872807068,127,4261412864,4133511168,127,2286,0,50
1790872807118,127,4261412864,4133511168,127,2286,0,50
1790872807168,127,4261412864,4133511168,127,2286,0,50
1790872807218,127,4261412864,4133511168,127,2286,0,50
1790872807268,127,4261412864,4133511168,127,2286,0,50
1790872807318,127,4261412864,4133511168,127,2286,0,50
1790872807368,127,4261412864,4133511168,127,2286,0,50
1790872807418,127,4261412864,4133511168,127,2286,0,50
1790872807468,127,4261412864,4133511168,127,2286,0,50
1790872807518,127,4261412864,4133511168,127,2286,0,50
1790872807568,127,4261412864,4133511168,127,2286,0,50
1790872807618,127,4261412864,4133511168,127,2286,0,50
1790872807668,127,4261412864,4133511168,127,2286,0,50
1790872807718,127,4261412864,4133511168,127,2286,0,50
1790872807768,127,4261412864,4133511168,127,2286,0,50
1790872807818,127,4261412864,4133511168,127,2286,0,50
1790872807868,127,4261412864,4133511168,127,2286,0,50
1790872807918,127,4261412864,4133511168,127,2286,0,50
1790872807968,127,4261412864,4133511168,127,2286,0,50
1790872808018,127,4261412864,4133511168,127,2286,0,50
1790872808068,127,4261412864,4133511168,127,2286,0,50
1790872808118,127,4261412864,4133511168,127,2286,0,50
1790872808168,127,4261412864,4133511168,127,2286,0,50
1790872808218,127,4261412864,4133511168,127,2286,0,50
1790872808268,127,4261412864,4133511168,127,2286,0,50
1790872808318,127,4261412864,4133511168,127,2286,0,50
1790872808368,127,4261412864,4133511168,127,2286,0,50
1790872808418,127,4261412864,4133511168,127,2286,0,50
1790872808468,127,4261412864,4133511168,127,2286,0,50
1790872808518,127,4261412864,4133511168,127,2286,0,50
1790872808568,127,4261412864,4133511168,127,2286,0,50
1790872808618,127,4261412864,4133511168,127,2286,0,50
1790872808668,127,4261412864,4133511168,127,2286,0,50
1790872808718,127,4261412864,4133511168,127,2286,0,50
1790872808768,127,4261412864,4133511168,127,2286,0,50
1790872808818,127,4261412864,4133511168,127,2286,0,50
1790872808868,127,4261412864,4133511168,127,2286,0,50
1790872808918,127,4261412864,4133511168,127,2286,0,50
1790872808968,127,4261412864,4133511168,127,2286,0,50
1790872809018,127,4261412864,4133511168,127,2286,0,50
1790872809068,127,4261412864,4133511168,127,2286,0,50
1790872809118,127,4261412864,4133511168,127,2286,0,50
1790872809168,127,4261412864,4133511168,127,2286,0,50
1790872809218,127,4261412864,4133511168,127,2286,0,50
1790872809268,127,4261412864,4133511168,127,2286,0,50
1790872809318,127,4261412864,4133511168,127,2286,0,50
1790872809368,127,4261412864,4133511168,127,2286,0,50
1790872809418,127,4261412864,4133511168,127,2286,0,50
1790872809468,127,4261412864,4133511168,127,2286,0,50
1790872809518,127,4261412864,4133511168,127,2286,0,50
1790872809568,127,4261412864,4133511168,127,2286,0,50
1790872809618,127,4261412864,4133511168,127,2286,0,50
1790872809668,127,4261412864,4133511168,127,2286,0,50
1790872809718,127,4261412864,4133511168,127,2286,0,50
1790872809768,127,4261412864,4133511168,127,2286,0,50
1790872809818,127,4261412864,4133511168,127,2286,0,50
1790872809868,127,4261412864,4133511168,127,2286,0,50
1790872809918,127,4261412864,4133511168,127,2286,0,50
1790872809968,127,4261412864,4133511168,127,2286,0,50
1790872810018,127,4261412864,4133511168,127,2286,0,50
1790872810068,127,4261412864,4133511168,127,2286,0,50
1790872810118,127,4261412864,4133511168,127,2286,0,50
1790872810168,127,4261412864,4133511168,127,2286,0,50
1790872810218,127,4261412864,4133511168,127,2286,0,50
1790872810268,127,4261412864,4133511168,127,2286,0,50
1790872810318,127,4261412864,4133511168,127,2286,0,50
1790872810368,127,4261412864,4133511168,127,2286,0,50
1790872810418,127,4261412864,4133511168,127,2286,0,50
1790872810468,127,4261412864,4133511168,127,2286,0,50
1790872810518,127,4261412864,4133511168,127,2286,0,50
1790872810568,127,4261412864,4133511168,127,2286,0,50
1790872810618,127,4261412864,4133511168,127,2286,0,50
1790872810668,127,4261412864,4133511168,127,2286,0,50
1790872810718,127,4261412864,4133511168,127,2286,0,50
1790872810768,127,4261412864,4133511168,127,2286,0,50
1790872810818,127,4261412864,4133511168,127,2286,0,50
1790872810868,127,4261412864,4133511168,127,2286,0,50
1790872810918,127,4261412864,4133511168,127,2286,0,50
1790872810968,127,4261412864,4133511168,127,2286,0,50
1790872811018,127,4261412864,4133511168,127,2286,0,50
1790872811068,127,4261412864,4133511168,127,2286,0,50
1790872811118,127,4261412864,4133511168,127,2286,0,50
1790872811168,127,4261412864,4133511168,127,2286,0,50
1790872811218,127,4261412864,4133511168,127,2286,0,50
1790872811268,127,4261412864,4133511168,127,2286,0,50
1790872811318,127,4261412864,4133511168,127,2286,0,50
1790872811368,127,4261412864,4133511168,127,2286,0,50
1790872811418,127,4261412864,4133511168,127,2286,0,50
1790872811468,127,4261412864,4133511168,127,2286,0,50
1790872811518,127,4261412864,4133511168,127,2286,0,50
1790872811568,127,4261412864,4133511168,127,2286,0,50
1790872811618,127,4261412864,4133511168,127,2286,0,50
1790872811668,127,4261412864,4133511168,127,2286,0,50
1790872811718,127,4261412864,4133511168,127,2286,0,50
1790872811768,127,4261412864,4133511168,127,2286,0,50
1790872811818,127,4261412864,4133511168,127,2286,0,50
1790872811868,127,4261412864,4133511168,127,2286,0,50
1790872811918,127,4261412864,4133511168,127,2286,0,50
1790872811968,127,4261412864,4133511168,127,2286,0,50
1790872812018,127,4261412864,4133511168,127,2286,0,50
1790872812068,127,4261412864,4133511168,127,2286,0,50
1790872812118,127,4261412864,4133511168,127,2286,0,50
1790872812168,127,4261412864,4133511168,127,2286,0,50
1790872812218,127,4261412864,4133511168,127,2286,0,50
1790872812268,127,4261412864,4133511168,127,2286,0,50
1790872812318,127,4261412864,4133511168,127,2286,0,50
1790872812368,127,4261412864,4133511168,127,2286,0,50
1790872812418,127,4261412864,4133511168,127,2286,0,50
1790872812468,127,4261412864,4133511168,127,2286,0,50
1790872812518,127,4261412864,4133511168,127,2286,0,50
1790872812568,127,4261412864,4133511168,127,2286,0,50
1790872812618,127,4261412864,4133511168,127,2286,0,50
1790872812668,127,4261412864,4133511168,127,2286,0,50
1790872812718,127,4261412864,4133511168,127,2286,0,50
1790872812768,127,4261412864,4133511168,127,2286,0,50
1790872812818,127,4261412864,4133511168,127,2286,0,50
1790872812868,127,4261412864,4133511168,127,2286,0,50
1790872812918,127,4261412864,4133511168,127,2286,0,50
1790872812968,127,4261412864,4133511168,127,2286,0,50
1790872813018,127,4261412864,4133511168,127,2286,0,50
1790872813068,127,4261412864,4133511168,127,2286,0,50
1790872813118,127,4261412864,4133511168,127,2286,0,50
1790872813168,127,4261412864,4133511168,127,2286,0,50
1790872813218,127,4261412864,4133511168,127,2286,0,50
1790872813268,127,4261412864,4133511168,127,2286,0,50
1790872813318,127,4261412864,4133511168,127,2286,0,50
1790872813368,127,4261412864,4133511168,127,2286,0,50
1790872813418,127,4261412864,4133511168,127,2286,0,50
1790872813468,127,4261412864,4133511168,127,2286,0,50
1790872813518,127,4261412864,4133511168,127,2286,0,50
1790872813568,127,4261412864,4133511168,127,2286,0,50
1790872813618,127,4261412864,4133511168,127,2286,0,50
1790872813668,127,4261412864,4133511168,127,2286,0,50
1790872813718,127,4261412864,4133511168,127,2286,0,50
1790872813768,127,4261412864,4133511168,127,2286,0,50
1790872813818,127,4261412864,4133511168,127,2286,0,50
1790872813868,127,4261412864,4133511168,127,2286,0,50
1790872813918,127,4261412864,4133511168,127,2286,0,50
1790872813968,127,4261412864,4133511168,127,2286,0,50
1790872814018,127,4261412864,4133511168,127,2286,0,50
1790872814068,127,4261412864,4133511168,127,2286,0,50
1790872814118,127,4261412864,4133511168,127,2286,0,50
1790872814168,127,4261412864,4133511168,127,2286,0,50
1790872814218,127,4261412864,4133511168,127,2286,0,50
1790872814268,127,4261412864,4133511168,127,2286,0,50
1790872814318,127,4261412864,4133511168,127,2286,0,50
1790872814368,127,4261412864,4133511168,127,2286,0,50
1790872814418,127,4261412864,4133511168,127,2286,0,50
1790872814468,127,4261412864,4133511168,127,2286,0,50
1790872814518,127,4261412864,4133511168,127,2286,0,50
1790872814568,127,4261412864,4133511168,127,2286,0,50
1790872814618,127,4261412864,4133511168,127,2286,0,50
1790872814668,127,4261412864,4133511168,127,2286,0,50
1790872814718,127,4261412864,4133511168,127,2286,0,50
1790872814768,127,4261412864,4133511168,127,2286,0,50
1790872814818,127,4261412864,4133511168,127,2286,0,50
1790872814868,127,4261412864,4133511168,127,2286,0,50
1790872814918,127,4261412864,4133511168,127,2286,0,50
1790872814968,127,4261412864,4133511168,127,2286,0,50
1790872815018,127,4261412864,4133511168,127,2286,0,50
1790872815068,127,4261412864,4133511168,127,2286,0,50
1790872815118,127,4261412864,4133511168,127,2286,0,50
1790872815168,127,4261412864,4133511168,127,2286,0,50
1790872815218,127,4261412864,4133511168,127,2286,0,50
1790872815268,127,4261412864,4133511168,127,2286,0,50
1790872815318,127,4261412864,4133511168,127,2286,0,50
1790872815368,127,4261412864,4133511168,127,2286,0,50
1790872815418,127,4261412864,4133511168,127,2286,0,50
1790872815468,127,4261412864,4133511168,127,2286,0,50
1790872815518,127,4261412864,4133511168,127,2286,0,50
1790872815568,127,4261412864,4133511168,127,2286,0,50
1790872815618,127,4261412864,4133511168,127,2286,0,50
1790872815668,127,4261412864,4133511168,127,2286,0,50
1790872815718,127,4261412864,4133511168,127,2286,0,50
1790872815768,127,4261412864,4133511168,127,2286,0,50
1790872815818,127,4261412864,4133511168,127,2286,0,50
1790872815868,127,4261412864,4133511168,127,2286,0,50
1790872815918,127,4261412864,4133511168,127,2286,0,50
1790872815968,127,4261412864,4133511168,127,2286,0,50
1790872816018,127,4261412864,4133511168,127,2286,0,50
1790872816068,127,4261412864,4133511168,127,2286,0,50
1790872816118,127,4261412864,4133511168,127,2286,0,50
1790872816168,127,4261412864,4133511168,127,2286,0,50
1790872816218,127,4261412864,4133511168,127,2286,0,50
1790872816268,127,4261412864,4133511168,127,2286,0,50
1790872816318,127,4261412864,4133511168,127,2286,0,50
1790872816368,127,4261412864,4133511168,127,2286,0,50
1790872816418,127,4261412864,4133511168,127,2286,0,50
1790872816468,127,4261412864,4133511168,127,2286,0,50
1790872816518,127,4261412864,4133511168,127,2286,0,50
1790872816568,127,4261412864,4133511168,127,2286,0,50
1790872816618,127,4261412864,4133511168,127,2286,0,50
1790872816668,127,4261412864,4133511168,127,2286,0,50
1790872816718,127,4261412864,4133511168,127,2286,0,50
1790872816768,127,4261412864,4133511168,127,2286,0,50
1790872816818,127,4261412864,4133511168,127,2286,0,50
1790872816868,127,4261412864,4133511168,127,2286,0,50
1790872816918,127,4261412864,4133511168,127,2286,0,50
1790872816968,127,4261412864,4133511168,127,2286,0,50
1790872817018,127,4261412864,4133511168,127,2286,0,50
1790872817068,127,4261412864,4133511168,127,2286,0,50
1790872817118,127,4261412864,4133511168,127,2286,0,50
1790872817168,127,4261412864,4133511168,127,2286,0,50
1790872817218,127,4261412864,4133511168,127,2286,0,50
1790872817268,127,4261412864,4133511168,127,2286,0,50
1790872817318,127,4261412864,4133511168,127,2286,0,50
1790872817368,127,4261412864,4133511168,127,2286,0,50
1790872817418,127,4261412864,4133511168,127,2286,0,50
1790872817468,127,4261412864,4133511168,127,2286,0,50
1790872817518,127,4261412864,4133511168,127,2286,0,50
1790872817568,127,4261412864,4133511168,127,2286,0,50
1790872817618,127,4261412864,4133511168,127,2286,0,50
1790872817668,127,4261412864,4133511168,127,2286,0,50
1790872817718,127,4261412864,4133511168,127,2286,0,50
1790872817768,127,4261412864,4133511168,127,2286,0,50
1790872817818,127,4261412864,4133511168,127,2286,0,50
1790872817868,127,4261412864,4133511168,127,2286,0,50
1790872817918,127,4261412864,4133511168,127,2286,0,50
1790872817968,127,4261412864,4133511168,127,2286,0,50
1790872818018,127,4261412864,4133511168,127,2286,0,50
1790872818068,127,4261412864,4133511168,127,2286,0,50
1790872818118,127,4261412864,4133511168,127,2286,0,50
1790872818168,127,4261412864,4133511168,127,2286,0,50
1790872818218,127,4261412864,4133511168,127,2286,0,50
1790872818268,127,4261412864,4133511168,127,2286,0,50
1790872818318,127,4261412864,4133511168,127,2286,0,50
1790872818368,127,4261412864,4133511168,127,2286,0,50
1790872818418,127,4261412864,4133511168,127,2286,0,50
1790872818468,127,4261412864,4133511168,127,2286,0,50
1790872818518,127,4261412864,4133511168,127,2286,0,50
1790872818568,127,4261412864,4133511168,127,2286,0,50
1790872818618,127,4261412864,4133511168,127,2286,0,50
1790872818668,127,4261412864,4133511168,127,2286,0,50
1790872818718,127,4261412864,4133511168,127,2286,0,50
1790872818768,127,4261412864,4133511168,127,2286,0,50
1790872818818,127,4261412864,4133511168,127,2286,0,50
1790872818868,127,4261412864,4133511168,127,2286,0,50
1790872818918,127,4261412864,4133511168,127,2286,0,50
1790872818968,127,4261412864,4133511168,127,2286,0,50
1790872819018,127,4261412864,4133511168,127,2286,0,50
1790872819068,127,4261412864,4133511168,127,2286,0,50
1790872819118,127,4261412864,4133511168,127,2286,0,50
1790872819168,127,4261412864,4133511168,127,2286,0,50
1790872819218,127,4261412864,4133511168,127,2286,0,50
1790872819268,127,4261412864,4133511168,127,2286,0,50
1790872819318,127,4261412864,4133511168,127,2286,0,50
1790872819368,127,4261412864,4133511168,127,2286,0,50
1790872819418,127,4261412864,4133511168,127,2286,0,50
1790872819468,127,4261412864,4133511168,127,2286,0,50
1790872819518,127,4261412864,4133511168,127,2286,0,50
1790872819568,127,4261412864,4133511168,127,2286,0,50
1790872819618,127,4261412864,4133511168,127,2286,0,50
1790872819668,127,4261412864,4133511168,127,2286,0,50
1790872819718,127,4261412864,4133511168,127,2286,0,50
1790872819768,127,4261412864,4133511168,127,2286,0,50
1790872819818,127,4261412864,4133511168,127,2286,0,50
1790872819868,127,4261412864,4133511168,127,2286,0,50
1790872819918,127,4261412864,4133511168,127,2286,0,50
1790872819968,127,4261412864,4133511168,127,2286,0,50
1790872820018,127,4261412864,4133511168,127,2286,0,50
1790872820068,127,4261412864,4133511168,127,2286,0,50
1790872820118,127,4261412864,4133511168,127,2286,0,50
1790872820168,127,4261412864,4133511168,127,2286,0,50
1790872820218,127,4261412864,4133511168,127,2286,0,50
1790872820268,127,4261412864,4133511168,127,2286,0,50
1790872820318,127,4261412864,4133511168,127,2286,0,50
1790872820368,127,4261412864,4133511168,127,2286,0,50
1790872820418,127,4261412864,4133511168,127,2286,0,50
1790872820468,127,4261412864,4133511168,127,2286,0,50
1790872820518,127,4261412864,4133511168,127,2286,0,50
1790872820568,127,4261412864,4133511168,127,2286,0,50
1790872820618,127,4261412864,4133511168,127,2286,0,50
1790872820668,127,4261412864,4133511168,127,2286,0,50
1790872820718,127,4261412864,4133511168,127,2286,0,50
1790872820768,127,4261412864,4133511168,127,2286,0,50
1790872820818,127,4261412864,4133511168,127,2286,0,50
1790872820868,127,4261412864,4133511168,127,2286,0,50
1790872820918,127,4261412864,4133511168,127,2286,0,50
1790872820968,127,4261412864,4133511168,127,2286,0,50
1790872821018,127,4261412864,4133511168,127,2286,0,50
1790872821068,127,4261412864,4133511168,127,2286,0,50
1790872821118,127,4261412864,4133511168,127,2286,0,50
1790872821168,127,4261412864,4133511168,127,2286,0,50
1790872821218,127,4261412864,4133511168,127,2286,0,50
1790872821268,127,4261412864,4133511168,127,2286,0,50
1790872821318,127,4261412864,4133511168,127,2286,0,50
1790872821368,127,4261412864,4133511168,127,2286,0,50
1790872821418,127,4261412864,4133511168,127,2286,0,50
1790872821468,127,4261412864,4133511168,127,2286,0,50
1790872821518,127,4261412864,4133511168,127,2286,0,50
1790872821568,127,4261412864,4133511168,127,2286,0,50
1790872821618,127,4261412864,4133511168,127,2286,0,50
1790872821668,127,4261412864,4133511168,127,2286,0,50
1790872821718,127,4261412864,4133511168,127,2286,0,50
1790872821768,127,4261412864,4133511168,127,2286,0,50
1790872821818,127,4261412864,4133511168,127,2286,0,50
1790872821868,127,4261412864,4133511168,127,2286,0,50
1790872821918,127,4261412864,4133511168,127,2286,0,50
1790872821968,127,4261412864,4133511168,127,2286,0,50
1790872822018,127,4261412864,4133511168,127,2286,0,50
1790872822068,127,4261412864,4133511168,127,2286,0,50
1790872822118,127,4261412864,4133511168,127,2286,0,50
1790872822168,127,4261412864,4133511168,127,2286,0,50
1790872822218,127,4261412864,4133511168,127,2286,0,50
1790872822268,127,4261412864,4133511168,127,2286,0,50
1790872822318,127,4261412864,4133511168,127,2286,0,50
1790872822368,127,4261412864,4133511168,127,2286,0,50
1790872822418,127,4261412864,4133511168,127,2286,0,50
1790872822468,127,4261412864,4133511168,127,2286,0,50
1790872822518,127,4261412864,4133511168,127,2286,0,50
1790872822568,127,4261412864,4133511168,127,2286,0,50
1790872822618,127,4261412864,4133511168,127,2286,0,50
1790872822668,127,4261412864,4133511168,127,2286,0,50
1790872822718,127,4261412864,4133511168,127,2286,0,50
1790872822768,127,4261412864,4133511168,127,2286,0,50
1790872822818,127,4261412864,4133511168,127,2286,0,50
1790872822868,127,4261412864,4133511168,127,2286,0,50
1790872822918,127,4261412864,4133511168,127,2286,0,50
1790872822968,127,4261412864,4133511168,127,2286,0,50
1790872823018,127,4261412864,4133511168,127,2286,0,50
1790872823068,127,4261412864,4133511168,127,2286,0,50
1790872823118,127,4261412864,4133511168,127,2286,0,50
1790872823168,127,4261412864,4133511168,127,2286,0,50
1790872823218,127,4261412864,4133511168,127,2286,0,50
1790872823268,127,4261412864,4133511168,127,2286,0,50
1790872823318,127,4261412864,4133511168,127,2286,0,50
1790872823368,127,4261412864,4133511168,127,2286,0,50
1790872823418,127,4261412864,4133511168,127,2286,0,50
1790872823468,127,4261412864,4133511168,127,2286,0,50
1790872823518,127,4261412864,4133511168,127,2286,0,50
1790872823568,127,4261412864,4133511168,127,2286,0,50
1790872823618,127,4261412864,4133511168,127,2286,0,50
1790872823668,127,4261412864,4133511168,127,2286,0,50
1790872823718,127,4261412864,4133511168,127,2286,0,50
1790872823768,127,4261412864,4133511168,127,2286,0,50
1790872823818,127,4261412864,4133511168,127,2286,0,50
1790872823868,127,4261412864,4133511168,127,2286,0,50
1790872823918,127,4261412864,4133511168,127,2286,0,50
1790872823968,127,4261412864,4133511168,127,2286,0,50
1790872824018,127,4261412864,4133511168,127,2286,0,50
1790872824068,127,4261412864,4133511168,127,2286,0,50
1790872824118,127,4261412864,4133511168,127,2286,0,50
1790872824168,127,4261412864,4133511168,127,2286,0,50
1790872824218,127,4261412864,4133511168,127,2286,0,50
1790872824268,127,4261412864,4133511168,127,2286,0,50
1790872824318,127,4261412864,4133511168,127,2286,0,50
1790872824368,127,4261412864,4133511168,127,2286,0,50
1790872824418,127,4261412864,4133511168,127,2286,0,50
1790872824468,127,4261412864,4133511168,127,2286,0,50
1790872824518,127,4261412864,4133511168,127,2286,0,50
1790872824568,127,4261412864,4133511168,127,2286,0,50
1790872824618,127,4261412864,4133511168,127,2286,0,50
1790872824668,127,4261412864,4133511168,127,2286,0,50
1790872824718,127,4261412864,4133511168,127,2286,0,50
1790872824768,127,4261412864,4133511168,127,2286,0,50
1790872824818,127,4261412864,4133511168,127,2286,0,50
1790872824868,127,4261412864,4133511168,127,2286,0,50
1790872824918,127,4261412864,4133511168,127,2286,0,50
1790872824968,127,4261412864,4133511168,127,2286,0,50
1790872825018,127,4261412864,4133511168,127,2286,0,50
1790872825068,127,4261412864,4133511168,127,2286,0,50
1790872825118,127,4261412864,4133511168,127,2286,0,50
1790872825168,127,4261412864,4133511168,127,2286,0,50
1790872825218,127,4261412864,4133511168,127,2286,0,50
1790872825268,127,4261412864,4133511168,127,2286,0,50
1790872825318,127,4261412864,4133511168,127,2286,0,50
1790872825368,127,4261412864,4133511168,127,2286,0,50
1790872825418,127,4261412864,4133511168,127,2286,0,50
1790872825468,127,4261412864,4133511168,127,2286,0,50
1790872825518,127,4261412864,4133511168,127,2286,0,50
1790872825568,127,4261412864,4133511168,127,2286,0,50
1790872825618,127,4261412864,4133511168,127,2286,0,50
1790872825668,127,4261412864,4133511168,127,2286,0,50
1790872825718,127,4261412864,4133511168,127,2286,0,50
1790872825768,127,4261412864,4133511168,127,2286,0,50
1790872825818,127,4261412864,4133511168,127,2286,0,50
1790872825868,127,4261412864,4133511168,127,2286,0,50
1790872825918,127,4261412864,4133511168,127,2286,0,50
1790872825968,127,4261412864,4133511168,127,2286,0,50
1790872826018,127,4261412864,4133511168,127,2286,0,50
1790872826068,127,4261412864,4133511168,127,2286,0,50
1790872826118,127,4261412864,4133511168,127,2286,0,50
1790872826168,127,4261412864,4133511168,127,2286,0,50
1790872826218,127,4261412864,4133511168,127,2286,0,50
1790872826268,127,4261412864,4133511168,127,2286,0,50
1790872826318,127,4261412864,4133511168,127,2286,0,50
1790872826368,127,4261412864,4133511168,127,2286,0,50
1790872826418,127,4261412864,4133511168,127,2286,0,50
1790872826468,127,4261412864,4133511168,127,2286,0,50
1790872826518,127,4261412864,4133511168,127,2286,0,50
1790872826568,127,4261412864,4133511168,127,2286,0,50
1790872826618,127,4261412864,4133511168,127,2286,0,50
1790872826668,127,4261412864,4133511168,127,2286,0,50
1790872826718,127,4261412864,4133511168,127,2286,0,50
1790872826768,127,4261412864,4133511168,127,2286,0,50
1790872826818,127,4261412864,4133511168,127,2286,0,50
1790872826868,127,4261412864,4133511168,127,2286,0,50
1790872826918,127,4261412864,4133511168,127,2286,0,50
1790872826968,127,4261412864,4133511168,127,2286,0,50
1790872827018,127,4261412864,4133511168,127,2286,0,50
1790872827068,127,4261412864,4133511168,127,2286,0,50
1790872827118,127,4261412864,4133511168,127,2286,0,50
1790872827168,127,4261412864,4133511168,127,2286,0,50
1790872827218,127,4261412864,4133511168,127,2286,0,50
1790872827268,127,4261412864,4133511168,127,2286,0,50
1790872827318,127,4261412864,4133511168,127,2286,0,50
1790872827368,127,4261412864,4133511168,127,2286,0,50
1790872827418,127,4261412864,4133511168,127,2286,0,50
1790872827468,127,4261412864,4133511168,127,2286,0,50
1790872827518,127,4261412864,4133511168,127,2286,0,50
1790872827568,127,4261412864,4133511168,127,2286,0,50
1790872827618,127,4261412864,4133511168,127,2286,0,50
1790872827668,127,4261412864,4133511168,127,2286,0,50
1790872827718,127,4261412864,4133511168,127,2286,0,50
1790872827768,127,4261412864,4133511168,127,2286,0,50
1790872827818,127,4261412864,4133511168,127,2286,0,50
1790872827868,127,4261412864,4133511168,127,2286,0,50
1790872827918,127,4261412864,4133511168,127,2286,0,50
1790872827968,127,4261412864,4133511168,127,2286,0,50
1790872828018,127,4261412864,4133511168,127,2286,0,50
1790872828068,127,4261412864,4133511168,127,2286,0,50
1790872828118,127,4261412864,4133511168,127,2286,0,50
1790872828168,127,4261412864,4133511168,127,2286,0,50
1790872828218,127,4261412864,4133511168,127,2286,0,50
1790872828268,127,4261412864,4133511168,127,2286,0,50
1790872828318,127,4261412864,4133511168,127,2286,0,50
1790872828368,127,4261412864,4133511168,127,2286,0,50
1790872828418,127,4261412864,4133511168,127,2286,0,50
1790872828468,127,4261412864,4133511168,127,2286,0,50
1790872828518,127,4261412864,4133511168,127,2286,0,50
1790872828568,127,4261412864,4133511168,127,2286,0,50
1790872828618,127,4261412864,4133511168,127,2286,0,50
1790872828668,127,4261412864,4133511168,127,2286,0,50
1790872828718,127,4261412864,4133511168,127,2286,0,50
1790872828768,127,4261412864,4133511168,127,2286,0,50
1790872828818,127,4261412864,4133511168,127,2286,0,50
1790872828868,127,4261412864,4133511168,127,2286,0,50
1790872828918,127,4261412864,4133511168,127,2286,0,50
1790872828968,127,4261412864,4133511168,127,2286,0,50
1790872829018,127,4261412864,4133511168,127,2286,0,50
1790872829068,127,4261412864,4133511168,127,2286,0,50
1790872829118,127,4261412864,4133511168,127,2286,0,50
1790872829168,127,4261412864,4133511168,127,2286,0,50
1790872829218,127,4261412864,4133511168,127,2286,0,50
1790872829268,127,4261412864,4133511168,127,2286,0,50
1790872829318,127,4261412864,4133511168,127,2286,0,50
1790872829368,127,4261412864,4133511168,127,2286,0,50
1790872829418,127,4261412864,4133511168,127,2286,0,50
1790872829468,127,4261412864,4133511168,127,2286,0,50
1790872829518,127,4261412864,4133511168,127,2286,0,50
1790872829568,127,4261412864,4133511168,127,2286,0,50
1790872829618,127,4261412864,4133511168,127,2286,0,50
1790872829668,127,4261412864,4133511168,127,2286,0,50
1790872829718,127,4261412864,4133511168,127,2286,0,50
1790872829768,127,4261412864,4133511168,127,2286,0,50
1790872829818,127,4261412864,4133511168,127,2286,0,50
1790872829868,127,4261412864,4133511168,127,2286,0,50
1790872829918,127,4261412864,4133511168,127,2286,0,50
1790872829968,127,4261412864,4133511168,127,2286,0,50
1790872830018,127,4261412864,4133511168,127,2286,0,50
1790872830068,127,4261412864,4133511168,127,2286,0,50
1790872830118,127,4261412864,4133511168,127,2286,0,50
1790872830168,127,4261412864,4133511168,127,2286,0,50
1790872830218,127,4261412864,4133511168,127,2286,0,50
1790872830268,127,4261412864,4133511168,127,2286,0,50
1790872830318,127,4261412864,4133511168,127,2286,0,50
1790872830368,127,4261412864,4133511168,127,2286,0,50
1790872830418,127,4261412864,4133511168,127,2286,0,50
1790872830468,127,4261412864,4133511168,127,2286,0,50
1790872830518,127,4261412864,4133511168,127,2286,0,50
1790872830568,127,4261412864,4133511168,127,2286,0,50
1790872830618,127,4261412864,4133511168,127,2286,0,50
1790872830668,127,4261412864,4133511168,127,2286,0,50
1790872830718,127,4261412864,4133511168,127,2286,0,50
1790872830768,127,4261412864,4133511168,127,2286,0,50
1790872830818,127,4261412864,4133511168,127,2286,0,50
1790872830868,127,4261412864,4133511168,127,2286,0,50
1790872830918,127,4261412864,4133511168,127,2286,0,50
1790872830968,127,4261412864,4133511168,127,2286,0,50
1790872831018,127,4261412864,4133511168,127,2286,0,50
1790872831068,127,4261412864,4133511168,127,2286,0,50
1790872831118,127,4261412864,4133511168,127,2286,0,50
1790872831168,127,4261412864,4133511168,127,2286,0,50
1790872831218,127,4261412864,4133511168,127,2286,0,50
1790872831268,127,4261412864,4133511168,127,2286,0,50
1790872831318,127,4261412864,4133511168,127,2286,0,50
1790872831368,127,4261412864,4133511168,127,2286,0,50
1790872831418,127,4261412864,4133511168,127,2286,0,50
1790872831468,127,4261412864,4133511168,127,2286,0,50
1790872831518,127,4261412864,4133511168,127,2286,0,50
1790872831568,127,4261412864,4133511168,127,2286,0,50
1790872831618,127,4261412864,4133511168,127,2286,0,50
1790872831668,127,4261412864,4133511168,127,2286,0,50
1790872831718,127,4261412864,4133511168,127,2286,0,50
1790872831768,127,4261412864,4133511168,127,2286,0,50
1790872831818,127,4261412864,4133511168,127,2286,0,50
1790872831868,127,4261412864,4133511168,127,2286,0,50
1790872831918,127,4261412864,4133511168,127,2286,0,50
1790872831968,127,4261412864,4133511168,127,2286,0,50
1790872832018,127,4261412864,4133511168,127,2286,0,50
1790872832068,127,4261412864,4133511168,127,2286,0,50
1790872832118,127,4261412864,4133511168,127,2286,0,50
1790872832168,127,4261412864,4133511168,127,2286,0,50
1790872832218,127,4261412864,4133511168,127,2286,0,50
1790872832268,127,4261412864,4133511168,127,2286,0,50
1790872832318,127,4261412864,4133511168,127,2286,0,50
1790872832368,127,4261412864,4133511168,127,2286,0,50
1790872832418,127,4261412864,4133511168,127,2286,0,50
1790872832468,127,4261412864,4133511168,127,2286,0,50
1790872832518,127,4261412864,4133511168,127,2286,0,50
1790872832568,127,4261412864,4133511168,127,2286,0,50
1790872832618,127,4261412864,4133511168,127,2286,0,50
1790872832668,127,4261412864,4133511168,127,2286,0,50
1790872832718,127,4261412864,4133511168,127,2286,0,50
1790872832768,127,4261412864,4133511168,127,2286,0,50
1790872832818,127,4261412864,4133511168,127,2286,0,50
1790872832868,127,4261412864,4133511168,127,2286,0,50
1790872832918,127,4261412864,4133511168,127,2286,0,50
1790872832968,127,4261412864,4133511168,127,2286,0,50
1790872833018,127,4261412864,4133511168,127,2286,0,50
1790872833068,127,4261412864,4133511168,127,2286,0,50
1790872833118,127,4261412864,4133511168,127,2286,0,50
1790872833168,127,4261412864,4133511168,127,2286,0,50
1790872833218,127,4261412864,4133511168,127,2286,0,50
1790872833268,127,4261412864,4133511168,127,2286,0,50
1790872833318,127,4261412864,4133511168,127,2286,0,50
1790872833368,127,4261412864,4133511168,127,2286,0,50
1790872833418,127,4261412864,4133511168,127,2286,0,50
1790872833468,127,4261412864,4133511168,127,2286,0,50
1790872833518,127,4261412864,4133511168,127,2286,0,50
1790872833568,127,4261412864,4133511168,127,2286,0,50
1790872833618,127,4261412864,4133511168,127,2286,0,50
1790872833668,127,4261412864,4133511168,127,2286,0,50
1790872833718,127,4261412864,4133511168,127,2286,0,50
1790872833768,127,4261412864,4133511168,127,2286,0,50
1790872833818,127,4261412864,4133511168,127,2286,0,50
1790872833868,127,4261412864,4133511168,127,2286,0,50
1790872833918,127,4261412864,4133511168,127,2286,0,50
1790872833968,127,4261412864,4133511168,127,2286,0,50
1790872834018,127,4261412864,4133511168,127,2286,0,50
1790872834068,127,4261412864,4133511168,127,2286,0,50
1790872834118,127,4261412864,4133511168,127,2286,0,50
1790872834168,127,4261412864,4133511168,127,2286,0,50
1790872834218,127,4261412864,4133511168,127,2286,0,50
1790872834268,127,4261412864,4133511168,127,2286,0,50
1790872834318,127,4261412864,4133511168,127,2286,0,50
1790872834368,127,4261412864,4133511168,127,2286,0,50
1790872834418,127,4261412864,4133511168,127,2286,0,50
1790872834468,127,4261412864,4133511168,127,2286,0,50
1790872834518,127,4261412864,4133511168,127,2286,0,50
1790872834568,127,4261412864,4133511168,127,2286,0,50
1790872834618,127,4261412864,4133511168,127,2286,0,50
1790872834668,127,4261412864,4133511168,127,2286,0,50
1790872834718,127,4261412864,4133511168,127,2286,0,50
1790872834768,127,4261412864,4133511168,127,2286,0,50
1790872834818,127,4261412864,4133511168,127,2286,0,50
1790872834868,127,4261412864,4133511168,127,2286,0,50
1790872834918,127,4261412864,4133511168,127,2286,0,50
1790872834968,127,4261412864,4133511168,127,2286,0,50
1790872835018,127,4261412864,4133511168,127,2286,0,50
1790872835068,127,4261412864,4133511168,127,2286,0,50
1790872835118,127,4261412864,4133511168,127,2286,0,50
1790872835168,127,4261412864,4133511168,127,2286,0,50
1790872835218,127,4261412864,4133511168,127,2286,0,50
1790872835268,127,4261412864,4133511168,127,2286,0,50
1790872835318,127,4261412864,4133511168,127,2286,0,50
1790872835368,127,4261412864,4133511168,127,2286,0,50
1790872835418,127,4261412864,4133511168,127,2286,0,50
1790872835468,127,4261412864,4133511168,127,2286,0,50
1790872835518,127,4261412864,4133511168,127,2286,0,50
1790872835568,127,4261412864,4133511168,127,2286,0,50
1790872835618,127,4261412864,4133511168,127,2286,0,50
1790872835668,127,4261412864,4133511168,127,2286,0,50
1790872835718,127,4261412864,4133511168,127,2286,0,50
1790872835768,127,4261412864,4133511168,127,2286,0,50
1790872835818,127,4261412864,4133511168,127,2286,0,50
1790872835868,127,4261412864,4133511168,127,2286,0,50
1790872835918,127,4261412864,4133511168,127,2286,0,50
1790872835968,127,4261412864,4133511168,127,2286,0,50
1790872836018,127,4261412864,4133511168,127,2286,0,50
1790872836068,127,4261412864,4133511168,127,2286,0,50
1790872836118,127,4261412864,4133511168,127,2286,0,50
1790872836168,127,4261412864,4133511168,127,2286,0,50
1790872836218,127,4261412864,4133511168,127,2286,0,50
1790872836268,127,4261412864,4133511168,127,2286,0,50
1790872836318,127,4261412864,4133511168,127,2286,0,50
1790872836368,127,4261412864,4133511168,127,2286,0,50
1790872836418,127,4261412864,4133511168,127,2286,0,50
1790872836468,127,4261412864,4133511168,127,2286,0,50
1790872836518,127,4261412864,4133511168,127,2286,0,50
1790872836568,127,4261412864,4133511168,127,2286,0,50
1790872836618,127,4261412864,4133511168,127,2286,0,50
1790872836668,127,4261412864,4133511168,127,2286,0,50
1790872836718,127,4261412864,4133511168,127,2286,0,50
1790872836768,127,4261412864,4133511168,127,2286,0,50
1790872836818,127,4261412864,4133511168,127,2286,0,50
1790872836868,127,4261412864,4133511168,127,2286,0,50
1790872836918,127,4261412864,4133511168,127,2286,0,50
1790872836968,127,4261412864,4133511168,127,2286,0,50
1790872837018,127,4261412864,4133511168,127,2286,0,50
1790872837068,127,4261412864,4133511168,127,2286,0,50
1790872837118,127,4261412864,4133511168,127,2286,0,50
1790872837168,127,4261412864,4133511168,127,2286,0,50
1790872837218,127,4261412864,4133511168,127,2286,0,50
1790872837268,127,4261412864,4133511168,127,2286,0,50
1790872837318,127,4261412864,4133511168,127,2286,0,50
1790872837368,127,4261412864,4133511168,127,2286,0,50
1790872837418,127,4261412864,4133511168,127,2286,0,50
1790872837468,127,4261412864,4133511168,127,2286,0,50
1790872837518,127,4261412864,4133511168,127,2286,0,50
1790872837568,127,4261412864,4133511168,127,2286,0,50
1790872837618,127,4261412864,4133511168,127,2286,0,50
1790872837668,127,4261412864,4133511168,127,2286,0,50
1790872837718,127,4261412864,4133511168,127,2286,0,50
1790872837768,127,4261412864,4133511168,127,2286,0,50
1790872837818,127,4261412864,4133511168,127,2286,0,50
1790872837868,127,4261412864,4133511168,127,2286,0,50
1790872837918,127,4261412864,4133511168,127,2286,0,50
1790872837968,127,4261412864,4133511168,127,2286,0,50
1790872838018,127,4261412864,4133511168,127,2286,0,50
1790872838068,127,4261412864,4133511168,127,2286,0,50
1790872838118,127,4261412864,4133511168,127,2286,0,50
1790872838168,127,4261412864,4133511168,127,2286,0,50
1790872838218,127,4261412864,4133511168,127,2286,0,50
1790872838268,127,4261412864,4133511168,127,2286,0,50
1790872838318,127,4261412864,4133511168,127,2286,0,50
1790872838368,127,4261412864,4133511168,127,2286,0,50
1790872838418,127,4261412864,4133511168,127,2286,0,50
1790872838468,127,4261412864,4133511168,127,2286,0,50
1790872838518,127,4261412864,4133511168,127,2286,0,50
1790872838568,127,4261412864,4133511168,127,2286,0,50
1790872838618,127,4261412864,4133511168,127,2286,0,50
1790872838668,127,4261412864,4133511168,127,2286,0,50
1790872838718,127,4261412864,4133511168,127,2286,0,50
1790872838768,127,4261412864,4133511168,127,2286,0,50
1790872838818,127,4261412864,4133511168,127,2286,0,50
1790872838868,127,4261412864,4133511168,127,2286,0,50
1790872838918,127,4261412864,4133511168,127,2286,0,50
1790872838968,127,4261412864,4133511168,127,2286,0,50
1790872839018,127,4261412864,4133511168,127,2286,0,50
1790872839068,127,4261412864,4133511168,127,2286,0,50
1790872839118,127,4261412864,4133511168,127,2286,0,50
1790872839168,127,4261412864,4133511168,127,2286,0,50
1790872839218,127,4261412864,4133511168,127,2286,0,50
1790872839268,127,4261412864,4133511168,127,2286,0,50
1790872839318,127,4261412864,4133511168,127,2286,0,50
1790872839368,127,4261412864,4133511168,127,2286,0,50
1790872839418,127,4261412864,4133511168,127,2286,0,50
1790872839468,127,4261412864,4133511168,127,2286,0,50
1790872839518,127,4261412864,4133511168,127,2286,0,50
1790872839568,127,4261412864,4133511168,127,2286,0,50
1790872839618,127,4261412864,4133511168,127,2286,0,50
1790872839668,127,4261412864,4133511168,127,2286,0,50
1790872839718,127,4261412864,4133511168,127,2286,0,50
1790872839768,127,4261412864,4133511168,127,2286,0,50
1790872839818,127,4261412864,4133511168,127,2286,0,50
1790872839868,127,4261412864,4133511168,127,2286,0,50
1790872839918,127,4261412864,4133511168,127,2286,0,50
1790872839968,127,4261412864,4133511168,127,2286,0,50
1790872840018,127,4261412864,4133511168,127,2286,0,50
1790872840068,127,4261412864,4133511168,127,2286,0,50
1790872840118,127,4261412864,4133511168,127,2286,0,50
1790872840168,127,4261412864,4133511168,127,2286,0,50
1790872840218,127,4261412864,4133511168,127,2286,0,50
1790872840268,127,4261412864,4133511168,127,2286,0,50
1790872840318,127,4261412864,4133511168,127,2286,0,50
1790872840368,127,4261412864,4133511168,127,2286,0,50
1790872840418,127,4261412864,4133511168,127,2286,0,50
1790872840468,127,4261412864,4133511168,127,2286,0,50
1790872840518,127,4261412864,4133511168,127,2286,0,50
1790872840568,127,4261412864,4133511168,127,2286,0,50
1790872840618,127,4261412864,4133511168,127,2286,0,50
1790872840668,127,4261412864,4133511168,127,2286,0,50
1790872840718,127,4261412864,4133511168,127,2286,0,50
1790872840768,127,4261412864,4133511168,127,2286,0,50
1790872840818,127,4261412864,4133511168,127,2286,0,50
1790872840868,127,4261412864,4133511168,127,2286,0,50
1790872840918,127,4261412864,4133511168,127,2286,0,50
1790872840968,127,4261412864,4133511168,127,2286,0,50
1790872841018,127,4261412864,4133511168,127,2286,0,50
1790872841068,127,4261412864,4133511168,127,2286,0,50
1790872841118,127,4261412864,4133511168,127,2286,0,50
1790872841168,127,4261412864,4133511168,127,2286,0,50
1790872841218,127,4261412864,4133511168,127,2286,0,50
1790872841268,127,4261412864,4133511168,127,2286,0,50
1790872841318,127,4261412864,4133511168,127,2286,0,50
1790872841368,127,4261412864,4133511168,127,2286,0,50
1790872841418,127,4261412864,4133511168,127,2286,0,50
1790872841468,127,4261412864,4133511168,127,2286,0,50
1790872841518,127,4261412864,4133511168,127,2286,0,50
1790872841568,127,4261412864,4133511168,127,2286,0,50
1790872841618,127,4261412864,4133511168,127,2286,0,50
1790872841668,127,4261412864,4133511168,127,2286,0,50
1790872841718,127,4261412864,4133511168,127,2286,0,50
1790872841768,127,4261412864,4133511168,127,2286,0,50
1790872841818,127,4261412864,4133511168,127,2286,0,50
1790872841868,127,4261412864,4133511168,127,2286,0,50
1790872841918,127,4261412864,4133511168,127,2286,0,50
1790872841968,127,4261412864,4133511168,127,2286,0,50
1790872842018,127,4261412864,4133511168,127,2286,0,50
1790872842068,127,4261412864,4133511168,127,2286,0,50
1790872842118,127,4261412864,4133511168,127,2286,0,50
1790872842168,127,4261412864,4133511168,127,2286,0,50
1790872842218,127,4261412864,4133511168,127,2286,0,50
1790872842268,127,4261412864,4133511168,127,2286,0,50
1790872842318,127,4261412864,4133511168,127,2286,0,50
1790872842368,127,4261412864,4133511168,127,2286,0,50
1790872842418,127,4261412864,4133511168,127,2286,0,50
1790872842468,127,4261412864,4133511168,127,2286,0,50
1790872842518,127,4261412864,4133511168,127,2286,0,50
1790872842568,127,4261412864,4133511168,127,2286,0,50
1790872842618,127,4261412864,4133511168,127,2286,0,50
1790872842668,127,4261412864,4133511168,127,2286,0,50
1790872842718,127,4261412864,4133511168,127,2286,0,50
1790872842768,127,4261412864,4133511168,127,2286,0,50
1790872842818,127,4261412864,4133511168,127,2286,0,50
1790872842868,127,4261412864,4133511168,127,2286,0,50
1790872842918,127,4261412864,4133511168,127,2286,0,50
1790872842968,127,4261412864,4133511168,127,2286,0,50
1790872843018,127,4261412864,4133511168,127,2286,0,50
1790872843068,127,4261412864,4133511168,127,2286,0,50
1790872843118,127,4261412864,4133511168,127,2286,0,50
1790872843168,127,4261412864,4133511168,127,2286,0,50
1790872843218,127,4261412864,4133511168,127,2286,0,50
1790872843268,127,4261412864,4133511168,127,2286,0,50
1790872843318,127,4261412864,4133511168,127,2286,0,50
1790872843368,127,4261412864,4133511168,127,2286,0,50
1790872843418,127,4261412864,4133511168,127,2286,0,50
1790872843468,127,4261412864,4133511168,127,2286,0,50
1790872843518,127,4261412864,4133511168,127,2286,0,50
1790872843568,127,4261412864,4133511168,127,2286,0,50
1790872843618,127,4261412864,4133511168,127,2286,0,50
1790872843668,127,4261412864,4133511168,127,2286,0,50
1790872843718,127,4261412864,4133511168,127,2286,0,50
1790872843768,127,4261412864,4133511168,127,2286,0,50
1790872843818,127,4261412864,4133511168,127,2286,0,50
1790872843868,127,4261412864,4133511168,127,2286,0,50
1790872843918,127,4261412864,4133511168,127,2286,0,50
1790872843968,127,4261412864,4133511168,127,2286,0,50
1790872844018,127,4261412864,4133511168,127,2286,0,50
1790872844068,127,4261412864,4133511168,127,2286,0,50
1790872844118,127,4261412864,4133511168,127,2286,0,50
1790872844168,127,4261412864,4133511168,127,2286,0,50
1790872844218,127,4261412864,4133511168,127,2286,0,50
1790872844268,127,4261412864,4133511168,127,2286,0,50
1790872844318,127,4261412864,4133511168,127,2286,0,50
1790872844368,127,4261412864,4133511168,127,2286,0,50
1790872844418,127,4261412864,4133511168,127,2286,0,50
1790872844468,127,4261412864,4133511168,127,2286,0,50
1790872844518,127,4261412864,4133511168,127,2286,0,50
1790872844568,127,4261412864,4133511168,127,2286,0,50
1790872844618,127,4261412864,4133511168,127,2286,0,50
1790872844668,127,4261412864,4133511168,127,2286,0,50
1790872844718,127,4261412864,4133511168,127,2286,0,50
1790872844768,127,4261412864,4133511168,127,2286,0,50
1790872844818,127,4261412864,4133511168,127,2286,0,50
1790872844868,127,4261412864,4133511168,127,2286,0,50
1790872844918,127,4261412864,4133511168,127,2286,0,50
1790872844968,127,4261412864,4133511168,127,2286,0,50
1790872845018,127,4261412864,4133511168,127,2286,0,50
1790872845068,127,4261412864,4133511168,127,2286,0,50
1790872845118,127,4261412864,4133511168,127,2286,0,50
1790872845168,127,4261412864,4133511168,127,2286,0,50
1790872845218,127,4261412864,4133511168,127,2286,0,50
1790872845268,127,4261412864,4133511168,127,2286,0,50
1790872845318,127,4261412864,4133511168,127,2286,0,50
1790872845368,127,4261412864,4133511168,127,2286,0,50
1790872845418,127,4261412864,4133511168,127,2286,0,50
1790872845468,127,4261412864,4133511168,127,2286,0,50
1790872845518,127,4261412864,4133511168,127,2286,0,50
1790872845568,127,4261412864,4133511168,127,2286,0,50
1790872845618,127,4261412864,4133511168,127,2286,0,50
1790872845668,127,4261412864,4133511168,127,2286,0,50
1790872845718,127,4261412864,4133511168,127,2286,0,50
1790872845768,127,4261412864,4133511168,127,2286,0,50
1790872845818,127,4261412864,4133511168,127,2286,0,50
1790872845868,127,4261412864,4133511168,127,2286,0,50
1790872845918,127,4261412864,4133511168,127,2286,0,50
1790872845968,127,4261412864,4133511168,127,2286,0,50
1790872846018,127,4261412864,4133511168,127,2286,0,50
1790872846068,127,4261412864,4133511168,127,2286,0,50
1790872846118,127,4261412864,4133511168,127,2286,0,50
1790872846168,127,4261412864,4133511168,127,2286,0,50
1790872846218,127,4261412864,4133511168,127,2286,0,50
1790872846268,127,4261412864,4133511168,127,2286,0,50
1790872846318,127,4261412864,4133511168,127,2286,0,50
1790872846368,127,4261412864,4133511168,127,2286,0,50
1790872846418,127,4261412864,4133511168,127,2286,0,50
1790872846468,127,4261412864,4133511168,127,2286,0,50
1790872846518,127,4261412864,4133511168,127,2286,0,50
1790872846568,127,4261412864,4133511168,127,2286,0,50
1790872846618,127,4261412864,4133511168,127,2286,0,50
1790872846668,127,4261412864,4133511168,127,2286,0,50
1790872846718,127,4261412864,4133511168,127,2286,0,50
1790872846768,127,4261412864,4133511168,127,2286,0,50
1790872846818,127,4261412864,4133511168,127,2286,0,50
1790872846868,127,4261412864,4133511168,127,2286,0,50
1790872846918,127,4261412864,4133511168,127,2286,0,50
1790872846968,127,4261412864,4133511168,127,2286,0,50
1790872847018,127,4261412864,4133511168,127,2286,0,50
1790872847068,127,4261412864,4133511168,127,2286,0,50
1790872847118,127,4261412864,4133511168,127,2286,0,50
1790872847168,127,4261412864,4133511168,127,2286,0,50
1790872847218,127,4261412864,4133511168,127,2286,0,50
1790872847268,127,4261412864,4133511168,127,2286,0,50
1790872847318,127,4261412864,4133511168,127,2286,0,50
1790872847368,127,4261412864,4133511168,127,2286,0,50
1790872847418,127,4261412864,4133511168,127,2286,0,50
1790872847468,127,4261412864,4133511168,127,2286,0,50
1790872847518,127,4261412864,4133511168,127,2286,0,50
1790872847568,127,4261412864,4133511168,127,2286,0,50
1790872847618,127,4261412864,4133511168,127,2286,0,50
1790872847668,127,4261412864,4133511168,127,2286,0,50
1790872847718,127,4261412864,4133511168,127,2286,0,50
1790872847768,127,4261412864,4133511168,127,2286,0,50
1790872847818,127,4261412864,4133511168,127,2286,0,50
1790872847868,127,4261412864,4133511168,127,2286,0,50
1790872847918,127,4261412864,4133511168,127,2286,0,50
1790872847968,127,4261412864,4133511168,127,2286,0,50
1790872848018,127,4261412864,4133511168,127,2286,0,50
1790872848068,127,4261412864,4133511168,127,2286,0,50
1790872848118,127,4261412864,4133511168,127,2286,0,50
1790872848168,127,4261412864,4133511168,127,2286,0,50
1790872848218,127,4261412864,4133511168,127,2286,0,50
1790872848268,127,4261412864,4133511168,127,2286,0,50
1790872848318,127,4261412864,4133511168,127,2286,0,50
1790872848368,127,4261412864,4133511168,127,2286,0,50
1790872848418,127,4261412864,4133511168,127,2286,0,50
1790872848468,127,4261412864,4133511168,127,2286,0,50
1790872848518,127,4261412864,4133511168,127,2286,0,50
1790872848568,127,4261412864,4133511168,127,2286,0,50
1790872848618,127,4261412864,4133511168,127,2286,0,50
1790872848668,127,4261412864,4133511168,127,2286,0,50
1790872848718,127,4261412864,4133511168,127,2286,0,50
1790872848768,127,4261412864,4133511168,127,2286,0,50
1790872848818,127,4261412864,4133511168,127,2286,0,50
1790872848868,127,4261412864,4133511168,127,2286,0,50
1790872848918,127,4261412864,4133511168,127,2286,0,50
1790872848968,127,4261412864,4133511168,127,2286,0,50
1790872849018,127,4261412864,4133511168,127,2286,0,50
1790872849068,127,4261412864,4133511168,127,2286,0,50
1790872849118,127,4261412864,4133511168,127,2286,0,50
1790872849168,127,4261412864,4133511168,127,2286,0,50
1790872849218,127,4261412864,4133511168,127,2286,0,50
1790872849268,127,4261412864,4133511168,127,2286,0,50
1790872849318,127,4261412864,4133511168,127,2286,0,50
1790872849368,127,4261412864,4133511168,127,2286,0,50
1790872849418,127,4261412864,4133511168,127,2286,0,50
1790872849468,127,4261412864,4133511168,127,2286,0,50
1790872849518,127,4261412864,4133511168,127,2286,0,50
1790872849568,127,4261412864,4133511168,127,2286,0,50
1790872849618,127,4261412864,4133511168,127,2286,0,50
1790872849668,127,4261412864,4133511168,127,2286,0,50
1790872849718,127,4261412864,4133511168,127,2286,0,50
1790872849768,127,4261412864,4133511168,127,2286,0,50
1790872849818,127,4261412864,4133511168,127,2286,0,50
1790872849868,127,4261412864,4133511168,127,2286,0,50
1790872849918,127,4261412864,4133511168,127,2286,0,50
1790872849968,127,4261412864,4133511168,127,2286,0,50
1790872850018,127,4261412864,4133511168,127,2286,0,50
1790872850068,127,4261412864,4133511168,127,2286,0,50
1790872850118,127,4261412864,4133511168,127,2286,0,50
1790872850168,127,4261412864,4133511168,127,2286,0,50
1790872850218,127,4261412864,4133511168,127,2286,0,50
1790872850268,127,4261412864,4133511168,127,2286,0,50
1790872850318,127,4261412864,4133511168,127,2286,0,50
1790872850368,127,4261412864,4133511168,127,2286,0,50
1790872850418,127,4261412864,4133511168,127,2286,0,50
1790872850468,127,4261412864,4133511168,127,2286,0,50
1790872850518,127,4261412864,4133511168,127,2286,0,50
1790872850568,127,4261412864,4133511168,127,2286,0,50
1790872850618,127,4261412864,4133511168,127,2286,0,50
1790872850668,127,4261412864,4133511168,127,2286,0,50
1790872850718,127,4261412864,4133511168,127,2286,0,50
1790872850768,127,4261412864,4133511168,127,2286,0,50
1790872850818,127,4261412864,4133511168,127,2286,0,50
1790872850868,127,4261412864,4133511168,127,2286,0,50
1790872850918,127,4261412864,4133511168,127,2286,0,50
1790872850968,127,4261412864,4133511168,127,2286,0,50
1790872851018,127,4261412864,4133511168,127,2286,0,50
1790872851068,127,4261412864,4133511168,127,2286,0,50
1790872851118,127,4261412864,4133511168,127,2286,0,50
1790872851168,127,4261412864,4133511168,127,2286,0,50
1790872851218,127,4261412864,4133511168,127,2286,0,50
1790872851268,127,4261412864,4133511168,127,2286,0,50
1790872851318,127,4261412864,4133511168,127,2286,0,50
1790872851368,127,4261412864,4133511168,127,2286,0,50
1790872851418,127,4261412864,4133511168,127,2286,0,50
1790872851468,127,4261412864,4133511168,127,2286,0,50
1790872851518,127,4261412864,4133511168,127,2286,0,50
1790872851568,127,4261412864,4133511168,127,2286,0,50
1790872851618,127,4261412864,4133511168,127,2286,0,50
1790872851668,127,4261412864,4133511168,127,2286,0,50
1790872851718,127,4261412864,4133511168,127,2286,0,50
1790872851768,127,4261412864,4133511168,127,2286,0,50
1790872851818,127,4261412864,4133511168,127,2286,0,50
1790872851868,127,4261412864,4133511168,127,2286,0,50
1790872851918,127,4261412864,4133511168,127,2286,0,50
1790872851968,127,4261412864,4133511168,127,2286,0,50
1790872852018,127,4261412864,4133511168,127,2286,0,50
1790872852068,127,4261412864,4133511168,127,2286,0,50
1790872852118,127,4261412864,4133511168,127,2286,0,50
1790872852168,127,4261412864,4133511168,127,2286,0,50
1790872852218,127,4261412864,4133511168,127,2286,0,50
1790872852268,127,4261412864,4133511168,127,2286,0,50
1790872852318,127,4261412864,4133511168,127,2286,0,50
1790872852368,127,4261412864,4133511168,127,2286,0,50
1790872852418,127,4261412864,4133511168,127,2286,0,50
1790872852468,127,4261412864,4133511168,127,2286,0,50
1790872852518,127,4261412864,4133511168,127,2286,0,50
1790872852568,127,4261412864,4133511168,127,2286,0,50
1790872852618,127,4261412864,4133511168,127,2286,0,50
1790872852668,127,4261412864,4133511168,127,2286,0,50
1790872852718,127,4261412864,4133511168,127,2286,0,50
1790872852768,127,4261412864,4133511168,127,2286,0,50
1790872852818,127,4261412864,4133511168,127,2286,0,50
1790872852868,127,4261412864,4133511168,127,2286,0,50
1790872852918,127,4261412864,4133511168,127,2286,0,50
1790872852968,127,4261412864,4133511168,127,2286,0,50
1790872853018,127,4261412864,4133511168,127,2286,0,50
1790872853068,127,4261412864,4133511168,127,2286,0,50
1790872853118,127,4261412864,4133511168,127,2286,0,50
1790872853168,127,4261412864,4133511168,127,2286,0,50
1790872853218,127,4261412864,4133511168,127,2286,0,50
1790872853268,127,4261412864,4133511168,127,2286,0,50
1790872853318,127,4261412864,4133511168,127,2286,0,50
1790872853368,127,4261412864,4133511168,127,2286,0,50
1790872853418,127,4261412864,4133511168,127,2286,0,50
1790872853468,127,4261412864,4133511168,127,2286,0,50
1790872853518,127,4261412864,4133511168,127,2286,0,50
1790872853568,127,4261412864,4133511168,127,2286,0,50
1790872853618,127,4261412864,4133511168,127,2286,0,50
1790872853668,127,4261412864,4133511168,127,2286,0,50
1790872853718,127,4261412864,4133511168,127,2286,0,50
1790872853768,127,4261412864,4133511168,127,2286,0,50
1790872853818,127,4261412864,4133511168,127,2286,0,50
1790872853868,127,4261412864,4133511168,127,2286,0,50
1790872853918,127,4261412864,4133511168,127,2286,0,50
1790872853968,127,4261412864,4133511168,127,2286,0,50
1790872854018,127,4261412864,4133511168,127,2286,0,50
1790872854068,127,4261412864,4133511168,127,2286,0,50
1790872854118,127,4261412864,4133511168,127,2286,0,50
1790872854168,127,4261412864,4133511168,127,2286,0,50
1790872854218,127,4261412864,4133511168,127,2286,0,50
1790872854268,127,4261412864,4133511168,127,2286,0,50
1790872854318,127,4261412864,4133511168,127,2286,0,50
1790872854368,127,4261412864,4133511168,127,2286,0,50
1790872854418,127,4261412864,4133511168,127,2286,0,50
1790872854468,127,4261412864,4133511168,127,2286,0,50
1790872854518,127,4261412864,4133511168,127,2286,0,50
1790872854568,127,4261412864,4133511168,127,2286,0,50
1790872854618,127,4261412864,4133511168,127,2286,0,50
1790872854668,127,4261412864,4133511168,127,2286,0,50
1790872854718,127,4261412864,4133511168,127,2286,0,50
1790872854768,127,4261412864,4133511168,127,2286,0,50
1790872854818,127,4261412864,4133511168,127,2286,0,50
1790872854868,127,4261412864,4133511168,127,2286,0,50
1790872854918,127,4261412864,4133511168,127,2286,0,50
1790872854968,127,4261412864,4133511168,127,2286,0,50
1790872855018,127,4261412864,4133511168,127,2286,0,50
1790872855068,127,4261412864,4133511168,127,2286,0,50
1790872855118,127,4261412864,4133511168,127,2286,0,50
1790872855168,127,4261412864,4133511168,127,2286,0,50
1790872855218,127,4261412864,4133511168,127,2286,0,50
1790872855268,127,4261412864,4133511168,127,2286,0,50
1790872855318,127,4261412864,4133511168,127,2286,0,50
1790872855368,127,4261412864,4133511168,127,2286,0,50
1790872855418,127,4261412864,4133511168,127,2286,0,50
1790872855468,127,4261412864,4133511168,127,2286,0,50
1790872855518,127,4261412864,4133511168,127,2286,0,50
1790872855568,127,4261412864,4133511168,127,2286,0,50
1790872855618,127,4261412864,4133511168,127,2286,0,50
1790872855668,127,4261412864,4133511168,127,2286,0,50
1790872855718,127,4261412864,4133511168,127,2286,0,50
1790872855768,127,4261412864,4133511168,127,2286,0,50
1790872855818,127,4261412864,4133511168,127,2286,0,50
1790872855868,127,4261412864,4133511168,127,2286,0,50
1790872855918,127,4261412864,4133511168,127,2286,0,50
1790872855968,127,4261412864,4133511168,127,2286,0,50
1790872856018,127,4261412864,4133511168,127,2286,0,50
1790872856068,127,4261412864,4133511168,127,2286,0,50
1790872856118,127,4261412864,4133511168,127,2286,0,50
1790872856168,127,4261412864,4133511168,127,2286,0,50
1790872856218,127,4261412864,4133511168,127,2286,0,50
1790872856268,127,4261412864,4133511168,127,2286,0,50
1790872856318,127,4261412864,4133511168,127,2286,0,50
1790872856368,127,4261412864,4133511168,127,2286,0,50
1790872856418,127,4261412864,4133511168,127,2286,0,50
1790872856468,127,4261412864,4133511168,127,2286,0,50
1790872856518,127,4261412864,4133511168,127,2286,0,50
1790872856568,127,4261412864,4133511168,127,2286,0,50
1790872856618,127,4261412864,4133511168,127,2286,0,50
1790872856668,127,4261412864,4133511168,127,2286,0,50
1790872856718,127,4261412864,4133511168,127,2286,0,50
1790872856768,127,4261412864,4133511168,127,2286,0,50
1790872856818,127,4261412864,4133511168,127,2286,0,50
1790872856868,127,4261412864,4133511168,127,2286,0,50
1790872856918,127,4261412864,4133511168,127,2286,0,50
1790872856968,127,4261412864,4133511168,127,2286,0,50
1790872857018,127,4261412864,4133511168,127,2286,0,50
1790872857068,127,4261412864,4133511168,127,2286,0,50
1790872857118,127,4261412864,4133511168,127,2286,0,50
1790872857168,127,4261412864,4133511168,127,2286,0,50
1790872857218,127,4261412864,4133511168,127,2286,0,50
1790872857268,127,4261412864,4133511168,127,2286,0,50
1790872857318,127,4261412864,4133511168,127,2286,0,50
1790872857368,127,4261412864,4133511168,127,2286,0,50
1790872857418,127,4261412864,4133511168,127,2286,0,50
1790872857468,127,4261412864,4133511168,127,2286,0,50
1790872857518,127,4261412864,4133511168,127,2286,0,50
1790872857568,127,4261412864,4133511168,127,2286,0,50
1790872857618,127,4261412864,4133511168,127,2286,0,50
1790872857668,127,4261412864,4133511168,127,2286,0,50
1790872857718,127,4261412864,4133511168,127,2286,0,50
1790872857768,127,4261412864,4133511168,127,2286,0,50
1790872857818,127,4261412864,4133511168,127,2286,0,50
1790872857868,127,4261412864,4133511168,127,2286,0,50
1790872857918,127,4261412864,4133511168,127,2286,0,50
1790872857968,127,4261412864,4133511168,127,2286,0,50
1790872858018,127,4261412864,4133511168,127,2286,0,50
1790872858068,127,4261412864,4133511168,127,2286,0,50
1790872858118,127,4261412864,4133511168,127,2286,0,50
1790872858168,127,4261412864,4133511168,127,2286,0,50
1790872858218,127,4261412864,4133511168,127,2286,0,50
1790872858268,127,4261412864,4133511168,127,2286,0,50
1790872858318,127,4261412864,4133511168,127,2286,0,50
1790872858368,127,4261412864,4133511168,127,2286,0,50
1790872858418,127,4261412864,4133511168,127,2286,0,50
1790872858468,127,4261412864,4133511168,127,2286,0,50
1790872858518,127,4261412864,4133511168,127,2286,0,50
1790872858568,127,4261412864,4133511168,127,2286,0,50
1790872858618,127,4261412864,4133511168,127,2286,0,50
1790872858668,127,4261412864,4133511168,127,2286,0,50
1790872858718,127,4261412864,4133511168,127,2286,0,50
1790872858768,127,4261412864,4133511168,127,2286,0,50
1790872858818,127,4261412864,4133511168,127,2286,0,50
1790872858868,127,4261412864,4133511168,127,2286,0,50
1790872858918,127,4261412864,4133511168,127,2286,0,50
1790872858968,127,4261412864,4133511168,127,2286,0,50
1790872859018,127,4261412864,4133511168,127,2286,0,50
1790872859068,127,4261412864,4133511168,127,2286,0,50
1790872859118,127,4261412864,4133511168,127,2286,0,50
1790872859168,127,4261412864,4133511168,127,2286,0,50
1790872859218,127,4261412864,4133511168,127,2286,0,50
1790872859268,127,4261412864,4133511168,127,2286,0,50
1790872859318,127,4261412864,4133511168,127,2286,0,50
1790872859368,127,4261412864,4133511168,127,2286,0,50
1790872859418,127,4261412864,4133511168,127,2286,0,50
1790872859468,127,4261412864,4133511168,127,2286,0,50
1790872859518,127,4261412864,4133511168,127,2286,0,50
1790872859568,127,4261412864,4133511168,127,2286,0,50
1790872859618,127,4261412864,4133511168,127,2286,0,50
1790872859668,127,4261412864,4133511168,127,2286,0,50
1790872859718,127,4261412864,4133511168,127,2286,0,50
1790872859768,127,4261412864,4133511168,127,2286,0,50
1790872859818,127,4261412864,4133511168,127,2286,0,50
1790872859868,127,4261412864,4133511168,127,2286,0,50
1790872859918,127,4261412864,4133511168,127,2286,0,50
1790872859968,127,4261412864,4133511168,127,2286,0,50
1790872860018,127,4261412864,4133511168,127,2286,0,50
1790872860068,127,4261412864,4133511168,127,2286,0,50
1790872860118,127,4261412864,4133511168,127,2286,0,50
1790872860168,127,4261412864,4133511168,127,2286,0,50
1790872860218,127,4261412864,4133511168,127,2286,0,50
1790872860268,127,4261412864,4133511168,127,2286,0,50
1790872860318,127,4261412864,4133511168,127,2286,0,50
1790872860368,127,4261412864,4133511168,127,2286,0,50
1790872860418,127,4261412864,4133511168,127,2286,0,50
1790872860468,127,4261412864,4133511168,127,2286,0,50
1790872860518,127,4261412864,4133511168,127,2286,0,50
1790872860568,127,4261412864,4133511168,127,2286,0,50
1790872860618,127,4261412864,4133511168,127,2286,0,50
1790872860668,127,4261412864,4133511168,127,2286,0,50
1790872860718,127,4261412864,4133511168,127,2286,0,50
1790872860768,127,4261412864,4133511168,127,2286,0,50
1790872860818,127,4261412864,4133511168,127,2286,0,50
1790872860868,127,4261412864,4133511168,127,2286,0,50
1790872860918,127,4261412864,4133511168,127,2286,0,50
1790872860968,127,4261412864,4133511168,127,2286,0,50
1790872861018,127,4261412864,4133511168,127,2286,0,50
1790872861068,127,4261412864,4133511168,127,2286,0,50
1790872861118,127,4261412864,4133511168,127,2286,0,50
1790872861168,127,4261412864,4133511168,127,2286,0,50
1790872861218,127,4261412864,4133511168,127,2286,0,50
1790872861268,127,4261412864,4133511168,127,2286,0,50
1790872861318,127,4261412864,4133511168,127,2286,0,50
1790872861368,127,4261412864,4133511168,127,2286,0,50
1790872861418,127,4261412864,4133511168,127,2286,0,50
1790872861468,127,4261412864,4133511168,127,2286,0,50
1790872861518,127,4261412864,4133511168,127,2286,0,50
1790872861568,127,4261412864,4133511168,127,2286,0,50
1790872861618,127,4261412864,4133511168,127,2286,0,50
1790872861668,127,4261412864,4133511168,127,2286,0,50
1790872861718,127,4261412864,4133511168,127,2286,0,50
1790872861768,127,4261412864,4133511168,127,2286,0,50
1790872861818,127,4261412864,4133511168,127,2286,0,50
1790872861868,127,4261412864,4133511168,127,2286,0,50
1790872861918,127,4261412864,4133511168,127,2286,0,50
1790872861968,127,4261412864,4133511168,127,2286,0,50
1790872862018,127,4261412864,4133511168,127,2286,0,50
1790872862068,127,4261412864,4133511168,127,2286,0,50
1790872862118,127,4261412864,4133511168,127,2286,0,50
1790872862168,127,4261412864,4133511168,127,2286,0,50
1790872862218,127,4261412864,4133511168,127,2286,0,50
1790872862268,127,4261412864,4133511168,127,2286,0,50
1790872862318,127,4261412864,4133511168,127,2286,0,50
1790872862368,127,4261412864,4133511168,127,2286,0,50
1790872862418,127,4261412864,4133511168,127,2286,0,50
1790872862468,127,4261412864,4133511168,127,2286,0,50
1790872862518,127,4261412864,4133511168,127,2286,0,50
1790872862568,127,4261412864,4133511168,127,2286,0,50
1790872862618,127,4261412864,4133511168,127,2286,0,50
1790872862668,127,4261412864,4133511168,127,2286,0,50
1790872862718,127,4261412864,4133511168,127,2286,0,50
1790872862768,127,4261412864,4133511168,127,2286,0,50
1790872862818,127,4261412864,4133511168,127,2286,0,50
1790872862868,127,4261412864,4133511168,127,2286,0,50
1790872862918,127,4261412864,4133511168,127,2286,0,50
1790872862968,127,4261412864,4133511168,127,2286,0,50
1790872863018,127,4261412864,4133511168,127,2286,0,50
1790872863068,127,4261412864,4133511168,127,2286,0,50
1790872863118,127,4261412864,4133511168,127,2286,0,50
1790872863168,127,4261412864,4133511168,127,2286,0,50
1790872863218,127,4261412864,4133511168,127,2286,0,50
1790872863268,127,4261412864,4133511168,127,2286,0,50
1790872863318,127,4261412864,4133511168,127,2286,0,50
1790872863368,127,4261412864,4133511168,127,2286,0,50
1790872863418,127,4261412864,4133511168,127,2286,0,50
1790872863468,127,4261412864,4133511168,127,2286,0,50
1790872863518,127,4261412864,4133511168,127,2286,0,50
1790872863568,127,4261412864,4133511168,127,2286,0,50
1790872863618,127,4261412864,4133511168,127,2286,0,50
1790872863668,127,4261412864,4133511168,127,2286,0,50
1790872863718,127,4261412864,4133511168,127,2286,0,50
1790872863768,127,4261412864,4133511168,127,2286,0,50
1790872863818,127,4261412864,4133511168,127,2286,0,50
1790872863868,127,4261412864,4133511168,127,2286,0,50
1790872863918,127,4261412864,4133511168,127,2286,0,50
1790872863968,127,4261412864,4133511168,127,2286,0,50
1790872864018,127,4261412864,4133511168,127,2286,0,50
1790872864068,127,4261412864,4133511168,127,2286,0,50
1790872864118,127,4261412864,4133511168,127,2286,0,50
1790872864168,127,4261412864,4133511168,127,2286,0,50
1790872864218,127,4261412864,4133511168,127,2286,0,50
1790872864268,127,4261412864,4133511168,127,2286,0,50
1790872864318,127,4261412864,4133511168,127,2286,0,50
1790872864368,127,4261412864,4133511168,127,2286,0,50
1790872864418,127,4261412864,4133511168,127,2286,0,50
1790872864468,127,4261412864,4133511168,127,2286,0,50
1790872864518,127,4261412864,4133511168,127,2286,0,50
1790872864568,127,4261412864,4133511168,127,2286,0,50
1790872864618,127,4261412864,4133511168,127,2286,0,50
1790872864668,127,4261412864,4133511168,127,2286,0,50
1790872864718,127,4261412864,4133511168,127,2286,0,50
1790872864768,127,4261412864,4133511168,127,2286,0,50
1790872864818,127,4261412864,4133511168,127,2286,0,50
1790872864868,127,4261412864,4133511168,127,2286,0,50
1790872864918,127,4261412864,4133511168,127,2286,0,50
1790872864968,127,4261412864,4133511168,127,2286,0,50
1790872865018,127,4261412864,4133511168,127,2286,0,50
1790872865068,127,4261412864,4133511168,127,2286,0,50
1790872865118,127,4261412864,4133511168,127,2286,0,50
1790872865168,127,4261412864,4133511168,127,2286,0,50
1790872865218,127,4261412864,4133511168,127,2286,0,50
1790872865268,127,4261412864,4133511168,127,2286,0,50
1790872865318,127,4261412864,4133511168,127,2286,0,50
1790872865368,127,4261412864,4133511168,127,2286,0,50
1790872865418,127,4261412864,4133511168,127,2286,0,50
1790872865468,127,4261412864,4133511168,127,2286,0,50
1790872865518,127,4261412864,4133511168,127,2286,0,50
1790872865568,127,4261412864,4133511168,127,2286,0,50
1790872865618,127,4261412864,4133511168,127,2286,0,50
1790872865668,127,4261412864,4133511168,127,2286,0,50
1790872865718,127,4261412864,4133511168,127,2286,0,50
1790872865768,127,4261412864,4133511168,127,2286,0,50
1790872865818,127,4261412864,4133511168,127,2286,0,50
1790872865868,127,4261412864,4133511168,127,2286,0,50
1790872865918,127,4261412864,4133511168,127,2286,0,50
1790872865968,127,4261412864,4133511168,127,2286,0,50
1790872866018,127,4261412864,4133511168,127,2286,0,50
1790872866068,127,4261412864,4133511168,127,2286,0,50
1790872866118,127,4261412864,4133511168,127,2286,0,50
1790872866168,127,4261412864,4133511168,127,2286,0,50
1790872866218,127,4261412864,4133511168,127,2286,0,50
1790872866268,127,4261412864,4133511168,127,2286,0,50
1790872866318,127,4261412864,4133511168,127,2286,0,50
1790872866368,127,4261412864,4133511168,127,2286,0,50
1790872866418,127,4261412864,4133511168,127,2286,0,50
1790872866468,127,4261412864,4133511168,127,2286,0,50
1790872866518,127,4261412864,4133511168,127,2286,0,50
1790872866568,127,4261412864,4133511168,127,2286,0,50
1790872866618,127,4261412864,4133511168,127,2286,0,50
1790872866668,127,4261412864,4133511168,127,2286,0,50
1790872866718,127,4261412864,4133511168,127,2286,0,50
1790872866768,127,4261412864,4133511168,127,2286,0,50
1790872866818,127,4261412864,4133511168,127,2286,0,50
1790872866868,127,4261412864,4133511168,127,2286,0,50
1790872866918,127,4261412864,4133511168,127,2286,0,50
1790872866968,127,4261412864,4133511168,127,2286,0,50
1790872867018,127,4261412864,4133511168,127,2286,0,50
1790872867068,127,4261412864,4133511168,127,2286,0,50
1790872867118,127,4261412864,4133511168,127,2286,0,50
1790872867168,127,4261412864,4133511168,127,2286,0,50
1790872867218,127,4261412864,4133511168,127,2286,0,50
1790872867268,127,4261412864,4133511168,127,2286,0,50
1790872867318,127,4261412864,4133511168,127,2286,0,50
1790872867368,127,4261412864,4133511168,127,2286,0,50
1790872867418,127,4261412864,4133511168,127,2286,0,50
1790872867468,127,4261412864,4133511168,127,2286,0,50
1790872867518,127,4261412864,4133511168,127,2286,0,50
1790872867568,127,4261412864,4133511168,127,2286,0,50
1790872867618,127,4261412864,4133511168,127,2286,0,50
1790872867668,127,4261412864,4133511168,127,2286,0,50
1790872867718,127,4261412864,4133511168,127,2286,0,50
1790872867768,127,4261412864,4133511168,127,2286,0,50
1790872867818,127,4261412864,4133511168,127,2286,0,50
1790872867868,127,4261412864,4133511168,127,2286,0,50
1790872867918,127,4261412864,4133511168,127,2286,0,50
1790872867968,127,4261412864,4133511168,127,2286,0,50
1790872868018,127,4261412864,4133511168,127,2286,0,50
1790872868068,127,4261412864,4133511168,127,2286,0,50
1790872868118,127,4261412864,4133511168,127,2286,0,50
1790872868168,127,4261412864,4133511168,127,2286,0,50
1790872868218,127,4261412864,4133511168,127,2286,0,50
1790872868268,127,4261412864,4133511168,127,2286,0,50
1790872868318,127,4261412864,4133511168,127,2286,0,50
1790872868368,127,4261412864,4133511168,127,2286,0,50
1790872868418,127,4261412864,4133511168,127,2286,0,50
1790872868468,127,4261412864,4133511168,127,2286,0,50
1790872868518,127,4261412864,4133511168,127,2286,0,50
1790872868568,127,4261412864,4133511168,127,2286,0,50
1790872868618,127,4261412864,4133511168,127,2286,0,50
1790872868668,127,4261412864,4133511168,127,2286,0,50
1790872868718,127,4261412864,4133511168,127,2286,0,50
1790872868768,127,4261412864,4133511168,127,2286,0,50
1790872868818,127,4261412864,4133511168,127,2286,0,50
1790872868868,127,4261412864,4133511168,127,2286,0,50
1790872868918,127,4261412864,4133511168,127,2286,0,50
1790872868968,127,4261412864,4133511168,127,2286,0,50
1790872869018,127,4261412864,4133511168,127,2286,0,50
1790872869068,127,4261412864,4133511168,127,2286,0,50
1790872869118,127,4261412864,4133511168,127,2286,0,50
1790872869168,127,4261412864,4133511168,127,2286,0,50
1790872869218,127,4261412864,4133511168,127,2286,0,50
1790872869268,127,4261412864,4133511168,127,2286,0,50
1790872869318,127,4261412864,4133511168,127,2286,0,50
1790872869368,127,4261412864,4133511168,127,2286,0,50
1790872869418,127,4261412864,4133511168,127,2286,0,50
1790872869468,127,4261412864,4133511168,127,2286,0,50
1790872869518,127,4261412864,4133511168,127,2286,0,50
1790872869568,127,4261412864,4133511168,127,2286,0,50
1790872869618,127,4261412864,4133511168,127,2286,0,50
1790872869668,127,4261412864,4133511168,127,2286,0,50
1790872869718,127,4261412864,4133511168,127,2286,0,50
1790872869768,127,4261412864,4133511168,127,2286,0,50
1790872869818,127,4261412864,4133511168,127,2286,0,50
1790872869868,127,4261412864,4133511168,127,2286,0,50
1790872869918,127,4261412864,4133511168,127,2286,0,50
1790872869968,127,4261412864,4133511168,127,2286,0,50
1790872870018,127,4261412864,4133511168,127,2286,0,50
1790872870068,127,4261412864,4133511168,127,2286,0,50
1790872870118,127,4261412864,4133511168,127,2286,0,50
1790872870168,127,4261412864,4133511168,127,2286,0,50
1790872870218,127,4261412864,4133511168,127,2286,0,50
1790872870268,127,4261412864,4133511168,127,2286,0,50
1790872870318,127,4261412864,4133511168,127,2286,0,50
1790872870368,127,4261412864,4133511168,127,2286,0,50
1790872870418,127,4261412864,4133511168,127,2286,0,50
1790872870468,127,4261412864,4133511168,127,2286,0,50
1790872870518,127,4261412864,4133511168,127,2286,0,50
1790872870568,127,4261412864,4133511168,127,2286,0,50
1790872870618,127,4261412864,4133511168,127,2286,0,50
1790872870668,127,4261412864,4133511168,127,2286,0,50
1790872870718,127,4261412864,4133511168,127,2286,0,50
1790872870768,127,4261412864,4133511168,127,2286,0,50
1790872870818,127,4261412864,4133511168,127,2286,0,50
1790872870868,127,4261412864,4133511168,127,2286,0,50
1790872870918,127,4261412864,4133511168,127,2286,0,50
1790872870968,127,4261412864,4133511168,127,2286,0,50
1790872871018,127,4261412864,4133511168,127,2286,0,50
1790872871068,127,4261412864,4133511168,127,2286,0,50
1790872871118,127,4261412864,4133511168,127,2286,0,50
1790872871168,127,4261412864,4133511168,127,2286,0,50
1790872871218,127,4261412864,4133511168,127,2286,0,50
1790872871268,127,4261412864,4133511168,127,2286,0,50
1790872871318,127,4261412864,4133511168,127,2286,0,50
1790872871368,127,4261412864,4133511168,127,2286,0,50
1790872871418,127,4261412864,4133511168,127,2286,0,50
1790872871468,127,4261412864,4133511168,127,2286,0,50
1790872871518,127,4261412864,4133511168,127,2286,0,50
1790872871568,127,4261412864,4133511168,127,2286,0,50
1790872871618,127,4261412864,4133511168,127,2286,0,50
1790872871668,127,4261412864,4133511168,127,2286,0,50
1790872871718,127,4261412864,4133511168,127,2286,0,50
1790872871768,127,4261412864,4133511168,127,2286,0,50
1790872871818,127,4261412864,4133511168,127,2286,0,50
1790872871868,127,4261412864,4133511168,127,2286,0,50
1790872871918,127,4261412864,4133511168,127,2286,0,50
1790872871968,127,4261412864,4133511168,127,2286,0,50
1790872872018,127,4261412864,4133511168,127,2286,0,50
1790872872068,127,4261412864,4133511168,127,2286,0,50
1790872872118,127,4261412864,4133511168,127,2286,0,50
1790872872168,127,4261412864,4133511168,127,2286,0,50
1790872872218,127,4261412864,4133511168,127,2286,0,50
1790872872268,127,4261412864,4133511168,127,2286,0,50
1790872872318,127,4261412864,4133511168,127,2286,0,50
1790872872368,127,4261412864,4133511168,127,2286,0,50
1790872872418,127,4261412864,4133511168,127,2286,0,50
1790872872468,127,4261412864,4133511168,127,2286,0,50
1790872872518,127,4261412864,4133511168,127,2286,0,50
1790872872568,127,4261412864,4133511168,127,2286,0,50
1790872872618,127,4261412864,4133511168,127,2286,0,50
1790872872668,127,4261412864,4133511168,127,2286,0,50
1790872872718,127,4261412864,4133511168,127,2286,0,50
1790872872768,127,4261412864,4133511168,127,2286,0,50
1790872872818,127,4261412864,4133511168,127,2286,0,50
1790872872868,127,4261412864,4133511168,127,2286,0,50
1790872872918,127,4261412864,4133511168,127,2286,0,50
1790872872968,127,4261412864,4133511168,127,2286,0,50
1790872873018,127,4261412864,4133511168,127,2286,0,50
1790872873068,127,4261412864,4133511168,127,2286,0,50
1790872873118,127,4261412864,4133511168,127,2286,0,50
1790872873168,127,4261412864,4133511168,127,2286,0,50
1790872873218,127,4261412864,4133511168,127,2286,0,50
1790872873268,127,4261412864,4133511168,127,2286,0,50
1790872873318,127,4261412864,4133511168,127,2286,0,50
1790872873368,127,4261412864,4133511168,127,2286,0,50
1790872873418,127,4261412864,4133511168,127,2286,0,50
1790872873468,127,4261412864,4133511168,127,2286,0,50
1790872873518,127,4261412864,4133511168,127,2286,0,50
1790872873568,127,4261412864,4133511168,127,2286,0,50
1790872873618,127,4261412864,4133511168,127,2286,0,50
1790872873668,127,4261412864,4133511168,127,2286,0,50
1790872873718,127,4261412864,4133511168,127,2286,0,50
1790872873768,127,4261412864,4133511168,127,2286,0,50
1790872873818,127,4261412864,4133511168,127,2286,0,50
1790872873868,127,4261412864,4133511168,127,2286,0,50
1790872873918,127,4261412864,4133511168,127,2286,0,50
1790872873968,127,4261412864,4133511168,127,2286,0,50
1790872874018,127,4261412864,4133511168,127,2286,0,50
1790872874068,127,4261412864,4133511168,127,2286,0,50
1790872874118,127,4261412864,4133511168,127,2286,0,50
1790872874168,127,4261412864,4133511168,127,2286,0,50
1790872874218,127,4261412864,4133511168,127,2286,0,50
1790872874268,127,4261412864,4133511168,127,2286,0,50
1790872874318,127,4261412864,4133511168,127,2286,0,50
1790872874368,127,4261412864,4133511168,127,2286,0,50
1790872874418,127,4261412864,4133511168,127,2286,0,50
1790872874468,127,4261412864,4133511168,127,2286,0,50
1790872874518,127,4261412864,4133511168,127,2286,0,50
1790872874568,127,4261412864,4133511168,127,2286,0,50
1790872874618,127,4261412864,4133511168,127,2286,0,50
1790872874668,127,4261412864,4133511168,127,2286,0,50
1790872874718,127,4261412864,4133511168,127,2286,0,50
1790872874768,127,4261412864,4133511168,127,2286,0,50
1790872874818,127,4261412864,4133511168,127,2286,0,50
1790872874868,127,4261412864,4133511168,127,2286,0,50
1790872874918,127,4261412864,4133511168,127,2286,0,50
1790872874968,127,4261412864,4133511168,127,2286,0,50
1790872875018,127,4261412864,4133511168,127,2286,0,50
1790872875068,127,4261412864,4133511168,127,2286,0,50
1790872875118,127,4261412864,4133511168,127,2286,0,50
1790872875168,127,4261412864,4133511168,127,2286,0,50
1790872875218,127,4261412864,4133511168,127,2286,0,50
1790872875268,127,4261412864,4133511168,127,2286,0,50
1790872875318,127,4261412864,4133511168,127,2286,0,50
1790872875368,127,4261412864,4133511168,127,2286,0,50
1790872875418,127,4261412864,4133511168,127,2286,0,50
1790872875468,127,4261412864,4133511168,127,2286,0,50
1790872875518,127,4261412864,4133511168,127,2286,0,50
1790872875568,127,4261412864,4133511168,127,2286,0,50
1790872875618,127,4261412864,4133511168,127,2286,0,50
1790872875668,127,4261412864,4133511168,127,2286,0,50
1790872875718,127,4261412864,4133511168,127,2286,0,50
1790872875768,127,4261412864,4133511168,127,2286,0,50
1790872875818,127,4261412864,4133511168,127,2286,0,50
1790872875868,127,4261412864,4133511168,127,2286,0,50
1790872875918,127,4261412864,4133511168,127,2286,0,50
1790872875968,127,4261412864,4133511168,127,2286,0,50
1790872876018,127,4261412864,4133511168,127,2286,0,50
1790872876068,127,4261412864,4133511168,127,2286,0,50
1790872876118,127,4261412864,4133511168,127,2286,0,50
1790872876168,127,4261412864,4133511168,127,2286,0,50
1790872876218,127,4261412864,4133511168,127,2286,0,50
1790872876268,127,4261412864,4133511168,127,2286,0,50
1790872876318,127,4261412864,4133511168,127,2286,0,50
1790872876368,127,4261412864,4133511168,127,2286,0,50
1790872876418,127,4261412864,4133511168,127,2286,0,50
1790872876468,127,4261412864,4133511168,127,2286,0,50
1790872876518,127,4261412864,4133511168,127,2286,0,50
1790872876568,127,4261412864,4133511168,127,2286,0,50
1790872876618,127,4261412864,4133511168,127,2286,0,50
1790872876668,127,4261412864,4133511168,127,2286,0,50
1790872876718,127,4261412864,4133511168,127,2286,0,50
1790872876768,127,4261412864,4133511168,127,2286,0,50
1790872876818,127,4261412864,4133511168,127,2286,0,50
1790872876868,127,4261412864,4133511168,127,2286,0,50
1790872876918,127,4261412864,4133511168,127,2286,0,50
1790872876968,127,4261412864,4133511168,127,2286,0,50
1790872877018,127,4261412864,4133511168,127,2286,0,50
1790872877068,127,4261412864,4133511168,127,2286,0,50
1790872877118,127,4261412864,4133511168,127,2286,0,50
1790872877168,127,4261412864,4133511168,127,2286,0,50
1790872877218,127,4261412864,4133511168,127,2286,0,50
1790872877268,127,4261412864,4133511168,127,2286,0,50
1790872877318,127,4261412864,4133511168,127,2286,0,50
1790872877368,127,4261412864,4133511168,127,2286,0,50
1790872877418,127,4261412864,4133511168,127,2286,0,50
1790872877468,127,4261412864,4133511168,127,2286,0,50
1790872877518,127,4261412864,4133511168,127,2286,0,50
1790872877568,127,4261412864,4133511168,127,2286,0,50
1790872877618,127,4261412864,4133511168,127,2286,0,50
1790872877668,127,4261412864,4133511168,127,2286,0,50
1790872877718,127,4261412864,4133511168,127,2286,0,50
1790872877768,127,4261412864,4133511168,127,2286,0,50
1790872877818,127,4261412864,4133511168,127,2286,0,50
1790872877868,127,4261412864,4133511168,127,2286,0,50
1790872877918,127,4261412864,4133511168,127,2286,0,50
1790872877968,127,4261412864,4133511168,127,2286,0,50
1790872878018,127,4261412864,4133511168,127,2286,0,50
1790872878068,127,4261412864,4133511168,127,2286,0,50
1790872878118,127,4261412864,4133511168,127,2286,0,50
1790872878168,127,4261412864,4133511168,127,2286,0,50
1790872878218,127,4261412864,4133511168,127,2286,0,50
1790872878268,127,4261412864,4133511168,127,2286,0,50
1790872878318,127,4261412864,4133511168,127,2286,0,50
1790872878368,127,4261412864,4133511168,127,2286,0,50
1790872878418,127,4261412864,4133511168,127,2286,0,50
1790872878468,127,4261412864,4133511168,127,2286,0,50
1790872878518,127,4261412864,4133511168,127,2286,0,50
1790872878568,127,4261412864,4133511168,127,2286,0,50
1790872878618,127,4261412864,4133511168,127,2286,0,50
1790872878668,127,4261412864,4133511168,127,2286,0,50
1790872878718,127,4261412864,4133511168,127,2286,0,50
1790872878768,127,4261412864,4133511168,127,2286,0,50
1790872878818,127,4261412864,4133511168,127,2286,0,50
1790872878868,127,4261412864,4133511168,127,2286,0,50
1790872878918,127,4261412864,4133511168,127,2286,0,50
1790872878968,127,4261412864,4133511168,127,2286,0,50
1790872879018,127,4261412864,4133511168,127,2286,0,50
1790872879068,127,4261412864,4133511168,127,2286,0,50
1790872879118,127,4261412864,4133511168,127,2286,0,50
1790872879168,127,4261412864,4133511168,127,2286,0,50
1790872879218,127,4261412864,4133511168,127,2286,0,50
1790872879268,127,4261412864,4133511168,127,2286,0,50
1790872879318,127,4261412864,4133511168,127,2286,0,50
1790872879368,127,4261412864,4133511168,127,2286,0,50
1790872879418,127,4261412864,4133511168,127,2286,0,50
1790872879468,127,4261412864,4133511168,127,2286,0,50
1790872879518,127,4261412864,4133511168,127,2286,0,50
1790872879568,127,4261412864,4133511168,127,2286,0,50
1790872879618,127,4261412864,4133511168,127,2286,0,50
1790872879668,127,4261412864,4133511168,127,2286,0,50
1790872879718,127,4261412864,4133511168,127,2286,0,50
1790872879768,127,4261412864,4133511168,127,2286,0,50
1790872879818,127,4261412864,4133511168,127,2286,0,50
1790872879868,127,4261412864,4133511168,127,2286,0,50
1790872879918,127,4261412864,4133511168,127,2286,0,50
1790872879968,127,4261412864,4133511168,127,2286,0,50
1790872880018,127,4261412864,4133511168,127,2286,0,50
1790872880068,127,4261412864,4133511168,127,2286,0,50
1790872880118,127,4261412864,4133511168,127,2286,0,50
1790872880168,127,4261412864,4133511168,127,2286,0,50
1790872880218,127,4261412864,4133511168,127,2286,0,50
1790872880268,127,4261412864,4133511168,127,2286,0,50
1790872880318,127,4261412864,4133511168,127,2286,0,50
1790872880368,127,4261412864,4133511168,127,2286,0,50
1790872880418,127,4261412864,4133511168,127,2286,0,50
1790872880468,127,4261412864,4133511168,127,2286,0,50
1790872880518,127,4261412864,4133511168,127,2286,0,50
1790872880568,127,4261412864,4133511168,127,2286,0,50
1790872880618,127,4261412864,4133511168,127,2286,0,50
1790872880668,127,4261412864,4133511168,127,2286,0,50
1790872880718,127,4261412864,4133511168,127,2286,0,50
1790872880768,127,4261412864,4133511168,127,2286,0,50
1790872880818,127,4261412864,4133511168,127,2286,0,50
1790872880868,127,4261412864,4133511168,127,2286,0,50
1790872880918,127,4261412864,4133511168,127,2286,0,50
1790872880968,127,4261412864,4133511168,127,2286,0,50
1790872881018,127,4261412864,4133511168,127,2286,0,50
1790872881068,127,4261412864,4133511168,127,2286,0,50
1790872881118,127,4261412864,4133511168,127,2286,0,50
1790872881168,127,4261412864,4133511168,127,2286,0,50
1790872881218,127,4261412864,4133511168,127,2286,0,50
1790872881268,127,4261412864,4133511168,127,2286,0,50
1790872881318,127,4261412864,4133511168,127,2286,0,50
1790872881368,127,4261412864,4133511168,127,2286,0,50
1790872881418,127,4261412864,4133511168,127,2286,0,50
1790872881468,127,4261412864,4133511168,127,2286,0,50
1790872881518,127,4261412864,4133511168,127,2286,0,50
1790872881568,127,4261412864,4133511168,127,2286,0,50
1790872881618,127,4261412864,4133511168,127,2286,0,50
1790872881668,127,4261412864,4133511168,127,2286,0,50
1790872881718,127,4261412864,4133511168,127,2286,0,50
1790872881768,127,4261412864,4133511168,127,2286,0,50
1790872881818,127,4261412864,4133511168,127,2286,0,50
1790872881868,127,4261412864,4133511168,127,2286,0,50
1790872881918,127,4261412864,4133511168,127,2286,0,50
1790872881968,127,4261412864,4133511168,127,2286,0,50
1790872882018,127,4261412864,4133511168,127,2286,0,50
1790872882068,127,4261412864,4133511168,127,2286,0,50
1790872882118,127,4261412864,4133511168,127,2286,0,50
1790872882168,127,4261412864,4133511168,127,2286,0,50
1790872882218,127,4261412864,4133511168,127,2286,0,50
1790872882268,127,4261412864,4133511168,127,2286,0,50
1790872882318,127,4261412864,4133511168,127,2286,0,50
1790872882368,127,4261412864,4133511168,127,2286,0,50
1790872882418,127,4261412864,4133511168,127,2286,0,50
1790872882468,127,4261412864,4133511168,127,2286,0,50
1790872882518,127,4261412864,4133511168,127,2286,0,50
1790872882568,127,4261412864,4133511168,127,2286,0,50
1790872882618,127,4261412864,4133511168,127,2286,0,50
1790872882668,127,4261412864,4133511168,127,2286,0,50
1790872882718,127,4261412864,4133511168,127,2286,0,50
1790872882768,127,4261412864,4133511168,127,2286,0,50
1790872882818,127,4261412864,4133511168,127,2286,0,50
1790872882868,127,4261412864,4133511168,127,2286,0,50
1790872882918,123,4127195136,4003258368,123,2214,0,50
1790872882968,119,3992977408,3873071104,119,2142,0,50
1790872883018,114,3825205248,3710337024,115,2070,0,50
1790872883068,110,3690987520,3580149760,111,1998,0,50
1790872883118,106,3556769792,3449962496,106,1908,0,50
1790872883168,101,3388997632,3287228416,102,1836,0,50
1790872883218,97,3254779904,3157041152,98,1764,0,50
1790872883268,93,3120562176,3026853888,93,1674,0,50
1790872883318,89,2986344448,2896666624,89,1602,0,50
1790872883368,84,2818572288,2733932544,85,1530,0,50
1790872883418,80,2684354560,2603745280,80,1440,0,50
1790872883468,75,2516582400,2441011200,76,1368,0,50
1790872883518,71,2382364672,2310823936,72,1296,0,50
1790872883568,67,2248146944,2180636672,67,1206,0,50
1790872883618,63,2113929216,2050449408,63,1134,0,50
1790872883668,58,1946157056,1887715328,59,1062,0,50
1790872883718,54,1811939328,1757528064,55,990,0,50
1790872883768,50,1677721600,1627340800,50,900,0,50
1790872883818,45,1509949440,1464606720,46,828,0,50
1790872883868,41,1375731712,1334419456,41,738,0,50
1790872883918,31,1040187392,1008951296,31,558,0,50
1790872883968,22,738197504,716029952,22,396,0,50
1790872884018,12,402653184,390561792,12,216,0,50
1790872884068,3,100663296,97640448,3,54,0,50
1790872884118,0,0,0,0,0,0,50
1790872884168,0,0,0,0,0,0,50
1790872884218,0,0,0,0,0,0,50
1790872884268,0,0,0,0,0,0,50
1790872884318,0,0,0,0,0,0,50
1790872884368,0,0,0,0,0,0,50
1790872884418,0,0,0,0,0,0,50
1790872884468,0,0,0,0,0,0,50
1790872884518,0,0,0,0,0,0,50
1790872884568,0,0,0,0,0,0,50
1790872884618,0,0,0,0,0,0,50
1790872884668,0,0,0,0,0,0,50
1790872884718,0,0,0,0,0,0,50
1790872884768,0,0,0,0,0,0,50
1790872884818,0,0,0,0,0,0,50
1790872884868,0,0,0,0,0,0,50
1790872884918,0,0,0,0,0,0,50
1790872884968,0,0,0,0,0,0,50
1790872885018,0,0,0,0,0,0,50
1790872885068,0,0,0,0,0,0,50
1790872885118,0,0,0,0,0,0,50
1790872885168,0,0,0,0,0,0,50
1790872885218,0,0,0,0,0,0,50
1790872885268,0,0,0,0,0,0,50
1790872885318,0,0,0,0,0,0,50
1790872885368,0,0,0,0,0,0,50
1790872885418,0,0,0,0,0,0,50
1790872885468,0,0,0,0,0,0,50
1790872885518,0,0,0,0,0,0,50
1790872885568,0,0,0,0,0,0,50
1790872885618,1,33554432,5984256,0,0,0,50
1790872885668,1,33554432,5984256,0,0,0,50
1790872885718,1,33554432,5984256,0,0,0,50
1790872885768,1,33554432,5984256,0,0,0,50
1790872885818,1,33554432,5984256,0,0,0,50
1790872885868,1,33554432,5984256,0,0,0,50
1790872885918,1,33554432,5984256,0,0,0,50
1790872885968,1,33554432,5984256,0,0,0,50
1790872886018,1,33554432,5984256,0,0,0,50
1790872886068,1,33554432,5984256,0,0,0,50
1790872886118,1,33554432,5984256,0,0,0,50
1790872886168,1,33554432,5984256,0,0,0,50
1790872886218,1,33554432,5984256,0,0,0,50
1790872886268,1,33554432,5984256,0,0,0,50
1790872886318,1,33554432,5984256,0,0,0,50
1790872886368,1,33554432,5984256,0,0,0,50
1790872886418,1,33554432,5984256,0,0,0,50
1790872886468,1,33554432,5984256,0,0,0,50
1790872886518,1,33554432,5984256,0,0,0,50
1790872886568,1,33554432,5984256,0,0,0,50
1790872886618,1,33554432,5984256,0,0,0,50
1790872886668,1,33554432,5984256,0,0,0,50
1790872886718,1,33554432,5984256,0,0,0,50
1790872886768,1,33554432,5984256,0,0,0,50
1790872886818,1,33554432,5984256,0,0,0,50
1790872886868,1,33554432,5984256,0,0,0,50
1790872886918,1,33554432,5984256,0,0,0,50
1790872886968,1,33554432,5984256,0,0,0,50
1790872887018,1,33554432,5984256,0,0,0,50
1790872887068,1,33554432,5984256,0,0,0,50
1790872887118,1,33554432,5984256,0,0,0,50
1790872887168,1,33554432,5984256,0,0,0,50
1790872887218,1,33554432,5984256,0,0,0,50
1790872887268,1,33554432,5984256,0,0,0,50
1790872887318,1,33554432,5984256,0,0,0,50
1790872887368,1,33554432,5984256,0,0,0,50
1790872887418,1,33554432,5984256,0,0,0,50
1790872887468,1,33554432,5984256,0,0,0,50
1790872887518,1,33554432,5984256,0,0,0,50
1790872887568,1,33554432,5984256,0,0,0,50
1790872887618,1,33554432,5984256,0,0,0,50
1790872887668,1,33554432,5984256,0,0,0,50
1790872887718,1,33554432,5984256,0,0,0,50
1790872887768,1,33554432,5984256,0,0,0,50
1790872887818,1,33554432,5984256,0,0,0,50
1790872887868,1,33554432,5984256,0,0,0,50
1790872887918,1,33554432,5984256,1,7,0,50
1790872887968,1,33554432,5984256,1,7,0,50
1790872888018,1,33554432,5984256,1,7,0,50
1790872888068,1,33554432,5984256,1,7,0,50
1790872888118,1,33554432,5984256,1,7,0,50
