ms,links,link_bytes,link_alloc_bytes,idx_files,idx_bytes,other_files,gap_ms
1790870605221,2,67108864,69632,0,0,0,0
1790870605271,2,67108864,69632,0,0,0,50
1790870605321,2,67108864,69632,0,0,0,50
1790870605371,2,67108864,69632,0,0,0,50
1790870605421,2,67108864,69632,0,0,0,50
1790870605471,2,67108864,69632,0,0,0,50
1790870605521,2,67108864,69632,0,0,0,50
1790870605571,2,67108864,69632,0,0,0,50
1790870605621,2,67108864,69632,0,0,0,50
1790870605671,2,67108864,69632,0,0,0,50
1790870605721,2,67108864,69632,0,0,0,50
1790870605771,2,67108864,69632,0,0,0,50
1790870605821,2,67108864,69632,0,0,0,50
1790870605871,2,67108864,69632,0,0,0,50
1790870605921,2,67108864,69632,0,0,0,50
1790870605971,2,67108864,69632,0,0,0,50
1790870606021,2,67108864,69632,0,0,0,50
1790870606071,2,67108864,69632,0,0,0,50
1790870606121,2,67108864,69632,0,0,0,50
1790870606171,2,67108864,69632,0,0,0,50
1790870606221,2,67108864,69632,0,0,0,50
1790870606271,2,67108864,69632,0,0,0,50
1790870606321,2,67108864,69632,0,0,0,50
1790870606371,2,67108864,69632,0,0,0,50
1790870606421,2,67108864,69632,0,0,0,50
1790870606471,2,67108864,69632,0,0,0,50
1790870606521,2,67108864,69632,0,0,0,50
1790870606571,2,67108864,69632,0,0,0,50
1790870606621,2,67108864,69632,0,0,0,50
1790870606671,2,67108864,69632,0,0,0,50
1790870606721,2,67108864,69632,0,0,0,50
1790870606771,2,67108864,69632,0,0,0,50
1790870606821,2,67108864,69632,0,0,0,50
1790870606871,2,67108864,69632,0,0,0,50
1790870606921,2,67108864,69632,0,0,0,50
1790870606971,2,67108864,69632,0,0,0,50
1790870607021,2,67108864,69632,0,0,0,50
1790870607071,2,67108864,69632,0,0,0,50
1790870607121,2,67108864,69632,0,0,0,50
1790870607171,2,67108864,69632,0,0,0,50
1790870607221,2,67108864,69632,0,0,0,50
1790870607271,2,67108864,69632,0,0,0,50
1790870607321,2,67108864,69632,0,0,0,50
1790870607371,2,67108864,69632,0,0,0,50
1790870607421,2,67108864,69632,0,0,0,50
1790870607471,2,67108864,69632,0,0,0,50
1790870607521,2,67108864,69632,0,0,0,50
1790870607571,2,67108864,69632,0,0,0,50
1790870607621,2,67108864,69632,0,0,0,50
1790870607671,2,67108864,69632,0,0,0,50
1790870607721,2,67108864,69632,0,0,0,50
1790870607771,2,67108864,69632,0,0,0,50
1790870607821,2,67108864,69632,0,0,0,50
1790870607871,2,67108864,69632,0,0,0,50
1790870607921,2,67108864,69632,0,0,0,50
1790870607971,2,67108864,69632,0,0,0,50
1790870608021,2,67108864,69632,0,0,0,50
1790870608071,2,67108864,69632,0,0,0,50
1790870608121,2,67108864,69632,0,0,0,50
1790870608171,2,67108864,69632,0,0,0,50
1790870608221,2,67108864,69632,0,0,0,50
1790870608271,2,67108864,69632,0,0,0,50
1790870608321,2,67108864,69632,0,0,0,50
1790870608371,2,67108864,69632,0,0,0,50
1790870608421,2,67108864,69632,0,0,0,50
1790870608471,2,67108864,69632,0,0,0,50
1790870608521,2,67108864,69632,0,0,0,50
1790870608571,2,67108864,69632,0,0,0,50
1790870608621,2,67108864,69632,0,0,0,50
1790870608671,2,67108864,69632,0,0,0,50
1790870608721,2,67108864,69632,0,0,0,50
1790870608771,2,67108864,69632,0,0,0,50
1790870608821,2,67108864,69632,0,0,0,50
1790870608871,2,67108864,69632,0,0,0,50
1790870608921,2,67108864,69632,0,0,0,50
1790870608971,2,67108864,69632,0,0,0,50
1790870609021,2,67108864,69632,0,0,0,50
1790870609071,2,67108864,69632,0,0,0,50
1790870609121,2,67108864,69632,0,0,0,50
1790870609171,2,67108864,69632,0,0,0,50
1790870609221,2,67108864,69632,0,0,0,50
1790870609271,2,67108864,69632,0,0,0,50
1790870609321,2,67108864,69632,0,0,0,50
1790870609371,2,67108864,69632,0,0,0,50
1790870609421,2,67108864,69632,0,0,0,50
1790870609471,2,67108864,69632,0,0,0,50
1790870609521,2,67108864,69632,0,0,0,50
1790870609571,2,67108864,69632,0,0,0,50
1790870609621,2,67108864,69632,0,0,0,50
1790870609671,2,67108864,69632,0,0,0,50
1790870609721,2,67108864,69632,0,0,0,50
1790870609771,2,67108864,69632,0,0,0,50
1790870609821,2,67108864,69632,0,0,0,50
1790870609871,2,67108864,69632,0,0,0,50
1790870609921,2,67108864,69632,0,0,0,50
1790870609971,2,67108864,69632,0,0,0,50
1790870610021,2,67108864,69632,0,0,0,50
1790870610071,2,67108864,69632,0,0,0,50
1790870610121,2,67108864,69632,0,0,0,50
1790870610171,2,67108864,69632,0,0,0,50
1790870610221,2,67108864,69632,0,0,0,50
1790870610271,2,67108864,69632,0,0,0,50
1790870610321,2,67108864,69632,0,0,0,50
1790870610371,2,67108864,69632,0,0,0,50
1790870610421,2,67108864,69632,0,0,0,50
1790870610471,2,67108864,69632,0,0,0,50
1790870610521,2,67108864,69632,0,0,0,50
1790870610571,2,67108864,69632,0,0,0,50
1790870610621,2,67108864,69632,0,0,0,50
1790870610671,2,67108864,69632,0,0,0,50
1790870610721,2,67108864,69632,0,0,0,50
1790870610771,2,67108864,69632,0,0,0,50
1790870610821,2,67108864,69632,0,0,0,50
1790870610871,2,67108864,69632,0,0,0,50
1790870610921,2,67108864,69632,0,0,0,50
1790870610971,2,67108864,69632,0,0,0,50
1790870611021,2,67108864,69632,0,0,0,50
1790870611071,2,67108864,69632,0,0,0,50
1790870611121,2,67108864,69632,0,0,0,50
1790870611171,2,67108864,69632,0,0,0,50
1790870611221,2,67108864,69632,0,0,0,50
1790870611271,2,67108864,69632,0,0,0,50
1790870611321,2,67108864,69632,0,0,0,50
1790870611371,2,67108864,69632,0,0,0,50
1790870611421,2,67108864,69632,0,0,0,50
1790870611471,2,67108864,69632,0,0,0,50
1790870611521,2,67108864,69632,0,0,0,50
1790870611571,2,67108864,69632,0,0,0,50
1790870611621,2,67108864,69632,0,0,0,50
1790870611671,2,67108864,69632,0,0,0,50
1790870611721,2,67108864,69632,0,0,0,50
1790870611771,2,67108864,69632,0,0,0,50
1790870611821,2,67108864,69632,0,0,0,50
1790870611871,2,67108864,69632,0,0,0,50
1790870611921,2,67108864,69632,0,0,0,50
1790870611971,2,67108864,69632,0,0,0,50
1790870612021,2,67108864,69632,0,0,0,50
1790870612071,2,67108864,69632,0,0,0,50
1790870612121,2,67108864,69632,0,0,0,50
1790870612171,2,67108864,69632,0,0,0,50
1790870612221,2,67108864,69632,0,0,0,50
1790870612271,2,67108864,69632,0,0,0,50
1790870612321,2,67108864,69632,0,0,0,50
1790870612371,2,67108864,69632,0,0,0,50
1790870612421,2,67108864,69632,0,0,0,50
1790870612471,2,67108864,69632,0,0,0,50
1790870612521,2,67108864,69632,0,0,0,50
1790870612571,2,67108864,69632,0,0,0,50
1790870612621,2,67108864,69632,0,0,0,50
1790870612671,2,67108864,69632,0,0,0,50
1790870612721,2,67108864,69632,0,0,0,50
1790870612771,2,67108864,69632,0,0,0,50
1790870612821,2,67108864,69632,0,0,0,50
1790870612871,2,67108864,69632,0,0,0,50
1790870612921,2,67108864,69632,0,0,0,50
1790870612971,2,67108864,69632,0,0,0,50
1790870613021,2,67108864,69632,0,0,0,50
1790870613071,2,67108864,69632,0,0,0,50
1790870613121,2,67108864,69632,0,0,0,50
1790870613171,2,67108864,69632,0,0,0,50
1790870613221,2,67108864,69632,0,0,0,50
1790870613271,2,67108864,69632,0,0,0,50
1790870613321,2,67108864,69632,0,0,0,50
1790870613371,2,67108864,69632,0,0,0,50
1790870613421,2,67108864,69632,0,0,0,50
1790870613471,2,67108864,69632,0,0,0,50
1790870613521,2,67108864,69632,0,0,0,50
1790870613571,2,67108864,69632,0,0,0,50
1790870613621,2,67108864,69632,0,0,0,50
1790870613671,2,67108864,69632,0,0,0,50
1790870613721,2,67108864,69632,0,0,0,50
1790870613771,2,67108864,69632,0,0,0,50
1790870613821,2,67108864,69632,0,0,0,50
1790870613871,2,67108864,69632,0,0,0,50
1790870613921,2,67108864,69632,0,0,0,50
1790870613971,2,67108864,69632,0,0,0,50
1790870614021,2,67108864,69632,0,0,0,50
1790870614071,2,67108864,69632,0,0,0,50
1790870614121,2,67108864,69632,0,0,0,50
1790870614171,2,67108864,69632,0,0,0,50
1790870614221,2,67108864,69632,0,0,0,50
1790870614271,2,67108864,69632,0,0,0,50
1790870614321,2,67108864,69632,0,0,0,50
1790870614371,2,67108864,69632,0,0,0,50
1790870614421,2,67108864,69632,0,0,0,50
1790870614471,2,67108864,69632,0,0,0,50
1790870614521,2,67108864,69632,0,0,0,50
1790870614571,2,67108864,69632,0,0,0,50
1790870614621,2,67108864,69632,0,0,0,50
1790870614671,2,67108864,69632,0,0,0,50
1790870614721,2,67108864,69632,0,0,0,50
1790870614771,2,67108864,69632,0,0,0,50
1790870614821,2,67108864,69632,0,0,0,50
1790870614871,2,67108864,69632,0,0,0,50
1790870614921,2,67108864,69632,0,0,0,50
1790870614971,2,67108864,69632,0,0,0,50
1790870615021,2,67108864,69632,0,0,0,50
1790870615071,2,67108864,69632,0,0,0,50
1790870615121,2,67108864,69632,0,0,0,50
1790870615171,2,67108864,69632,0,0,0,50
1790870615221,2,67108864,69632,0,0,0,50
1790870615271,2,67108864,69632,0,0,0,50
1790870615321,2,67108864,69632,0,0,0,50
1790870615371,2,67108864,69632,0,0,0,50
1790870615421,2,67108864,69632,0,0,0,50
1790870615471,2,67108864,69632,0,0,0,50
1790870615521,2,67108864,69632,0,0,0,50
1790870615571,2,67108864,69632,0,0,0,50
1790870615621,2,67108864,69632,0,0,0,50
1790870615671,2,67108864,69632,0,0,0,50
1790870615721,2,67108864,69632,0,0,0,50
1790870615771,2,67108864,69632,0,0,0,50
1790870615821,2,67108864,69632,0,0,0,50
1790870615871,2,67108864,69632,0,0,0,50
1790870615921,2,67108864,69632,0,0,0,50
1790870615971,2,67108864,69632,0,0,0,50
1790870616021,2,67108864,69632,0,0,0,50
1790870616071,2,67108864,69632,0,0,0,50
1790870616121,2,67108864,69632,0,0,0,50
1790870616171,2,67108864,69632,0,0,0,50
1790870616221,2,67108864,69632,0,0,0,50
1790870616271,2,67108864,69632,0,0,0,50
1790870616321,2,67108864,69632,0,0,0,50
1790870616371,2,67108864,69632,0,0,0,50
1790870616421,2,67108864,69632,0,0,0,50
1790870616471,2,67108864,69632,0,0,0,50
1790870616521,2,67108864,69632,0,0,0,50
1790870616571,2,67108864,69632,0,0,0,50
1790870616621,2,67108864,69632,0,0,0,50
1790870616671,2,67108864,69632,0,0,0,50
1790870616721,2,67108864,69632,0,0,0,50
1790870616771,2,67108864,69632,0,0,0,50
1790870616821,2,67108864,69632,0,0,0,50
1790870616871,2,67108864,69632,0,0,0,50
1790870616921,2,67108864,69632,0,0,0,50
1790870616971,2,67108864,69632,0,0,0,50
1790870617021,2,67108864,69632,0,0,0,50
1790870617071,2,67108864,69632,0,0,0,50
1790870617121,2,67108864,69632,0,0,0,50
1790870617171,2,67108864,69632,0,0,0,50
1790870617221,2,67108864,69632,0,0,0,50
1790870617271,2,67108864,69632,0,0,0,50
1790870617321,2,67108864,69632,0,0,0,50
1790870617371,2,67108864,69632,0,0,0,50
1790870617421,2,67108864,69632,0,0,0,50
1790870617471,2,67108864,69632,0,0,0,50
1790870617521,2,67108864,69632,0,0,0,50
1790870617571,2,67108864,69632,0,0,0,50
1790870617621,2,67108864,69632,0,0,0,50
1790870617671,2,67108864,69632,0,0,0,50
1790870617721,2,67108864,69632,0,0,0,50
1790870617771,2,67108864,69632,0,0,0,50
1790870617821,2,67108864,69632,0,0,0,50
1790870617871,2,67108864,69632,0,0,0,50
1790870617921,2,67108864,69632,0,0,0,50
1790870617971,2,67108864,69632,0,0,0,50
1790870618021,2,67108864,69632,0,0,0,50
1790870618071,2,67108864,69632,0,0,0,50
1790870618121,2,67108864,69632,0,0,0,50
1790870618171,2,67108864,69632,0,0,0,50
1790870618221,2,67108864,69632,0,0,0,50
1790870618271,2,67108864,69632,0,0,0,50
1790870618321,2,67108864,69632,0,0,0,50
1790870618371,2,67108864,69632,0,0,0,50
1790870618421,2,67108864,69632,0,0,0,50
1790870618471,2,67108864,69632,0,0,0,50
1790870618521,2,67108864,69632,0,0,0,50
1790870618571,2,67108864,69632,0,0,0,50
1790870618621,2,67108864,69632,0,0,0,50
1790870618671,2,67108864,69632,0,0,0,50
1790870618721,2,67108864,69632,0,0,0,50
1790870618771,2,67108864,69632,0,0,0,50
1790870618821,2,67108864,69632,0,0,0,50
1790870618871,2,67108864,69632,0,0,0,50
1790870618921,2,67108864,69632,0,0,0,50
1790870618971,2,67108864,69632,0,0,0,50
1790870619021,2,67108864,69632,0,0,0,50
1790870619071,2,67108864,69632,0,0,0,50
1790870619121,2,67108864,69632,0,0,0,50
1790870619171,2,67108864,69632,0,0,0,50
1790870619221,2,67108864,69632,0,0,0,50
1790870619271,2,67108864,69632,0,0,0,50
1790870619321,2,67108864,69632,0,0,0,50
1790870619371,2,67108864,69632,0,0,0,50
1790870619421,2,67108864,69632,0,0,0,50
1790870619471,2,67108864,69632,0,0,0,50
1790870619521,2,67108864,69632,0,0,0,50
1790870619571,2,67108864,69632,0,0,0,50
1790870619621,2,67108864,69632,0,0,0,50
1790870619671,2,67108864,69632,0,0,0,50
1790870619721,2,67108864,69632,0,0,0,50
1790870619771,2,67108864,69632,0,0,0,50
1790870619821,2,67108864,69632,0,0,0,50
1790870619871,2,67108864,69632,0,0,0,50
1790870619921,2,67108864,69632,0,0,0,50
1790870619971,2,67108864,69632,0,0,0,50
1790870620021,2,67108864,69632,0,0,0,50
1790870620071,2,67108864,69632,0,0,0,50
1790870620121,2,67108864,69632,0,0,0,50
1790870620171,2,67108864,69632,0,0,0,50
1790870620221,2,67108864,69632,0,0,0,50
1790870620271,2,67108864,69632,0,0,0,50
1790870620321,2,67108864,69632,0,0,0,50
1790870620371,2,67108864,69632,0,0,0,50
1790870620421,2,67108864,69632,0,0,0,50
1790870620471,2,67108864,69632,0,0,0,50
1790870620521,2,67108864,69632,0,0,0,50
1790870620571,2,67108864,69632,0,0,0,50
1790870620621,2,67108864,69632,0,0,0,50
1790870620671,2,67108864,69632,0,0,0,50
1790870620721,2,67108864,69632,0,0,0,50
1790870620771,2,67108864,69632,0,0,0,50
1790870620821,2,67108864,69632,0,0,0,50
1790870620871,2,67108864,69632,0,0,0,50
1790870620921,2,67108864,69632,0,0,0,50
1790870620971,2,67108864,69632,0,0,0,50
1790870621021,2,67108864,69632,0,0,0,50
1790870621071,2,67108864,69632,0,0,0,50
1790870621121,2,67108864,69632,0,0,0,50
1790870621171,2,67108864,69632,0,0,0,50
1790870621221,2,67108864,69632,0,0,0,50
1790870621271,2,67108864,69632,0,0,0,50
1790870621321,2,67108864,69632,0,0,0,50
1790870621371,2,67108864,69632,0,0,0,50
1790870621421,2,67108864,69632,0,0,0,50
1790870621471,2,67108864,69632,0,0,0,50
1790870621521,2,67108864,69632,0,0,0,50
1790870621571,2,67108864,69632,0,0,0,50
1790870621621,2,67108864,69632,0,0,0,50
1790870621671,2,67108864,69632,0,0,0,50
1790870621721,2,67108864,69632,0,0,0,50
1790870621771,2,67108864,69632,0,0,0,50
1790870621821,2,67108864,69632,0,0,0,50
1790870621871,2,67108864,69632,0,0,0,50
1790870621921,2,67108864,69632,0,0,0,50
1790870621971,2,67108864,69632,0,0,0,50
1790870622021,2,67108864,69632,0,0,0,50
1790870622071,2,67108864,69632,0,0,0,50
1790870622121,2,67108864,69632,0,0,0,50
1790870622171,2,67108864,69632,0,0,0,50
1790870622221,2,67108864,69632,0,0,0,50
1790870622271,2,67108864,69632,0,0,0,50
1790870622321,2,67108864,69632,0,0,0,50
1790870622371,2,67108864,69632,0,0,0,50
1790870622421,2,67108864,69632,0,0,0,50
1790870622471,2,67108864,69632,0,0,0,50
1790870622521,2,67108864,69632,0,0,0,50
1790870622571,2,67108864,69632,0,0,0,50
1790870622621,2,67108864,69632,0,0,0,50
1790870622671,2,67108864,69632,0,0,0,50
1790870622721,2,67108864,69632,0,0,0,50
1790870622771,2,67108864,69632,0,0,0,50
1790870622821,2,67108864,69632,0,0,0,50
1790870622871,2,67108864,69632,0,0,0,50
1790870622921,2,67108864,69632,0,0,0,50
1790870622971,2,67108864,69632,0,0,0,50
1790870623021,2,67108864,69632,0,0,0,50
1790870623071,2,67108864,69632,0,0,0,50
1790870623121,2,67108864,69632,0,0,0,50
1790870623171,2,67108864,69632,0,0,0,50
1790870623221,2,67108864,69632,0,0,0,50
1790870623271,2,67108864,69632,0,0,0,50
1790870623321,2,67108864,69632,0,0,0,50
1790870623371,2,67108864,69632,0,0,0,50
1790870623421,2,67108864,69632,0,0,0,50
1790870623471,2,67108864,69632,0,0,0,50
1790870623521,2,67108864,69632,0,0,0,50
1790870623571,2,67108864,69632,0,0,0,50
1790870623621,2,67108864,69632,0,0,0,50
1790870623671,2,67108864,69632,0,0,0,50
1790870623721,2,67108864,69632,0,0,0,50
1790870623771,2,67108864,69632,0,0,0,50
1790870623821,2,67108864,69632,0,0,0,50
1790870623871,2,67108864,69632,0,0,0,50
1790870623921,2,67108864,69632,0,0,0,50
1790870623971,2,67108864,69632,0,0,0,50
1790870624021,2,67108864,69632,0,0,0,50
1790870624071,2,67108864,69632,0,0,0,50
1790870624121,2,67108864,69632,0,0,0,50
1790870624171,2,67108864,69632,0,0,0,50
1790870624221,2,67108864,69632,0,0,0,50
1790870624271,2,67108864,69632,0,0,0,50
1790870624321,2,67108864,69632,0,0,0,50
1790870624371,2,67108864,69632,0,0,0,50
1790870624421,2,67108864,69632,0,0,0,50
1790870624471,2,67108864,69632,0,0,0,50
1790870624521,2,67108864,69632,0,0,0,50
1790870624571,2,67108864,69632,0,0,0,50
1790870624621,2,67108864,69632,0,0,0,50
1790870624671,2,67108864,69632,0,0,0,50
1790870624721,2,67108864,69632,0,0,0,50
1790870624771,2,67108864,69632,0,0,0,50
1790870624821,2,67108864,69632,0,0,0,50
1790870624871,2,67108864,69632,0,0,0,50
1790870624921,2,67108864,69632,0,0,0,50
1790870624971,2,67108864,69632,0,0,0,50
1790870625021,2,67108864,69632,0,0,0,50
1790870625071,2,67108864,69632,0,0,0,50
1790870625121,2,67108864,69632,0,0,0,50
1790870625171,2,67108864,69632,0,0,0,50
1790870625221,2,67108864,69632,0,0,0,50
1790870625271,2,67108864,69632,0,0,0,50
1790870625321,2,67108864,69632,0,0,0,50
1790870625371,2,67108864,69632,0,0,0,50
1790870625421,2,67108864,69632,0,0,0,50
1790870625471,2,67108864,73728,0,0,0,50
1790870625521,2,67108864,73728,0,0,0,50
1790870625571,2,67108864,73728,0,0,0,50
1790870625621,2,67108864,73728,0,0,0,50
1790870625671,2,67108864,73728,0,0,0,50
1790870625721,2,67108864,73728,0,0,0,50
1790870625771,2,67108864,73728,0,0,0,50
1790870625821,2,67108864,73728,0,0,0,50
1790870625871,2,67108864,73728,0,0,0,50
1790870625921,2,67108864,73728,0,0,0,50
1790870625971,2,67108864,73728,0,0,0,50
1790870626021,2,67108864,73728,0,0,0,50
1790870626071,2,67108864,73728,0,0,0,50
1790870626121,2,67108864,73728,0,0,0,50
1790870626171,2,67108864,73728,0,0,0,50
1790870626221,2,67108864,73728,0,0,0,50
1790870626271,2,67108864,73728,0,0,0,50
1790870626321,2,67108864,73728,0,0,0,50
1790870626371,2,67108864,73728,0,0,0,50
1790870626421,2,67108864,73728,0,0,0,50
1790870626471,2,67108864,73728,0,0,0,50
1790870626521,2,67108864,73728,0,0,0,50
1790870626571,2,67108864,73728,0,0,0,50
1790870626621,2,67108864,73728,0,0,0,50
1790870626671,2,67108864,73728,0,0,0,50
1790870626721,2,67108864,73728,0,0,0,50
1790870626771,2,67108864,73728,0,0,0,50
1790870626821,2,67108864,73728,0,0,0,50
1790870626871,2,67108864,73728,0,0,0,50
1790870626921,2,67108864,73728,0,0,0,50
1790870626971,2,67108864,73728,0,0,0,50
1790870627021,2,67108864,73728,0,0,0,50
1790870627071,2,67108864,73728,0,0,0,50
1790870627121,2,67108864,73728,0,0,0,50
1790870627171,2,67108864,73728,0,0,0,50
1790870627221,2,67108864,73728,0,0,0,50
1790870627271,2,67108864,73728,0,0,0,50
1790870627321,2,67108864,73728,0,0,0,50
1790870627371,2,67108864,73728,0,0,0,50
1790870627421,2,67108864,73728,0,0,0,50
1790870627471,2,67108864,73728,0,0,0,50
1790870627521,2,67108864,73728,0,0,0,50
1790870627571,2,67108864,73728,0,0,0,50
1790870627621,2,67108864,73728,0,0,0,50
1790870627671,2,67108864,73728,0,0,0,50
1790870627721,2,67108864,73728,0,0,0,50
1790870627771,2,67108864,73728,0,0,0,50
1790870627821,2,67108864,73728,0,0,0,50
1790870627871,2,67108864,73728,0,0,0,50
1790870627921,2,67108864,73728,0,0,0,50
1790870627971,2,67108864,73728,0,0,0,50
1790870628021,2,67108864,73728,0,0,0,50
1790870628071,2,67108864,73728,0,0,0,50
1790870628121,2,67108864,73728,0,0,0,50
1790870628171,2,67108864,73728,0,0,0,50
1790870628221,2,67108864,73728,0,0,0,50
1790870628271,2,67108864,73728,0,0,0,50
1790870628321,2,67108864,73728,0,0,0,50
1790870628371,2,67108864,73728,0,0,0,50
1790870628421,2,67108864,73728,0,0,0,50
1790870628471,2,67108864,73728,0,0,0,50
1790870628521,2,67108864,73728,0,0,0,50
1790870628571,2,67108864,73728,0,0,0,50
1790870628621,2,67108864,73728,0,0,0,50
1790870628671,2,67108864,73728,0,0,0,50
1790870628721,2,67108864,73728,0,0,0,50
1790870628771,2,67108864,73728,0,0,0,50
1790870628821,2,67108864,73728,0,0,0,50
1790870628871,2,67108864,73728,0,0,0,50
1790870628921,2,67108864,73728,0,0,0,50
1790870628971,2,67108864,73728,0,0,0,50
1790870629021,2,67108864,14897152,0,0,0,50
1790870629071,2,67108864,17920000,0,0,0,50
1790870629121,3,100663296,32497664,0,0,0,50
1790870629171,3,100663296,54280192,0,0,0,50
1790870629221,4,134217728,78737408,0,0,0,50
1790870629271,5,167772160,105488384,1,18,0,50
1790870629321,6,201326592,128475136,1,18,0,50
1790870629371,6,201326592,151810048,1,18,0,50
1790870629421,7,234881024,170074112,2,36,0,50
1790870629471,7,234881024,189079552,2,36,0,50
1790870629521,8,268435456,211038208,2,36,0,50
1790870629571,9,301989888,235204608,2,36,0,50
1790870629621,9,301989888,256331776,5,90,0,50
1790870629671,10,335544320,279306240,5,90,0,50
1790870629721,11,369098752,300908544,5,90,0,50
1790870629771,12,402653184,323833856,5,90,0,50
1790870629821,12,402653184,346075136,7,126,0,50
1790870629871,13,436207616,369549312,7,126,0,50
1790870629921,14,469762048,393351168,7,126,0,50
1790870629971,14,469762048,407932928,7,126,0,50
1790870630021,15,503316480,432279552,8,144,0,50
1790870630071,16,536870912,457400320,10,180,0,50
1790870630121,16,536870912,479973376,10,180,0,50
1790870630171,17,570425344,507604992,10,180,0,50
1790870630221,18,603979776,527785984,10,180,0,50
1790870630271,19,637534208,550158336,10,180,0,50
1790870630321,19,637534208,574070784,10,180,0,50
1790870630371,20,671088640,601378816,13,234,0,50
1790870630421,21,704643072,625582080,13,234,0,50
1790870630471,22,738197504,651665408,13,234,0,50
1790870630521,22,738197504,675770368,13,234,0,50
1790870630571,23,771751936,700096512,13,234,0,50
1790870630621,24,805306368,724058112,13,234,0,50
1790870630671,24,805306368,742662144,16,288,0,50
1790870630721,25,838860800,766881792,17,306,0,50
1790870630771,26,872415232,794644480,17,306,0,50
1790870630821,27,905969664,821469184,17,306,0,50
1790870630871,28,939524096,844025856,17,306,0,50
1790870630921,28,939524096,871780352,17,306,0,50
1790870630971,29,973078528,897318912,17,306,0,50
1790870631021,30,1006632960,920936448,17,306,0,50
1790870631071,31,1040187392,946827264,17,306,0,50
1790870631121,31,1040187392,971976704,22,396,0,50
1790870631171,32,1073741824,995766272,22,396,0,50
1790870631221,33,1107296256,1021931520,22,396,0,50
1790870631271,34,1140850688,1047654400,22,396,0,50
1790870631321,35,1174405120,1072586752,22,396,0,50
1790870631371,35,1174405120,1101647872,22,396,0,50
1790870631421,36,1207959552,1132519424,22,396,0,50
1790870631471,37,1241513984,1164820480,22,396,0,50
1790870631521,38,1275068416,1198514176,22,396,0,50
1790870631571,39,1308622848,1228431360,22,396,0,50
1790870631621,40,1342177280,1258954752,22,396,0,50
1790870631671,41,1375731712,1286701056,22,396,0,50
1790870631721,42,1409286144,1313419264,22,396,0,50
1790870631771,43,1442840576,1342750720,22,396,0,50
1790870631821,44,1476395008,1373921280,22,396,0,50
1790870631871,45,1509949440,1404223488,22,396,0,50
1790870631921,46,1543503872,1433649152,22,396,0,50
1790870631971,46,1543503872,1463488512,22,396,0,50
1790870632021,47,1577058304,1486364672,22,396,0,50
1790870632071,48,1610612736,1516126208,29,522,0,50
1790870632121,49,1644167168,1542090752,29,522,0,50
1790870632171,50,1677721600,1569988608,29,522,0,50
1790870632221,51,1711276032,1595408384,29,522,0,50
1790870632271,51,1711276032,1618386944,29,522,0,50
1790870632321,52,1744830464,1650364416,29,522,0,50
1790870632371,53,1778384896,1680326656,29,522,0,50
1790870632421,54,1811939328,1711480832,29,522,0,50
1790870632471,55,1845493760,1743978496,29,522,0,50
1790870632521,56,1879048192,1771401216,29,522,0,50
1790870632571,57,1912602624,1802006528,29,522,0,50
1790870632621,58,1946157056,1829785600,29,522,0,50
1790870632671,59,1979711488,1855041536,29,522,0,50
1790870632721,59,1979711488,1880682496,29,522,0,50
1790870632771,60,2013265920,1912786944,29,522,0,50
1790870632821,61,2046820352,1941639168,29,522,0,50
1790870632871,62,2080374784,1974743040,29,522,0,50
1790870632921,63,2113929216,2006605824,29,522,0,50
1790870632971,64,2147483648,2037956608,29,522,0,50
1790870633021,65,2181038080,2065702912,29,522,0,50
1790870633071,66,2214592512,2095562752,29,522,0,50
1790870633121,67,2248146944,2121805824,29,522,0,50
1790870633171,68,2281701376,2151780352,29,522,0,50
1790870633221,69,2315255808,2180325376,29,522,0,50
1790870633271,69,2315255808,2210369536,29,522,0,50
1790870633321,70,2348810240,2239512576,29,522,0,50
1790870633371,71,2382364672,2271911936,29,522,0,50
1790870633421,72,2415919104,2300694528,29,522,0,50
1790870633471,73,2449473536,2330222592,29,522,0,50
1790870633521,74,2483027968,2356215808,29,522,0,50
1790870633571,75,2516582400,2384048128,29,522,0,50
1790870633621,76,2550136832,2408521728,29,522,0,50
1790870633671,76,2550136832,2434097152,29,522,0,50
1790870633721,77,2583691264,2464194560,29,522,0,50
1790870633771,78,2617245696,2496061440,29,522,0,50
1790870633821,79,2650800128,2526437376,29,522,0,50
1790870633871,80,2684354560,2554941440,29,522,0,50
1790870633921,81,2717908992,2581753856,29,522,0,50
1790870633971,82,2751463424,2609876992,29,522,0,50
1790870634021,82,2751463424,2631639040,29,522,0,50
1790870634071,83,2785017856,2658766848,29,522,0,50
1790870634121,84,2818572288,2689294336,29,522,0,50
1790870634171,85,2852126720,2722177024,29,522,0,50
1790870634221,86,2885681152,2753400832,29,522,0,50
1790870634271,87,2919235584,2780434432,29,522,0,50
1790870634321,88,2952790016,2810609664,29,522,0,50
1790870634371,89,2986344448,2839896064,29,522,0,50
1790870634421,90,3019898880,2866728960,29,522,0,50
1790870634471,90,3019898880,2890293248,29,522,0,50
1790870634521,91,3053453312,2916671488,29,522,0,50
1790870634571,92,3087007744,2945495040,29,522,0,50
1790870634621,93,3120562176,2976350208,29,522,0,50
1790870634671,94,3154116608,3006595072,29,522,0,50
1790870634721,95,3187671040,3036721152,29,522,0,50
1790870634771,96,3221225472,3065622528,29,522,0,50
1790870634821,97,3254779904,3098464256,29,522,0,50
1790870634871,97,3254779904,3122188288,29,522,0,50
1790870634921,98,3288334336,3145097216,29,522,0,50
1790870634971,99,3321888768,3173294080,29,522,0,50
1790870635021,100,3355443200,3200704512,29,522,0,50
1790870635071,101,3388997632,3228348416,29,522,0,50
1790870635121,102,3422552064,3258642432,29,522,0,50
1790870635171,103,3456106496,3288199168,29,522,0,50
1790870635221,103,3456106496,3315408896,29,522,0,50
1790870635271,104,3489660928,3345727488,29,522,0,50
1790870635321,105,3523215360,3374542848,29,522,0,50
1790870635371,106,3556769792,3403845632,29,522,0,50
1790870635421,107,3590324224,3429097472,31,558,0,50
1790870635471,108,3623878656,3455680512,32,576,0,50
1790870635521,108,3623878656,3478380544,32,576,0,50
1790870635571,109,3657433088,3506339840,32,576,0,50
1790870635621,110,3690987520,3536863232,32,576,0,50
1790870635671,111,3724541952,3566653440,32,576,0,50
1790870635721,112,3758096384,3595124736,32,576,0,50
1790870635771,113,3791650816,3625041920,32,576,0,50
1790870635821,114,3825205248,3651112960,32,576,0,50
1790870635871,115,3858759680,3679350784,33,594,0,50
1790870635921,116,3892314112,3707543552,35,630,0,50
1790870635971,116,3892314112,3733045248,35,630,0,50
1790870636021,117,3925868544,3760480256,36,648,0,50
1790870636071,118,3959422976,3789877248,36,648,0,50
1790870636121,119,3992977408,3820023808,36,648,0,50
1790870636171,120,4026531840,3852165120,36,648,0,50
1790870636221,121,4060086272,3881476096,36,648,0,50
1790870636271,122,4093640704,3906203648,36,648,0,50
1790870636321,123,4127195136,3933200384,37,666,0,50
1790870636371,123,4127195136,3959177216,38,684,0,50
1790870636421,124,4160749568,3986911232,39,702,0,50
1790870636471,125,4194304000,4015296512,39,702,0,50
1790870636521,126,4227858432,4045844480,40,720,0,50
1790870636571,127,4261412864,4076179456,40,720,0,50
1790870636621,127,4261412864,4103540736,40,720,0,50
1790870636671,127,4261412864,4129046528,40,720,0,50
1790870636721,127,4261412864,4133507072,40,720,0,50
1790870636771,127,4261412864,4133507072,40,720,0,50
1790870636821,127,4261412864,4133507072,43,774,0,50
1790870636871,127,4261412864,4133507072,44,792,0,50
1790870636921,127,4261412864,4133507072,44,792,0,50
1790870636971,127,4261412864,4133507072,45,810,0,50
1790870637021,127,4261412864,4133507072,45,810,0,50
1790870637071,127,4261412864,4133507072,45,810,0,50
1790870637121,127,4261412864,4133507072,45,810,0,50
1790870637171,127,4261412864,4133507072,45,810,0,50
1790870637221,127,4261412864,4133507072,45,810,0,50
1790870637271,127,4261412864,4133507072,45,810,0,50
1790870637321,127,4261412864,4133507072,46,828,0,50
1790870637371,127,4261412864,4133507072,46,828,0,50
1790870637421,127,4261412864,4133507072,46,828,0,50
1790870637471,127,4261412864,4133507072,46,828,0,50
1790870637521,127,4261412864,4133507072,46,828,0,50
1790870637571,127,4261412864,4133507072,46,828,0,50
1790870637621,127,4261412864,4133507072,46,828,0,50
1790870637671,127,4261412864,4133507072,46,828,0,50
1790870637721,127,4261412864,4133507072,46,828,0,50
1790870637771,127,4261412864,4133507072,46,828,0,50
1790870637821,127,4261412864,4133507072,46,828,0,50
1790870637871,127,4261412864,4133507072,46,828,0,50
1790870637921,127,4261412864,4133507072,46,828,0,50
1790870637971,127,4261412864,4133507072,46,828,0,50
1790870638021,127,4261412864,4133507072,46,828,0,50
1790870638071,127,4261412864,4133507072,46,828,0,50
1790870638121,127,4261412864,4133507072,46,828,0,50
1790870638171,127,4261412864,4133507072,46,828,0,50
1790870638221,127,4261412864,4133507072,46,828,0,50
1790870638271,127,4261412864,4133507072,46,828,0,50
1790870638321,127,4261412864,4133507072,46,828,0,50
1790870638371,127,4261412864,4133507072,46,828,0,50
1790870638421,127,4261412864,4133507072,46,828,0,50
1790870638471,127,4261412864,4133507072,46,828,0,50
1790870638521,127,4261412864,4133507072,46,828,0,50
1790870638571,127,4261412864,4133507072,46,828,0,50
1790870638621,127,4261412864,4133507072,46,828,0,50
1790870638671,127,4261412864,4133507072,46,828,0,50
1790870638721,127,4261412864,4133507072,46,828,0,50
1790870638771,127,4261412864,4133507072,46,828,0,50
1790870638821,127,4261412864,4133507072,46,828,0,50
1790870638871,127,4261412864,4133507072,46,828,0,50
1790870638921,127,4261412864,4133507072,46,828,0,50
1790870638971,127,4261412864,4133507072,46,828,0,50
1790870639021,127,4261412864,4133507072,46,828,0,50
1790870639071,127,4261412864,4133507072,46,828,0,50
1790870639121,127,4261412864,4133507072,46,828,0,50
1790870639171,127,4261412864,4133507072,46,828,0,50
1790870639221,127,4261412864,4133507072,46,828,0,50
1790870639271,127,4261412864,4133507072,46,828,0,50
1790870639321,127,4261412864,4133507072,46,828,0,50
1790870639371,127,4261412864,4133507072,46,828,0,50
1790870639421,127,4261412864,4133507072,46,828,0,50
1790870639471,127,4261412864,4133507072,46,828,0,50
1790870639521,127,4261412864,4133507072,46,828,0,50
1790870639571,127,4261412864,4133507072,46,828,0,50
1790870639621,127,4261412864,4133507072,46,828,0,50
1790870639671,127,4261412864,4133507072,46,828,0,50
1790870639721,127,4261412864,4133507072,46,828,0,50
1790870639771,127,4261412864,4133507072,46,828,0,50
1790870639821,127,4261412864,4133507072,46,828,0,50
1790870639871,127,4261412864,4133507072,46,828,0,50
1790870639921,127,4261412864,4133507072,46,828,0,50
1790870639971,127,4261412864,4133507072,46,828,0,50
1790870640021,127,4261412864,4133507072,46,828,0,50
1790870640071,127,4261412864,4133507072,46,828,0,50
1790870640121,127,4261412864,4133507072,46,828,0,50
1790870640171,127,4261412864,4133507072,46,828,0,50
1790870640221,127,4261412864,4133507072,46,828,0,50
1790870640271,127,4261412864,4133507072,46,828,0,50
1790870640321,127,4261412864,4133507072,46,828,0,50
1790870640371,127,4261412864,4133507072,46,828,0,50
1790870640421,127,4261412864,4133507072,46,828,0,50
1790870640471,127,4261412864,4133507072,46,828,0,50
1790870640521,127,4261412864,4133507072,46,828,0,50
1790870640571,127,4261412864,4133507072,46,828,0,50
1790870640621,127,4261412864,4133507072,46,828,0,50
1790870640671,127,4261412864,4133507072,46,828,0,50
1790870640721,127,4261412864,4133507072,46,828,0,50
1790870640771,127,4261412864,4133507072,46,828,0,50
1790870640821,127,4261412864,4133507072,46,828,0,50
1790870640871,127,4261412864,4133507072,46,828,0,50
1790870640921,127,4261412864,4133507072,46,828,0,50
1790870640971,127,4261412864,4133507072,46,828,0,50
1790870641021,127,4261412864,4133507072,46,828,0,50
1790870641071,127,4261412864,4133507072,46,828,0,50
1790870641121,127,4261412864,4133507072,46,828,0,50
1790870641171,127,4261412864,4133507072,46,828,0,50
1790870641221,127,4261412864,4133507072,46,828,0,50
1790870641271,127,4261412864,4133507072,46,828,0,50
1790870641321,127,4261412864,4133507072,46,828,0,50
1790870641371,127,4261412864,4133507072,46,828,0,50
1790870641421,127,4261412864,4133507072,46,828,0,50
1790870641471,127,4261412864,4133507072,46,828,0,50
1790870641521,127,4261412864,4133507072,46,828,0,50
1790870641571,127,4261412864,4133507072,46,828,0,50
1790870641621,127,4261412864,4133507072,46,828,0,50
1790870641671,127,4261412864,4133507072,46,828,0,50
1790870641721,127,4261412864,4133507072,46,828,0,50
1790870641771,127,4261412864,4133507072,46,828,0,50
1790870641821,127,4261412864,4133507072,46,828,0,50
1790870641871,127,4261412864,4133507072,46,828,0,50
1790870641921,127,4261412864,4133507072,46,828,0,50
1790870641971,127,4261412864,4133507072,46,828,0,50
1790870642021,127,4261412864,4133507072,46,828,0,50
1790870642071,127,4261412864,4133507072,46,828,0,50
1790870642121,127,4261412864,4133507072,46,828,0,50
1790870642171,127,4261412864,4133507072,46,828,0,50
1790870642221,127,4261412864,4133507072,46,828,0,50
1790870642271,127,4261412864,4133507072,46,828,0,50
1790870642321,127,4261412864,4133507072,46,828,0,50
1790870642371,127,4261412864,4133507072,46,828,0,50
1790870642421,127,4261412864,4133507072,46,828,0,50
1790870642471,127,4261412864,4133507072,46,828,0,50
1790870642521,127,4261412864,4133507072,46,828,0,50
1790870642571,127,4261412864,4133507072,46,828,0,50
1790870642621,127,4261412864,4133507072,46,828,0,50
1790870642671,127,4261412864,4133507072,46,828,0,50
1790870642721,127,4261412864,4133507072,46,828,0,50
1790870642771,127,4261412864,4133507072,46,828,0,50
1790870642821,127,4261412864,4133507072,46,828,0,50
1790870642871,127,4261412864,4133507072,46,828,0,50
1790870642921,127,4261412864,4133507072,46,828,0,50
1790870642971,127,4261412864,4133507072,46,828,0,50
1790870643021,127,4261412864,4133507072,46,828,0,50
1790870643071,127,4261412864,4133507072,46,828,0,50
1790870643121,127,4261412864,4133507072,46,828,0,50
1790870643171,127,4261412864,4133507072,46,828,0,50
1790870643221,127,4261412864,4133507072,46,828,0,50
1790870643271,127,4261412864,4133507072,46,828,0,50
1790870643321,127,4261412864,4133507072,46,828,0,50
1790870643371,127,4261412864,4133507072,46,828,0,50
1790870643421,127,4261412864,4133507072,46,828,0,50
1790870643471,127,4261412864,4133507072,46,828,0,50
1790870643521,127,4261412864,4133507072,46,828,0,50
1790870643571,127,4261412864,4133507072,46,828,0,50
1790870643621,127,4261412864,4133507072,46,828,0,50
1790870643671,127,4261412864,4133507072,46,828,0,50
1790870643721,127,4261412864,4133507072,46,828,0,50
1790870643771,127,4261412864,4133507072,46,828,0,50
1790870643821,127,4261412864,4133507072,46,828,0,50
1790870643871,127,4261412864,4133507072,46,828,0,50
1790870643921,127,4261412864,4133507072,46,828,0,50
1790870643971,127,4261412864,4133507072,46,828,0,50
1790870644021,127,4261412864,4133507072,46,828,0,50
1790870644071,127,4261412864,4133507072,46,828,0,50
1790870644121,127,4261412864,4133507072,46,828,0,50
1790870644171,127,4261412864,4133507072,46,828,0,50
1790870644221,127,4261412864,4133507072,46,828,0,50
1790870644271,127,4261412864,4133507072,46,828,0,50
1790870644321,127,4261412864,4133507072,46,828,0,50
1790870644371,127,4261412864,4133507072,46,828,0,50
1790870644421,127,4261412864,4133507072,46,828,0,50
1790870644471,127,4261412864,4133507072,46,828,0,50
1790870644521,127,4261412864,4133507072,46,828,0,50
1790870644571,127,4261412864,4133507072,46,828,0,50
1790870644621,127,4261412864,4133507072,46,828,0,50
1790870644671,127,4261412864,4133507072,46,828,0,50
1790870644721,127,4261412864,4133507072,46,828,0,50
1790870644771,127,4261412864,4133507072,46,828,0,50
1790870644821,127,4261412864,4133507072,46,828,0,50
1790870644871,127,4261412864,4133507072,46,828,0,50
1790870644921,127,4261412864,4133507072,46,828,0,50
1790870644971,127,4261412864,4133507072,46,828,0,50
1790870645021,127,4261412864,4133507072,46,828,0,50
1790870645071,127,4261412864,4133507072,46,828,0,50
1790870645121,127,4261412864,4133507072,46,828,0,50
1790870645171,127,4261412864,4133507072,46,828,0,50
1790870645221,127,4261412864,4133507072,46,828,0,50
1790870645271,127,4261412864,4133507072,46,828,0,50
1790870645321,127,4261412864,4133507072,46,828,0,50
1790870645371,127,4261412864,4133507072,46,828,0,50
1790870645421,127,4261412864,4133507072,46,828,0,50
1790870645471,127,4261412864,4133507072,46,828,0,50
1790870645521,127,4261412864,4133507072,46,828,0,50
1790870645571,127,4261412864,4133507072,46,828,0,50
1790870645621,127,4261412864,4133507072,46,828,0,50
1790870645671,127,4261412864,4133507072,46,828,0,50
1790870645721,127,4261412864,4133507072,46,828,0,50
1790870645771,127,4261412864,4133507072,46,828,0,50
1790870645821,127,4261412864,4133507072,46,828,0,50
1790870645871,127,4261412864,4133507072,46,828,0,50
1790870645921,127,4261412864,4133507072,46,828,0,50
1790870645971,127,4261412864,4133507072,46,828,0,50
1790870646021,127,4261412864,4133507072,46,828,0,50
1790870646071,127,4261412864,4133507072,46,828,0,50
1790870646121,127,4261412864,4133507072,48,864,0,50
1790870646171,127,4261412864,4133507072,48,864,0,50
1790870646221,127,4261412864,4133507072,48,864,0,50
1790870646271,127,4261412864,4133507072,48,864,0,50
1790870646321,127,4261412864,4133507072,48,864,0,50
1790870646371,127,4261412864,4133507072,49,882,0,50
1790870646421,127,4261412864,4133507072,50,900,0,50
1790870646471,127,4261412864,4133507072,50,900,0,50
1790870646521,127,4261412864,4133507072,50,900,0,50
1790870646571,127,4261412864,4133507072,50,900,0,50
1790870646621,127,4261412864,4133507072,50,900,0,50
1790870646671,127,4261412864,4133507072,50,900,0,50
1790870646721,127,4261412864,4133507072,50,900,0,50
1790870646771,127,4261412864,4133507072,53,954,0,50
1790870646821,127,4261412864,4133507072,54,972,0,50
1790870646871,127,4261412864,4133507072,54,972,0,50
1790870646921,127,4261412864,4133507072,54,972,0,50
1790870646971,127,4261412864,4133507072,54,972,0,50
1790870647021,127,4261412864,4133507072,54,972,0,50
1790870647071,127,4261412864,4133507072,54,972,0,50
1790870647121,127,4261412864,4133507072,55,990,0,50
1790870647171,127,4261412864,4133507072,56,1008,0,50
1790870647221,127,4261412864,4133507072,56,1008,0,50
1790870647271,127,4261412864,4133507072,56,1008,0,50
1790870647321,127,4261412864,4133507072,56,1008,0,50
1790870647371,127,4261412864,4133507072,56,1008,0,50
1790870647421,127,4261412864,4133507072,56,1008,0,50
1790870647471,127,4261412864,4133507072,56,1008,0,50
1790870647521,127,4261412864,4133507072,57,1026,0,50
1790870647571,127,4261412864,4133507072,58,1044,0,50
1790870647621,127,4261412864,4133507072,58,1044,0,50
1790870647671,127,4261412864,4133507072,58,1044,0,50
1790870647721,127,4261412864,4133507072,58,1044,0,50
1790870647771,127,4261412864,4133507072,58,1044,0,50
1790870647821,127,4261412864,4133507072,58,1044,0,50
1790870647871,127,4261412864,4133507072,60,1080,0,50
1790870647921,127,4261412864,4133507072,60,1080,0,50
1790870647971,127,4261412864,4133507072,60,1080,0,50
1790870648021,127,4261412864,4133507072,60,1080,0,50
1790870648071,127,4261412864,4133507072,60,1080,0,50
1790870648121,127,4261412864,4133507072,60,1080,0,50
1790870648171,127,4261412864,4133507072,60,1080,0,50
1790870648221,127,4261412864,4133507072,62,1116,0,50
1790870648271,127,4261412864,4133507072,63,1134,0,50
1790870648321,127,4261412864,4133507072,63,1134,0,50
1790870648371,127,4261412864,4133507072,63,1134,0,50
1790870648421,127,4261412864,4133507072,63,1134,0,50
1790870648471,127,4261412864,4133507072,63,1134,0,50
1790870648521,127,4261412864,4133507072,64,1152,0,50
1790870648571,127,4261412864,4133507072,66,1188,0,50
1790870648621,127,4261412864,4133507072,66,1188,0,50
1790870648671,127,4261412864,4133507072,66,1188,0,50
1790870648721,127,4261412864,4133507072,66,1188,0,50
1790870648771,127,4261412864,4133507072,66,1188,0,50
1790870648821,127,4261412864,4133507072,66,1188,0,50
1790870648871,127,4261412864,4133507072,67,1206,0,50
1790870648921,127,4261412864,4133507072,68,1224,0,50
1790870648971,127,4261412864,4133507072,68,1224,0,50
1790870649021,127,4261412864,4133507072,68,1224,0,50
1790870649071,127,4261412864,4133507072,68,1224,0,50
1790870649121,127,4261412864,4133507072,68,1224,0,50
1790870649171,127,4261412864,4133507072,68,1224,0,50
1790870649221,127,4261412864,4133507072,70,1260,0,50
1790870649271,127,4261412864,4133507072,71,1278,0,50
1790870649321,127,4261412864,4133507072,71,1278,0,50
1790870649371,127,4261412864,4133507072,71,1278,0,50
1790870649421,127,4261412864,4133507072,71,1278,0,50
1790870649471,127,4261412864,4133507072,71,1278,0,50
1790870649521,127,4261412864,4133507072,72,1296,0,50
1790870649571,127,4261412864,4133507072,73,1314,0,50
1790870649621,127,4261412864,4133507072,73,1314,0,50
1790870649671,127,4261412864,4133507072,73,1314,0,50
1790870649721,127,4261412864,4133507072,73,1314,0,50
1790870649771,127,4261412864,4133507072,73,1314,0,50
1790870649821,127,4261412864,4133507072,73,1314,0,50
1790870649871,127,4261412864,4133507072,73,1314,0,50
1790870649921,127,4261412864,4133507072,76,1368,0,50
1790870649971,127,4261412864,4133507072,76,1368,0,50
1790870650021,127,4261412864,4133507072,76,1368,0,50
1790870650071,127,4261412864,4133507072,76,1368,0,50
1790870650121,127,4261412864,4133507072,77,1386,0,50
1790870650171,127,4261412864,4133507072,77,1386,0,50
1790870650221,127,4261412864,4133507072,81,1458,0,50
1790870650271,127,4261412864,4133507072,90,1620,0,50
1790870650321,127,4261412864,4133507072,104,1872,0,50
1790870650371,127,4261412864,4133507072,118,2124,0,50
1790870650421,127,4261412864,4133507072,127,2286,0,50
1790870650471,127,4261412864,4133507072,127,2286,0,50
1790870650521,127,4261412864,4133507072,127,2286,0,50
1790870650571,127,4261412864,4133507072,127,2286,0,50
1790870650621,127,4261412864,4133507072,127,2286,0,50
1790870650671,127,4261412864,4133507072,127,2286,0,50
1790870650721,127,4261412864,4133507072,127,2286,0,50
1790870650771,127,4261412864,4133507072,127,2286,0,50
1790870650821,127,4261412864,4133507072,127,2286,0,50
1790870650871,127,4261412864,4133507072,127,2286,0,50
1790870650921,127,4261412864,4133507072,127,2286,0,50
1790870650971,127,4261412864,4133507072,127,2286,0,50
1790870651021,127,4261412864,4133507072,127,2286,0,50
1790870651071,127,4261412864,4133507072,127,2286,0,50
1790870651121,127,4261412864,4133507072,127,2286,0,50
1790870651171,127,4261412864,4133507072,127,2286,0,50
1790870651221,127,4261412864,4133507072,127,2286,0,50
1790870651271,127,4261412864,4133507072,127,2286,0,50
1790870651321,127,4261412864,4133507072,127,2286,0,50
1790870651371,127,4261412864,4133507072,127,2286,0,50
1790870651421,127,4261412864,4133507072,127,2286,0,50
1790870651471,127,4261412864,4133507072,127,2286,0,50
1790870651521,127,4261412864,4133507072,127,2286,0,50
1790870651571,127,4261412864,4133507072,127,2286,0,50
1790870651621,127,4261412864,4133507072,127,2286,0,50
1790870651671,127,4261412864,4133507072,127,2286,0,50
1790870651721,127,4261412864,4133507072,127,2286,0,50
1790870651771,127,4261412864,4133507072,127,2286,0,50
1790870651821,127,4261412864,4133507072,127,2286,0,50
1790870651871,127,4261412864,4133507072,127,2286,0,50
1790870651921,127,4261412864,4133507072,127,2286,0,50
1790870651971,127,4261412864,4133507072,127,2286,0,50
1790870652021,127,4261412864,4133507072,127,2286,0,50
1790870652071,127,4261412864,4133507072,127,2286,0,50
1790870652121,127,4261412864,4133507072,127,2286,0,50
1790870652171,127,4261412864,4133507072,127,2286,0,50
1790870652221,127,4261412864,4133507072,127,2286,0,50
1790870652271,127,4261412864,4133507072,127,2286,0,50
1790870652321,127,4261412864,4133507072,127,2286,0,50
1790870652371,127,4261412864,4133507072,127,2286,0,50
1790870652421,127,4261412864,4133507072,127,2286,0,50
1790870652471,127,4261412864,4133507072,127,2286,0,50
1790870652521,127,4261412864,4133507072,127,2286,0,50
1790870652571,127,4261412864,4133507072,127,2286,0,50
1790870652621,127,4261412864,4133507072,127,2286,0,50
1790870652671,127,4261412864,4133507072,127,2286,0,50
1790870652721,127,4261412864,4133507072,127,2286,0,50
1790870652771,127,4261412864,4133507072,127,2286,0,50
1790870652821,127,4261412864,4133507072,127,2286,0,50
1790870652871,127,4261412864,4133507072,127,2286,0,50
1790870652921,127,4261412864,4133507072,127,2286,0,50
1790870652971,127,4261412864,4133507072,127,2286,0,50
1790870653021,127,4261412864,4133507072,127,2286,0,50
1790870653071,127,4261412864,4133507072,127,2286,0,50
1790870653121,127,4261412864,4133507072,127,2286,0,50
1790870653171,127,4261412864,4133507072,127,2286,0,50
1790870653221,127,4261412864,4133507072,127,2286,0,50
1790870653271,127,4261412864,4133507072,127,2286,0,50
1790870653321,127,4261412864,4133507072,127,2286,0,50
1790870653371,127,4261412864,4133507072,127,2286,0,50
1790870653421,127,4261412864,4133507072,127,2286,0,50
1790870653471,127,4261412864,4133507072,127,2286,0,50
1790870653521,127,4261412864,4133507072,127,2286,0,50
1790870653571,127,4261412864,4133507072,127,2286,0,50
1790870653621,127,4261412864,4133507072,127,2286,0,50
1790870653671,127,4261412864,4133507072,127,2286,0,50
1790870653721,127,4261412864,4133507072,127,2286,0,50
1790870653771,127,4261412864,4133507072,127,2286,0,50
1790870653821,127,4261412864,4133507072,127,2286,0,50
1790870653871,127,4261412864,4133507072,127,2286,0,50
1790870653921,127,4261412864,4133507072,127,2286,0,50
1790870653971,127,4261412864,4133507072,127,2286,0,50
1790870654021,127,4261412864,4133507072,127,2286,0,50
1790870654071,127,4261412864,4133507072,127,2286,0,50
1790870654121,127,4261412864,4133507072,127,2286,0,50
1790870654171,127,4261412864,4133507072,127,2286,0,50
1790870654221,127,4261412864,4133507072,127,2286,0,50
1790870654271,127,4261412864,4133507072,127,2286,0,50
1790870654321,127,4261412864,4133507072,127,2286,0,50
1790870654371,127,4261412864,4133507072,127,2286,0,50
1790870654421,127,4261412864,4133507072,127,2286,0,50
1790870654471,127,4261412864,4133507072,127,2286,0,50
1790870654521,127,4261412864,4133507072,127,2286,0,50
1790870654571,127,4261412864,4133507072,127,2286,0,50
1790870654621,127,4261412864,4133507072,127,2286,0,50
1790870654671,127,4261412864,4133507072,127,2286,0,50
1790870654721,127,4261412864,4133507072,127,2286,0,50
1790870654771,127,4261412864,4133507072,127,2286,0,50
1790870654821,127,4261412864,4133507072,127,2286,0,50
1790870654871,127,4261412864,4133507072,127,2286,0,50
1790870654921,127,4261412864,4133507072,127,2286,0,50
1790870654971,127,4261412864,4133507072,127,2286,0,50
1790870655021,127,4261412864,4133507072,127,2286,0,50
1790870655071,127,4261412864,4133507072,127,2286,0,50
1790870655121,127,4261412864,4133507072,127,2286,0,50
1790870655171,127,4261412864,4133507072,127,2286,0,50
1790870655221,127,4261412864,4133507072,127,2286,0,50
1790870655271,127,4261412864,4133507072,127,2286,0,50
1790870655321,127,4261412864,4133507072,127,2286,0,50
1790870655371,127,4261412864,4133507072,127,2286,0,50
1790870655421,127,4261412864,4133507072,127,2286,0,50
1790870655471,127,4261412864,4133507072,127,2286,0,50
1790870655521,127,4261412864,4133507072,127,2286,0,50
1790870655571,127,4261412864,4133507072,127,2286,0,50
1790870655621,127,4261412864,4133507072,127,2286,0,50
1790870655671,127,4261412864,4133507072,127,2286,0,50
1790870655721,127,4261412864,4133507072,127,2286,0,50
1790870655771,127,4261412864,4133507072,127,2286,0,50
1790870655821,127,4261412864,4133507072,127,2286,0,50
1790870655871,127,4261412864,4133507072,127,2286,0,50
1790870655921,127,4261412864,4133507072,127,2286,0,50
1790870655971,127,4261412864,4133507072,127,2286,0,50
1790870656021,127,4261412864,4133507072,127,2286,0,50
1790870656071,127,4261412864,4133507072,127,2286,0,50
1790870656121,127,4261412864,4133507072,127,2286,0,50
1790870656171,127,4261412864,4133507072,127,2286,0,50
1790870656221,127,4261412864,4133507072,127,2286,0,50
1790870656271,127,4261412864,4133507072,127,2286,0,50
1790870656321,127,4261412864,4133507072,127,2286,0,50
1790870656371,127,4261412864,4133507072,127,2286,0,50
1790870656421,127,4261412864,4133507072,127,2286,0,50
1790870656471,127,4261412864,4133507072,127,2286,0,50
1790870656521,127,4261412864,4133507072,127,2286,0,50
1790870656571,127,4261412864,4133507072,127,2286,0,50
1790870656621,127,4261412864,4133507072,127,2286,0,50
1790870656671,127,4261412864,4133507072,127,2286,0,50
1790870656721,127,4261412864,4133507072,127,2286,0,50
1790870656771,127,4261412864,4133507072,127,2286,0,50
1790870656821,127,4261412864,4133507072,127,2286,0,50
1790870656871,127,4261412864,4133507072,127,2286,0,50
1790870656921,127,4261412864,4133507072,127,2286,0,50
1790870656971,127,4261412864,4133507072,127,2286,0,50
1790870657021,127,4261412864,4133507072,127,2286,0,50
1790870657071,127,4261412864,4133507072,127,2286,0,50
1790870657121,127,4261412864,4133507072,127,2286,0,50
1790870657171,127,4261412864,4133507072,127,2286,0,50
1790870657221,127,4261412864,4133507072,127,2286,0,50
1790870657271,127,4261412864,4133507072,127,2286,0,50
1790870657321,127,4261412864,4133507072,127,2286,0,50
1790870657371,127,4261412864,4133507072,127,2286,0,50
1790870657421,127,4261412864,4133507072,127,2286,0,50
1790870657471,127,4261412864,4133507072,127,2286,0,50
1790870657521,127,4261412864,4133507072,127,2286,0,50
1790870657571,127,4261412864,4133507072,127,2286,0,50
1790870657621,127,4261412864,4133507072,127,2286,0,50
1790870657671,127,4261412864,4133507072,127,2286,0,50
1790870657721,127,4261412864,4133507072,127,2286,0,50
1790870657771,127,4261412864,4133507072,127,2286,0,50
1790870657821,127,4261412864,4133507072,127,2286,0,50
1790870657871,127,4261412864,4133507072,127,2286,0,50
1790870657921,127,4261412864,4133507072,127,2286,0,50
1790870657971,127,4261412864,4133507072,127,2286,0,50
1790870658021,127,4261412864,4133507072,127,2286,0,50
1790870658071,127,4261412864,4133507072,127,2286,0,50
1790870658121,127,4261412864,4133507072,127,2286,0,50
1790870658171,127,4261412864,4133507072,127,2286,0,50
1790870658221,127,4261412864,4133507072,127,2286,0,50
1790870658271,127,4261412864,4133507072,127,2286,0,50
1790870658321,127,4261412864,4133507072,127,2286,0,50
1790870658371,127,4261412864,4133507072,127,2286,0,50
1790870658421,127,4261412864,4133507072,127,2286,0,50
1790870658471,127,4261412864,4133507072,127,2286,0,50
1790870658521,127,4261412864,4133507072,127,2286,0,50
1790870658571,127,4261412864,4133507072,127,2286,0,50
1790870658621,127,4261412864,4133507072,127,2286,0,50
1790870658671,127,4261412864,4133507072,127,2286,0,50
1790870658721,127,4261412864,4133507072,127,2286,0,50
1790870658771,127,4261412864,4133507072,127,2286,0,50
1790870658821,127,4261412864,4133507072,127,2286,0,50
1790870658871,127,4261412864,4133507072,127,2286,0,50
1790870658921,127,4261412864,4133507072,127,2286,0,50
1790870658971,127,4261412864,4133507072,127,2286,0,50
1790870659021,127,4261412864,4133507072,127,2286,0,50
1790870659071,127,4261412864,4133507072,127,2286,0,50
1790870659121,127,4261412864,4133507072,127,2286,0,50
1790870659171,127,4261412864,4133507072,127,2286,0,50
1790870659221,127,4261412864,4133507072,127,2286,0,50
1790870659271,127,4261412864,4133507072,127,2286,0,50
1790870659321,127,4261412864,4133507072,127,2286,0,50
1790870659371,127,4261412864,4133507072,127,2286,0,50
1790870659421,127,4261412864,4133507072,127,2286,0,50
1790870659471,127,4261412864,4133507072,127,2286,0,50
1790870659521,127,4261412864,4133507072,127,2286,0,50
1790870659571,127,4261412864,4133507072,127,2286,0,50
1790870659621,127,4261412864,4133507072,127,2286,0,50
1790870659671,127,4261412864,4133507072,127,2286,0,50
1790870659721,127,4261412864,4133507072,127,2286,0,50
1790870659771,127,4261412864,4133507072,127,2286,0,50
1790870659821,127,4261412864,4133507072,127,2286,0,50
1790870659871,127,4261412864,4133507072,127,2286,0,50
1790870659921,127,4261412864,4133507072,127,2286,0,50
1790870659971,127,4261412864,4133507072,127,2286,0,50
1790870660021,127,4261412864,4133507072,127,2286,0,50
1790870660071,127,4261412864,4133507072,127,2286,0,50
1790870660121,127,4261412864,4133507072,127,2286,0,50
1790870660171,127,4261412864,4133507072,127,2286,0,50
1790870660221,127,4261412864,4133507072,127,2286,0,50
1790870660271,127,4261412864,4133507072,127,2286,0,50
1790870660321,127,4261412864,4133507072,127,2286,0,50
1790870660371,127,4261412864,4133507072,127,2286,0,50
1790870660421,127,4261412864,4133507072,127,2286,0,50
1790870660471,127,4261412864,4133507072,127,2286,0,50
1790870660521,127,4261412864,4133507072,127,2286,0,50
1790870660571,127,4261412864,4133507072,127,2286,0,50
1790870660621,127,4261412864,4133507072,127,2286,0,50
1790870660671,127,4261412864,4133507072,127,2286,0,50
1790870660721,127,4261412864,4133507072,127,2286,0,50
1790870660771,127,4261412864,4133507072,127,2286,0,50
1790870660821,127,4261412864,4133507072,127,2286,0,50
1790870660871,127,4261412864,4133507072,127,2286,0,50
1790870660921,127,4261412864,4133507072,127,2286,0,50
1790870660971,127,4261412864,4133507072,127,2286,0,50
1790870661021,127,4261412864,4133507072,127,2286,0,50
1790870661071,127,4261412864,4133507072,127,2286,0,50
1790870661121,127,4261412864,4133507072,127,2286,0,50
1790870661171,127,4261412864,4133507072,127,2286,0,50
1790870661221,127,4261412864,4133507072,127,2286,0,50
1790870661271,127,4261412864,4133507072,127,2286,0,50
1790870661321,127,4261412864,4133507072,127,2286,0,50
1790870661371,127,4261412864,4133507072,127,2286,0,50
1790870661421,127,4261412864,4133507072,127,2286,0,50
1790870661471,127,4261412864,4133507072,127,2286,0,50
1790870661521,127,4261412864,4133507072,127,2286,0,50
1790870661571,127,4261412864,4133507072,127,2286,0,50
1790870661621,127,4261412864,4133507072,127,2286,0,50
1790870661671,127,4261412864,4133507072,127,2286,0,50
1790870661721,127,4261412864,4133507072,127,2286,0,50
1790870661771,127,4261412864,4133507072,127,2286,0,50
1790870661821,127,4261412864,4133507072,127,2286,0,50
1790870661871,127,4261412864,4133507072,127,2286,0,50
1790870661921,127,4261412864,4133507072,127,2286,0,50
1790870661971,127,4261412864,4133507072,127,2286,0,50
1790870662021,127,4261412864,4133507072,127,2286,0,50
1790870662071,127,4261412864,4133507072,127,2286,0,50
1790870662121,127,4261412864,4133507072,127,2286,0,50
1790870662171,127,4261412864,4133507072,127,2286,0,50
1790870662221,127,4261412864,4133507072,127,2286,0,50
1790870662271,127,4261412864,4133507072,127,2286,0,50
1790870662321,127,4261412864,4133507072,127,2286,0,50
1790870662371,127,4261412864,4133507072,127,2286,0,50
1790870662421,127,4261412864,4133507072,127,2286,0,50
1790870662471,127,4261412864,4133507072,127,2286,0,50
1790870662521,127,4261412864,4133507072,127,2286,0,50
1790870662571,127,4261412864,4133507072,127,2286,0,50
1790870662621,127,4261412864,4133507072,127,2286,0,50
1790870662671,127,4261412864,4133507072,127,2286,0,50
1790870662721,127,4261412864,4133507072,127,2286,0,50
1790870662771,127,4261412864,4133507072,127,2286,0,50
1790870662821,127,4261412864,4133507072,127,2286,0,50
1790870662871,127,4261412864,4133507072,127,2286,0,50
1790870662921,127,4261412864,4133507072,127,2286,0,50
1790870662971,127,4261412864,4133507072,127,2286,0,50
1790870663021,127,4261412864,4133507072,127,2286,0,50
1790870663071,127,4261412864,4133507072,127,2286,0,50
1790870663121,127,4261412864,4133507072,127,2286,0,50
1790870663171,127,4261412864,4133507072,127,2286,0,50
1790870663221,127,4261412864,4133507072,127,2286,0,50
1790870663271,127,4261412864,4133507072,127,2286,0,50
1790870663321,127,4261412864,4133507072,127,2286,0,50
1790870663371,127,4261412864,4133507072,127,2286,0,50
1790870663421,127,4261412864,4133507072,127,2286,0,50
1790870663471,127,4261412864,4133507072,127,2286,0,50
1790870663521,127,4261412864,4133507072,127,2286,0,50
1790870663571,127,4261412864,4133507072,127,2286,0,50
1790870663621,127,4261412864,4133507072,127,2286,0,50
1790870663671,127,4261412864,4133507072,127,2286,0,50
1790870663721,127,4261412864,4133507072,127,2286,0,50
1790870663771,127,4261412864,4133507072,127,2286,0,50
1790870663821,127,4261412864,4133507072,127,2286,0,50
1790870663871,127,4261412864,4133507072,127,2286,0,50
1790870663921,127,4261412864,4133507072,127,2286,0,50
1790870663971,127,4261412864,4133507072,127,2286,0,50
1790870664021,127,4261412864,4133507072,127,2286,0,50
1790870664071,127,4261412864,4133507072,127,2286,0,50
1790870664121,127,4261412864,4133507072,127,2286,0,50
1790870664171,127,4261412864,4133507072,127,2286,0,50
1790870664221,127,4261412864,4133507072,127,2286,0,50
1790870664271,127,4261412864,4133507072,127,2286,0,50
1790870664321,127,4261412864,4133507072,127,2286,0,50
1790870664371,127,4261412864,4133507072,127,2286,0,50
1790870664421,127,4261412864,4133507072,127,2286,0,50
1790870664471,127,4261412864,4133507072,127,2286,0,50
1790870664521,127,4261412864,4133507072,127,2286,0,50
1790870664571,127,4261412864,4133507072,127,2286,0,50
1790870664621,127,4261412864,4133507072,127,2286,0,50
1790870664671,127,4261412864,4133507072,127,2286,0,50
1790870664721,127,4261412864,4133507072,127,2286,0,50
1790870664771,127,4261412864,4133507072,127,2286,0,50
1790870664821,127,4261412864,4133507072,127,2286,0,50
1790870664871,127,4261412864,4133507072,127,2286,0,50
1790870664921,127,4261412864,4133507072,127,2286,0,50
1790870664971,127,4261412864,4133507072,127,2286,0,50
1790870665021,127,4261412864,4133507072,127,2286,0,50
1790870665071,127,4261412864,4133507072,127,2286,0,50
1790870665121,127,4261412864,4133507072,127,2286,0,50
1790870665171,127,4261412864,4133507072,127,2286,0,50
1790870665221,127,4261412864,4133507072,127,2286,0,50
1790870665271,127,4261412864,4133507072,127,2286,0,50
1790870665321,127,4261412864,4133507072,127,2286,0,50
1790870665371,127,4261412864,4133507072,127,2286,0,50
1790870665421,127,4261412864,4133507072,127,2286,0,50
1790870665471,127,4261412864,4133507072,127,2286,0,50
1790870665521,127,4261412864,4133507072,127,2286,0,50
1790870665571,127,4261412864,4133507072,127,2286,0,50
1790870665621,127,4261412864,4133507072,127,2286,0,50
1790870665671,127,4261412864,4133507072,127,2286,0,50
1790870665721,127,4261412864,4133507072,127,2286,0,50
1790870665771,127,4261412864,4133507072,127,2286,0,50
1790870665821,127,4261412864,4133507072,127,2286,0,50
1790870665871,127,4261412864,4133507072,127,2286,0,50
1790870665921,127,4261412864,4133507072,127,2286,0,50
1790870665971,127,4261412864,4133507072,127,2286,0,50
1790870666021,127,4261412864,4133507072,127,2286,0,50
1790870666071,127,4261412864,4133507072,127,2286,0,50
1790870666121,127,4261412864,4133507072,127,2286,0,50
1790870666171,127,4261412864,4133507072,127,2286,0,50
1790870666221,127,4261412864,4133507072,127,2286,0,50
1790870666271,127,4261412864,4133507072,127,2286,0,50
1790870666321,127,4261412864,4133507072,127,2286,0,50
1790870666371,127,4261412864,4133507072,127,2286,0,50
1790870666421,127,4261412864,4133507072,127,2286,0,50
1790870666471,127,4261412864,4133507072,127,2286,0,50
1790870666521,127,4261412864,4133507072,127,2286,0,50
1790870666571,127,4261412864,4133507072,127,2286,0,50
1790870666621,127,4261412864,4133507072,127,2286,0,50
1790870666671,127,4261412864,4133507072,127,2286,0,50
1790870666721,127,4261412864,4133507072,127,2286,0,50
1790870666771,127,4261412864,4133507072,127,2286,0,50
1790870666821,127,4261412864,4133507072,127,2286,0,50
1790870666871,127,4261412864,4133507072,127,2286,0,50
1790870666921,127,4261412864,4133507072,127,2286,0,50
1790870666971,127,4261412864,4133507072,127,2286,0,50
1790870667021,127,4261412864,4133507072,127,2286,0,50
1790870667071,127,4261412864,4133507072,127,2286,0,50
1790870667121,127,4261412864,4133507072,127,2286,0,50
1790870667171,127,4261412864,4133507072,127,2286,0,50
1790870667221,127,4261412864,4133507072,127,2286,0,50
1790870667271,127,4261412864,4133507072,127,2286,0,50
1790870667321,127,4261412864,4133507072,127,2286,0,50
1790870667371,127,4261412864,4133507072,127,2286,0,50
1790870667421,127,4261412864,4133507072,127,2286,0,50
1790870667471,127,4261412864,4133507072,127,2286,0,50
1790870667521,127,4261412864,4133507072,127,2286,0,50
1790870667571,127,4261412864,4133507072,127,2286,0,50
1790870667621,127,4261412864,4133507072,127,2286,0,50
1790870667671,127,4261412864,4133507072,127,2286,0,50
1790870667721,127,4261412864,4133507072,127,2286,0,50
1790870667771,127,4261412864,4133507072,127,2286,0,50
1790870667821,127,4261412864,4133507072,127,2286,0,50
1790870667871,127,4261412864,4133507072,127,2286,0,50
1790870667921,127,4261412864,4133507072,127,2286,0,50
1790870667971,127,4261412864,4133507072,127,2286,0,50
1790870668021,127,4261412864,4133507072,127,2286,0,50
1790870668071,127,4261412864,4133507072,127,2286,0,50
1790870668121,127,4261412864,4133507072,127,2286,0,50
1790870668171,127,4261412864,4133507072,127,2286,0,50
1790870668221,127,4261412864,4133507072,127,2286,0,50
1790870668271,127,4261412864,4133507072,127,2286,0,50
1790870668321,127,4261412864,4133507072,127,2286,0,50
1790870668371,127,4261412864,4133507072,127,2286,0,50
1790870668421,127,4261412864,4133507072,127,2286,0,50
1790870668471,127,4261412864,4133507072,127,2286,0,50
1790870668521,127,4261412864,4133507072,127,2286,0,50
1790870668571,127,4261412864,4133507072,127,2286,0,50
1790870668621,127,4261412864,4133507072,127,2286,0,50
1790870668671,127,4261412864,4133507072,127,2286,0,50
1790870668721,127,4261412864,4133507072,127,2286,0,50
1790870668771,127,4261412864,4133507072,127,2286,0,50
1790870668821,127,4261412864,4133507072,127,2286,0,50
1790870668871,127,4261412864,4133507072,127,2286,0,50
1790870668921,127,4261412864,4133507072,127,2286,0,50
1790870668971,127,4261412864,4133507072,127,2286,0,50
1790870669021,127,4261412864,4133507072,127,2286,0,50
1790870669071,127,4261412864,4133507072,127,2286,0,50
1790870669121,127,4261412864,4133507072,127,2286,0,50
1790870669171,127,4261412864,4133507072,127,2286,0,50
1790870669221,127,4261412864,4133507072,127,2286,0,50
1790870669271,127,4261412864,4133507072,127,2286,0,50
1790870669321,127,4261412864,4133507072,127,2286,0,50
1790870669371,127,4261412864,4133507072,127,2286,0,50
1790870669421,127,4261412864,4133507072,127,2286,0,50
1790870669471,127,4261412864,4133507072,127,2286,0,50
1790870669521,127,4261412864,4133507072,127,2286,0,50
1790870669571,127,4261412864,4133507072,127,2286,0,50
1790870669621,127,4261412864,4133507072,127,2286,0,50
1790870669671,127,4261412864,4133507072,127,2286,0,50
1790870669721,127,4261412864,4133507072,127,2286,0,50
1790870669771,127,4261412864,4133507072,127,2286,0,50
1790870669821,127,4261412864,4133507072,127,2286,0,50
1790870669871,127,4261412864,4133507072,127,2286,0,50
1790870669921,127,4261412864,4133507072,127,2286,0,50
1790870669971,127,4261412864,4133507072,127,2286,0,50
1790870670021,127,4261412864,4133507072,127,2286,0,50
1790870670071,127,4261412864,4133507072,127,2286,0,50
1790870670121,127,4261412864,4133507072,127,2286,0,50
1790870670171,127,4261412864,4133507072,127,2286,0,50
1790870670221,127,4261412864,4133507072,127,2286,0,50
1790870670271,127,4261412864,4133507072,127,2286,0,50
1790870670321,127,4261412864,4133507072,127,2286,0,50
1790870670371,127,4261412864,4133507072,127,2286,0,50
1790870670421,127,4261412864,4133507072,127,2286,0,50
1790870670471,127,4261412864,4133507072,127,2286,0,50
1790870670521,127,4261412864,4133507072,127,2286,0,50
1790870670571,127,4261412864,4133507072,127,2286,0,50
1790870670621,127,4261412864,4133507072,127,2286,0,50
1790870670671,127,4261412864,4133507072,127,2286,0,50
1790870670721,127,4261412864,4133507072,127,2286,0,50
1790870670771,127,4261412864,4133507072,127,2286,0,50
1790870670821,127,4261412864,4133507072,127,2286,0,50
1790870670871,127,4261412864,4133507072,127,2286,0,50
1790870670921,127,4261412864,4133507072,127,2286,0,50
1790870670971,127,4261412864,4133507072,127,2286,0,50
1790870671021,127,4261412864,4133507072,127,2286,0,50
1790870671071,127,4261412864,4133507072,127,2286,0,50
1790870671121,127,4261412864,4133507072,127,2286,0,50
1790870671171,127,4261412864,4133507072,127,2286,0,50
1790870671221,127,4261412864,4133507072,127,2286,0,50
1790870671271,127,4261412864,4133507072,127,2286,0,50
1790870671321,127,4261412864,4133507072,127,2286,0,50
1790870671371,127,4261412864,4133507072,127,2286,0,50
1790870671421,127,4261412864,4133507072,127,2286,0,50
1790870671471,127,4261412864,4133507072,127,2286,0,50
1790870671521,127,4261412864,4133507072,127,2286,0,50
1790870671571,127,4261412864,4133507072,127,2286,0,50
1790870671621,127,4261412864,4133507072,127,2286,0,50
1790870671671,127,4261412864,4133507072,127,2286,0,50
1790870671721,127,4261412864,4133507072,127,2286,0,50
1790870671771,127,4261412864,4133507072,127,2286,0,50
1790870671821,127,4261412864,4133507072,127,2286,0,50
1790870671871,127,4261412864,4133507072,127,2286,0,50
1790870671921,127,4261412864,4133507072,127,2286,0,50
1790870671971,127,4261412864,4133507072,127,2286,0,50
1790870672021,127,4261412864,4133507072,127,2286,0,50
1790870672071,127,4261412864,4133507072,127,2286,0,50
1790870672121,127,4261412864,4133507072,127,2286,0,50
1790870672171,127,4261412864,4133507072,127,2286,0,50
1790870672221,127,4261412864,4133507072,127,2286,0,50
1790870672271,127,4261412864,4133507072,127,2286,0,50
1790870672321,127,4261412864,4133507072,127,2286,0,50
1790870672371,127,4261412864,4133507072,127,2286,0,50
1790870672421,127,4261412864,4133507072,127,2286,0,50
1790870672471,127,4261412864,4133507072,127,2286,0,50
1790870672521,127,4261412864,4133507072,127,2286,0,50
1790870672571,127,4261412864,4133507072,127,2286,0,50
1790870672621,127,4261412864,4133507072,127,2286,0,50
1790870672671,127,4261412864,4133507072,127,2286,0,50
1790870672721,127,4261412864,4133507072,127,2286,0,50
1790870672771,127,4261412864,4133507072,127,2286,0,50
1790870672821,127,4261412864,4133507072,127,2286,0,50
1790870672871,127,4261412864,4133507072,127,2286,0,50
1790870672921,127,4261412864,4133507072,127,2286,0,50
1790870672971,127,4261412864,4133507072,127,2286,0,50
1790870673021,127,4261412864,4133507072,127,2286,0,50
1790870673071,127,4261412864,4133507072,127,2286,0,50
1790870673121,127,4261412864,4133507072,127,2286,0,50
1790870673171,127,4261412864,4133507072,127,2286,0,50
1790870673221,127,4261412864,4133507072,127,2286,0,50
1790870673271,127,4261412864,4133507072,127,2286,0,50
1790870673321,127,4261412864,4133507072,127,2286,0,50
1790870673371,127,4261412864,4133507072,127,2286,0,50
1790870673421,127,4261412864,4133507072,127,2286,0,50
1790870673471,127,4261412864,4133507072,127,2286,0,50
1790870673521,127,4261412864,4133507072,127,2286,0,50
1790870673571,127,4261412864,4133507072,127,2286,0,50
1790870673621,127,4261412864,4133507072,127,2286,0,50
1790870673671,127,4261412864,4133507072,127,2286,0,50
1790870673721,127,4261412864,4133507072,127,2286,0,50
1790870673771,127,4261412864,4133507072,127,2286,0,50
1790870673821,127,4261412864,4133507072,127,2286,0,50
1790870673871,127,4261412864,4133507072,127,2286,0,50
1790870673921,127,4261412864,4133507072,127,2286,0,50
1790870673971,127,4261412864,4133507072,127,2286,0,50
1790870674021,127,4261412864,4133507072,127,2286,0,50
1790870674071,127,4261412864,4133507072,127,2286,0,50
1790870674121,127,4261412864,4133507072,127,2286,0,50
1790870674171,127,4261412864,4133507072,127,2286,0,50
1790870674221,127,4261412864,4133507072,127,2286,0,50
1790870674271,127,4261412864,4133507072,127,2286,0,50
1790870674321,127,4261412864,4133507072,127,2286,0,50
1790870674371,127,4261412864,4133507072,127,2286,0,50
1790870674421,127,4261412864,4133507072,127,2286,0,50
1790870674471,127,4261412864,4133507072,127,2286,0,50
1790870674521,127,4261412864,4133507072,127,2286,0,50
1790870674571,127,4261412864,4133507072,127,2286,0,50
1790870674621,127,4261412864,4133507072,127,2286,0,50
1790870674671,127,4261412864,4133507072,127,2286,0,50
1790870674721,127,4261412864,4133507072,127,2286,0,50
1790870674771,127,4261412864,4133507072,127,2286,0,50
1790870674821,127,4261412864,4133507072,127,2286,0,50
1790870674871,127,4261412864,4133507072,127,2286,0,50
1790870674921,127,4261412864,4133507072,127,2286,0,50
1790870674971,127,4261412864,4133507072,127,2286,0,50
1790870675021,127,4261412864,4133507072,127,2286,0,50
1790870675071,127,4261412864,4133507072,127,2286,0,50
1790870675121,127,4261412864,4133507072,127,2286,0,50
1790870675171,127,4261412864,4133507072,127,2286,0,50
1790870675221,127,4261412864,4133507072,127,2286,0,50
1790870675271,127,4261412864,4133507072,127,2286,0,50
1790870675321,127,4261412864,4133507072,127,2286,0,50
1790870675371,127,4261412864,4133507072,127,2286,0,50
1790870675421,127,4261412864,4133507072,127,2286,0,50
1790870675471,127,4261412864,4133507072,127,2286,0,50
1790870675521,127,4261412864,4133507072,127,2286,0,50
1790870675571,127,4261412864,4133507072,127,2286,0,50
1790870675621,127,4261412864,4133507072,127,2286,0,50
1790870675671,127,4261412864,4133507072,127,2286,0,50
1790870675721,127,4261412864,4133507072,127,2286,0,50
1790870675771,127,4261412864,4133507072,127,2286,0,50
1790870675821,127,4261412864,4133507072,127,2286,0,50
1790870675871,127,4261412864,4133507072,127,2286,0,50
1790870675921,127,4261412864,4133507072,127,2286,0,50
1790870675971,127,4261412864,4133507072,127,2286,0,50
1790870676021,127,4261412864,4133507072,127,2286,0,50
1790870676071,127,4261412864,4133507072,127,2286,0,50
1790870676121,127,4261412864,4133507072,127,2286,0,50
1790870676171,127,4261412864,4133507072,127,2286,0,50
1790870676221,127,4261412864,4133507072,127,2286,0,50
1790870676271,127,4261412864,4133507072,127,2286,0,50
1790870676321,127,4261412864,4133507072,127,2286,0,50
1790870676371,127,4261412864,4133507072,127,2286,0,50
1790870676421,127,4261412864,4133507072,127,2286,0,50
1790870676471,127,4261412864,4133507072,127,2286,0,50
1790870676521,127,4261412864,4133507072,127,2286,0,50
1790870676571,127,4261412864,4133507072,127,2286,0,50
1790870676621,127,4261412864,4133507072,127,2286,0,50
1790870676671,127,4261412864,4133507072,127,2286,0,50
1790870676721,127,4261412864,4133507072,127,2286,0,50
1790870676771,127,4261412864,4133507072,127,2286,0,50
1790870676821,127,4261412864,4133507072,127,2286,0,50
1790870676871,127,4261412864,4133507072,127,2286,0,50
1790870676921,127,4261412864,4133507072,127,2286,0,50
1790870676971,127,4261412864,4133507072,127,2286,0,50
1790870677021,127,4261412864,4133507072,127,2286,0,50
1790870677071,127,4261412864,4133507072,127,2286,0,50
1790870677121,127,4261412864,4133507072,127,2286,0,50
1790870677171,127,4261412864,4133507072,127,2286,0,50
1790870677221,127,4261412864,4133507072,127,2286,0,50
1790870677271,127,4261412864,4133507072,127,2286,0,50
1790870677321,127,4261412864,4133507072,127,2286,0,50
1790870677371,127,4261412864,4133507072,127,2286,0,50
1790870677421,127,4261412864,4133507072,127,2286,0,50
1790870677471,127,4261412864,4133507072,127,2286,0,50
1790870677521,127,4261412864,4133507072,127,2286,0,50
1790870677571,127,4261412864,4133507072,127,2286,0,50
1790870677621,127,4261412864,4133507072,127,2286,0,50
1790870677671,127,4261412864,4133507072,127,2286,0,50
1790870677721,127,4261412864,4133507072,127,2286,0,50
1790870677771,127,4261412864,4133507072,127,2286,0,50
1790870677821,127,4261412864,4133507072,127,2286,0,50
1790870677871,127,4261412864,4133507072,127,2286,0,50
1790870677921,127,4261412864,4133507072,127,2286,0,50
1790870677971,127,4261412864,4133507072,127,2286,0,50
1790870678021,127,4261412864,4133507072,127,2286,0,50
1790870678071,127,4261412864,4133507072,127,2286,0,50
1790870678121,127,4261412864,4133507072,127,2286,0,50
1790870678171,127,4261412864,4133507072,127,2286,0,50
1790870678221,127,4261412864,4133507072,127,2286,0,50
1790870678271,127,4261412864,4133507072,127,2286,0,50
1790870678321,127,4261412864,4133507072,127,2286,0,50
1790870678371,127,4261412864,4133507072,127,2286,0,50
1790870678421,127,4261412864,4133507072,127,2286,0,50
1790870678471,127,4261412864,4133507072,127,2286,0,50
1790870678521,127,4261412864,4133507072,127,2286,0,50
1790870678571,127,4261412864,4133507072,127,2286,0,50
1790870678621,127,4261412864,4133507072,127,2286,0,50
1790870678671,127,4261412864,4133507072,127,2286,0,50
1790870678721,127,4261412864,4133507072,127,2286,0,50
1790870678771,127,4261412864,4133507072,127,2286,0,50
1790870678821,127,4261412864,4133507072,127,2286,0,50
1790870678871,127,4261412864,4133507072,127,2286,0,50
1790870678921,127,4261412864,4133507072,127,2286,0,50
1790870678971,127,4261412864,4133507072,127,2286,0,50
1790870679021,127,4261412864,4133507072,127,2286,0,50
1790870679071,127,4261412864,4133507072,127,2286,0,50
1790870679121,127,4261412864,4133507072,127,2286,0,50
1790870679171,127,4261412864,4133507072,127,2286,0,50
1790870679221,127,4261412864,4133507072,127,2286,0,50
1790870679271,127,4261412864,4133507072,127,2286,0,50
1790870679321,127,4261412864,4133507072,127,2286,0,50
1790870679371,127,4261412864,4133507072,127,2286,0,50
1790870679421,127,4261412864,4133507072,127,2286,0,50
1790870679471,127,4261412864,4133507072,127,2286,0,50
1790870679521,127,4261412864,4133507072,127,2286,0,50
1790870679571,127,4261412864,4133507072,127,2286,0,50
1790870679621,127,4261412864,4133507072,127,2286,0,50
1790870679671,127,4261412864,4133507072,127,2286,0,50
1790870679721,127,4261412864,4133507072,127,2286,0,50
1790870679771,127,4261412864,4133507072,127,2286,0,50
1790870679821,127,4261412864,4133507072,127,2286,0,50
1790870679871,127,4261412864,4133507072,127,2286,0,50
1790870679921,127,4261412864,4133507072,127,2286,0,50
1790870679971,127,4261412864,4133507072,127,2286,0,50
1790870680021,127,4261412864,4133507072,127,2286,0,50
1790870680071,127,4261412864,4133507072,127,2286,0,50
1790870680121,127,4261412864,4133507072,127,2286,0,50
1790870680171,127,4261412864,4133507072,127,2286,0,50
1790870680221,127,4261412864,4133507072,127,2286,0,50
1790870680271,127,4261412864,4133507072,127,2286,0,50
1790870680321,127,4261412864,4133507072,127,2286,0,50
1790870680371,127,4261412864,4133507072,127,2286,0,50
1790870680421,127,4261412864,4133507072,127,2286,0,50
1790870680471,127,4261412864,4133507072,127,2286,0,50
1790870680521,127,4261412864,4133507072,127,2286,0,50
1790870680571,127,4261412864,4133507072,127,2286,0,50
1790870680621,127,4261412864,4133507072,127,2286,0,50
1790870680671,127,4261412864,4133507072,127,2286,0,50
1790870680721,127,4261412864,4133507072,127,2286,0,50
1790870680771,127,4261412864,4133507072,127,2286,0,50
1790870680821,127,4261412864,4133507072,127,2286,0,50
1790870680871,127,4261412864,4133507072,127,2286,0,50
1790870680921,127,4261412864,4133507072,127,2286,0,50
1790870680971,127,4261412864,4133507072,127,2286,0,50
1790870681021,127,4261412864,4133507072,127,2286,0,50
1790870681071,127,4261412864,4133507072,127,2286,0,50
1790870681121,127,4261412864,4133507072,127,2286,0,50
1790870681171,127,4261412864,4133507072,127,2286,0,50
1790870681221,127,4261412864,4133507072,127,2286,0,50
1790870681271,127,4261412864,4133507072,127,2286,0,50
1790870681321,127,4261412864,4133507072,127,2286,0,50
1790870681371,127,4261412864,4133507072,127,2286,0,50
1790870681421,127,4261412864,4133507072,127,2286,0,50
1790870681471,127,4261412864,4133507072,127,2286,0,50
1790870681521,127,4261412864,4133507072,127,2286,0,50
1790870681571,127,4261412864,4133507072,127,2286,0,50
1790870681621,127,4261412864,4133507072,127,2286,0,50
1790870681671,127,4261412864,4133507072,127,2286,0,50
1790870681721,127,4261412864,4133507072,127,2286,0,50
1790870681771,127,4261412864,4133507072,127,2286,0,50
1790870681821,127,4261412864,4133507072,127,2286,0,50
1790870681871,127,4261412864,4133507072,127,2286,0,50
1790870681921,127,4261412864,4133507072,127,2286,0,50
1790870681971,127,4261412864,4133507072,127,2286,0,50
1790870682021,127,4261412864,4133507072,127,2286,0,50
1790870682071,127,4261412864,4133507072,127,2286,0,50
1790870682121,127,4261412864,4133507072,127,2286,0,50
1790870682171,127,4261412864,4133507072,127,2286,0,50
1790870682221,127,4261412864,4133507072,127,2286,0,50
1790870682271,127,4261412864,4133507072,127,2286,0,50
1790870682321,127,4261412864,4133507072,127,2286,0,50
1790870682371,127,4261412864,4133507072,127,2286,0,50
1790870682421,127,4261412864,4133507072,127,2286,0,50
1790870682471,127,4261412864,4133507072,127,2286,0,50
1790870682521,127,4261412864,4133507072,127,2286,0,50
1790870682571,127,4261412864,4133507072,127,2286,0,50
1790870682621,127,4261412864,4133507072,127,2286,0,50
1790870682671,127,4261412864,4133507072,127,2286,0,50
1790870682721,127,4261412864,4133507072,127,2286,0,50
1790870682771,127,4261412864,4133507072,127,2286,0,50
1790870682821,127,4261412864,4133507072,127,2286,0,50
1790870682871,127,4261412864,4133507072,127,2286,0,50
1790870682921,127,4261412864,4133507072,127,2286,0,50
1790870682971,127,4261412864,4133507072,127,2286,0,50
1790870683021,127,4261412864,4133507072,127,2286,0,50
1790870683071,127,4261412864,4133507072,127,2286,0,50
1790870683121,127,4261412864,4133507072,127,2286,0,50
1790870683171,127,4261412864,4133507072,127,2286,0,50
1790870683221,127,4261412864,4133507072,127,2286,0,50
1790870683271,127,4261412864,4133507072,127,2286,0,50
1790870683321,127,4261412864,4133507072,127,2286,0,50
1790870683371,127,4261412864,4133507072,127,2286,0,50
1790870683421,127,4261412864,4133507072,127,2286,0,50
1790870683471,127,4261412864,4133507072,127,2286,0,50
1790870683521,127,4261412864,4133507072,127,2286,0,50
1790870683571,127,4261412864,4133507072,127,2286,0,50
1790870683621,127,4261412864,4133507072,127,2286,0,50
1790870683671,127,4261412864,4133507072,127,2286,0,50
1790870683721,127,4261412864,4133507072,127,2286,0,50
1790870683771,127,4261412864,4133507072,127,2286,0,50
1790870683821,127,4261412864,4133507072,127,2286,0,50
1790870683871,127,4261412864,4133507072,127,2286,0,50
1790870683921,127,4261412864,4133507072,127,2286,0,50
1790870683971,127,4261412864,4133507072,127,2286,0,50
1790870684021,127,4261412864,4133507072,127,2286,0,50
1790870684071,127,4261412864,4133507072,127,2286,0,50
1790870684121,127,4261412864,4133507072,127,2286,0,50
1790870684171,127,4261412864,4133507072,127,2286,0,50
1790870684221,127,4261412864,4133507072,127,2286,0,50
1790870684271,127,4261412864,4133507072,127,2286,0,50
1790870684321,127,4261412864,4133507072,127,2286,0,50
1790870684371,127,4261412864,4133507072,127,2286,0,50
1790870684421,127,4261412864,4133507072,127,2286,0,50
1790870684471,127,4261412864,4133507072,127,2286,0,50
1790870684521,127,4261412864,4133507072,127,2286,0,50
1790870684571,127,4261412864,4133507072,127,2286,0,50
1790870684621,127,4261412864,4133507072,127,2286,0,50
1790870684671,127,4261412864,4133507072,127,2286,0,50
1790870684721,127,4261412864,4133507072,127,2286,0,50
1790870684771,127,4261412864,4133507072,127,2286,0,50
1790870684821,127,4261412864,4133507072,127,2286,0,50
1790870684871,127,4261412864,4133507072,127,2286,0,50
1790870684921,127,4261412864,4133507072,127,2286,0,50
1790870684971,127,4261412864,4133507072,127,2286,0,50
1790870685021,127,4261412864,4133507072,127,2286,0,50
1790870685071,127,4261412864,4133507072,127,2286,0,50
1790870685121,127,4261412864,4133507072,127,2286,0,50
1790870685171,127,4261412864,4133507072,127,2286,0,50
1790870685221,127,4261412864,4133507072,127,2286,0,50
1790870685271,127,4261412864,4133507072,127,2286,0,50
1790870685321,127,4261412864,4133507072,127,2286,0,50
1790870685371,127,4261412864,4133507072,127,2286,0,50
1790870685421,127,4261412864,4133507072,127,2286,0,50
1790870685471,127,4261412864,4133507072,127,2286,0,50
1790870685521,127,4261412864,4133507072,127,2286,0,50
1790870685571,127,4261412864,4133507072,127,2286,0,50
1790870685621,127,4261412864,4133507072,127,2286,0,50
1790870685671,127,4261412864,4133507072,127,2286,0,50
1790870685721,127,4261412864,4133507072,127,2286,0,50
1790870685771,127,4261412864,4133507072,127,2286,0,50
1790870685821,127,4261412864,4133507072,127,2286,0,50
1790870685871,127,4261412864,4133507072,127,2286,0,50
1790870685921,127,4261412864,4133507072,127,2286,0,50
1790870685971,127,4261412864,4133507072,127,2286,0,50
1790870686021,127,4261412864,4133507072,127,2286,0,50
1790870686071,127,4261412864,4133507072,127,2286,0,50
1790870686121,127,4261412864,4133507072,127,2286,0,50
1790870686171,127,4261412864,4133507072,127,2286,0,50
1790870686221,127,4261412864,4133507072,127,2286,0,50
1790870686271,127,4261412864,4133507072,127,2286,0,50
1790870686321,127,4261412864,4133507072,127,2286,0,50
1790870686371,127,4261412864,4133507072,127,2286,0,50
1790870686421,127,4261412864,4133507072,127,2286,0,50
1790870686471,127,4261412864,4133507072,127,2286,0,50
1790870686521,127,4261412864,4133507072,127,2286,0,50
1790870686571,127,4261412864,4133507072,127,2286,0,50
1790870686621,127,4261412864,4133507072,127,2286,0,50
1790870686671,127,4261412864,4133507072,127,2286,0,50
1790870686721,127,4261412864,4133507072,127,2286,0,50
1790870686771,127,4261412864,4133507072,127,2286,0,50
1790870686821,127,4261412864,4133507072,127,2286,0,50
1790870686871,127,4261412864,4133507072,127,2286,0,50
1790870686921,127,4261412864,4133507072,127,2286,0,50
1790870686971,127,4261412864,4133507072,127,2286,0,50
1790870687021,127,4261412864,4133507072,127,2286,0,50
1790870687071,127,4261412864,4133507072,127,2286,0,50
1790870687121,127,4261412864,4133507072,127,2286,0,50
1790870687171,127,4261412864,4133507072,127,2286,0,50
1790870687221,127,4261412864,4133507072,127,2286,0,50
1790870687271,127,4261412864,4133507072,127,2286,0,50
1790870687321,127,4261412864,4133507072,127,2286,0,50
1790870687371,127,4261412864,4133507072,127,2286,0,50
1790870687421,127,4261412864,4133507072,127,2286,0,50
1790870687471,127,4261412864,4133507072,127,2286,0,50
1790870687521,127,4261412864,4133507072,127,2286,0,50
1790870687571,127,4261412864,4133507072,127,2286,0,50
1790870687621,127,4261412864,4133507072,127,2286,0,50
1790870687671,127,4261412864,4133507072,127,2286,0,50
1790870687721,127,4261412864,4133507072,127,2286,0,50
1790870687771,127,4261412864,4133507072,127,2286,0,50
1790870687821,127,4261412864,4133507072,127,2286,0,50
1790870687871,127,4261412864,4133507072,127,2286,0,50
1790870687921,127,4261412864,4133507072,127,2286,0,50
1790870687971,127,4261412864,4133507072,127,2286,0,50
1790870688021,127,4261412864,4133507072,127,2286,0,50
1790870688071,127,4261412864,4133507072,127,2286,0,50
1790870688121,127,4261412864,4133507072,127,2286,0,50
1790870688171,127,4261412864,4133507072,127,2286,0,50
1790870688221,127,4261412864,4133507072,127,2286,0,50
1790870688271,127,4261412864,4133507072,127,2286,0,50
1790870688321,127,4261412864,4133507072,127,2286,0,50
1790870688371,127,4261412864,4133507072,127,2286,0,50
1790870688421,127,4261412864,4133507072,127,2286,0,50
1790870688471,127,4261412864,4133507072,127,2286,0,50
1790870688521,127,4261412864,4133507072,127,2286,0,50
1790870688571,127,4261412864,4133507072,127,2286,0,50
1790870688621,127,4261412864,4133507072,127,2286,0,50
1790870688671,127,4261412864,4133507072,127,2286,0,50
1790870688721,127,4261412864,4133507072,127,2286,0,50
1790870688771,127,4261412864,4133507072,127,2286,0,50
1790870688821,127,4261412864,4133507072,127,2286,0,50
1790870688871,127,4261412864,4133507072,127,2286,0,50
1790870688921,127,4261412864,4133507072,127,2286,0,50
1790870688971,127,4261412864,4133507072,127,2286,0,50
1790870689021,127,4261412864,4133507072,127,2286,0,50
1790870689071,127,4261412864,4133507072,127,2286,0,50
1790870689121,127,4261412864,4133507072,127,2286,0,50
1790870689171,127,4261412864,4133507072,127,2286,0,50
1790870689221,127,4261412864,4133507072,127,2286,0,50
1790870689271,127,4261412864,4133507072,127,2286,0,50
1790870689321,127,4261412864,4133507072,127,2286,0,50
1790870689371,127,4261412864,4133507072,127,2286,0,50
1790870689421,127,4261412864,4133507072,127,2286,0,50
1790870689471,127,4261412864,4133507072,127,2286,0,50
1790870689521,127,4261412864,4133507072,127,2286,0,50
1790870689571,127,4261412864,4133507072,127,2286,0,50
1790870689621,127,4261412864,4133507072,127,2286,0,50
1790870689671,127,4261412864,4133507072,127,2286,0,50
1790870689721,127,4261412864,4133507072,127,2286,0,50
1790870689771,127,4261412864,4133507072,127,2286,0,50
1790870689821,127,4261412864,4133507072,127,2286,0,50
1790870689871,127,4261412864,4133507072,127,2286,0,50
1790870689921,127,4261412864,4133507072,127,2286,0,50
1790870689971,127,4261412864,4133507072,127,2286,0,50
1790870690021,127,4261412864,4133507072,127,2286,0,50
1790870690071,127,4261412864,4133507072,127,2286,0,50
1790870690121,127,4261412864,4133507072,127,2286,0,50
1790870690171,127,4261412864,4133507072,127,2286,0,50
1790870690221,127,4261412864,4133507072,127,2286,0,50
1790870690271,127,4261412864,4133507072,127,2286,0,50
1790870690321,127,4261412864,4133507072,127,2286,0,50
1790870690371,127,4261412864,4133507072,127,2286,0,50
1790870690421,127,4261412864,4133507072,127,2286,0,50
1790870690471,127,4261412864,4133507072,127,2286,0,50
1790870690521,127,4261412864,4133507072,127,2286,0,50
1790870690571,127,4261412864,4133507072,127,2286,0,50
1790870690621,127,4261412864,4133507072,127,2286,0,50
1790870690671,127,4261412864,4133507072,127,2286,0,50
1790870690721,127,4261412864,4133507072,127,2286,0,50
1790870690771,127,4261412864,4133507072,127,2286,0,50
1790870690821,127,4261412864,4133507072,127,2286,0,50
1790870690871,127,4261412864,4133507072,127,2286,0,50
1790870690921,127,4261412864,4133507072,127,2286,0,50
1790870690971,127,4261412864,4133507072,127,2286,0,50
1790870691021,127,4261412864,4133507072,127,2286,0,50
1790870691071,127,4261412864,4133507072,127,2286,0,50
1790870691121,127,4261412864,4133507072,127,2286,0,50
1790870691171,127,4261412864,4133507072,127,2286,0,50
1790870691221,127,4261412864,4133507072,127,2286,0,50
1790870691271,127,4261412864,4133507072,127,2286,0,50
1790870691321,127,4261412864,4133507072,127,2286,0,50
1790870691371,127,4261412864,4133507072,127,2286,0,50
1790870691421,127,4261412864,4133507072,127,2286,0,50
1790870691471,127,4261412864,4133507072,127,2286,0,50
1790870691521,127,4261412864,4133507072,127,2286,0,50
1790870691571,127,4261412864,4133507072,127,2286,0,50
1790870691621,127,4261412864,4133507072,127,2286,0,50
1790870691671,127,4261412864,4133507072,127,2286,0,50
1790870691721,127,4261412864,4133507072,127,2286,0,50
1790870691771,127,4261412864,4133507072,127,2286,0,50
1790870691821,127,4261412864,4133507072,127,2286,0,50
1790870691871,127,4261412864,4133507072,127,2286,0,50
1790870691921,127,4261412864,4133507072,127,2286,0,50
1790870691971,127,4261412864,4133507072,127,2286,0,50
1790870692021,127,4261412864,4133507072,127,2286,0,50
1790870692071,127,4261412864,4133507072,127,2286,0,50
1790870692121,127,4261412864,4133507072,127,2286,0,50
1790870692171,127,4261412864,4133507072,127,2286,0,50
1790870692221,127,4261412864,4133507072,127,2286,0,50
1790870692271,127,4261412864,4133507072,127,2286,0,50
1790870692321,127,4261412864,4133507072,127,2286,0,50
1790870692371,127,4261412864,4133507072,127,2286,0,50
1790870692421,127,4261412864,4133507072,127,2286,0,50
1790870692471,127,4261412864,4133507072,127,2286,0,50
1790870692521,127,4261412864,4133507072,127,2286,0,50
1790870692571,127,4261412864,4133507072,127,2286,0,50
1790870692621,127,4261412864,4133507072,127,2286,0,50
1790870692671,127,4261412864,4133507072,127,2286,0,50
1790870692721,127,4261412864,4133507072,127,2286,0,50
1790870692771,127,4261412864,4133507072,127,2286,0,50
1790870692821,127,4261412864,4133507072,127,2286,0,50
1790870692871,127,4261412864,4133507072,127,2286,0,50
1790870692921,127,4261412864,4133507072,127,2286,0,50
1790870692971,127,4261412864,4133507072,127,2286,0,50
1790870693021,127,4261412864,4133507072,127,2286,0,50
1790870693071,127,4261412864,4133507072,127,2286,0,50
1790870693121,127,4261412864,4133507072,127,2286,0,50
1790870693171,127,4261412864,4133507072,127,2286,0,50
1790870693221,127,4261412864,4133507072,127,2286,0,50
1790870693271,127,4261412864,4133507072,127,2286,0,50
1790870693321,127,4261412864,4133507072,127,2286,0,50
1790870693371,127,4261412864,4133507072,127,2286,0,50
1790870693421,127,4261412864,4133507072,127,2286,0,50
1790870693471,127,4261412864,4133507072,127,2286,0,50
1790870693521,127,4261412864,4133507072,127,2286,0,50
1790870693571,127,4261412864,4133507072,127,2286,0,50
1790870693621,127,4261412864,4133507072,127,2286,0,50
1790870693671,127,4261412864,4133507072,127,2286,0,50
1790870693721,127,4261412864,4133507072,127,2286,0,50
1790870693771,127,4261412864,4133507072,127,2286,0,50
1790870693821,127,4261412864,4133507072,127,2286,0,50
1790870693871,127,4261412864,4133507072,127,2286,0,50
1790870693921,127,4261412864,4133507072,127,2286,0,50
1790870693971,127,4261412864,4133507072,127,2286,0,50
1790870694021,127,4261412864,4133507072,127,2286,0,50
1790870694071,127,4261412864,4133507072,127,2286,0,50
1790870694121,127,4261412864,4133507072,127,2286,0,50
1790870694171,127,4261412864,4133507072,127,2286,0,50
1790870694221,127,4261412864,4133507072,127,2286,0,50
1790870694271,127,4261412864,4133507072,127,2286,0,50
1790870694321,127,4261412864,4133507072,127,2286,0,50
1790870694371,127,4261412864,4133507072,127,2286,0,50
1790870694421,127,4261412864,4133507072,127,2286,0,50
1790870694471,127,4261412864,4133507072,127,2286,0,50
1790870694521,127,4261412864,4133507072,127,2286,0,50
1790870694571,127,4261412864,4133507072,127,2286,0,50
1790870694621,127,4261412864,4133507072,127,2286,0,50
1790870694671,127,4261412864,4133507072,127,2286,0,50
1790870694721,127,4261412864,4133507072,127,2286,0,50
1790870694771,127,4261412864,4133507072,127,2286,0,50
1790870694821,127,4261412864,4133507072,127,2286,0,50
1790870694871,127,4261412864,4133507072,127,2286,0,50
1790870694921,127,4261412864,4133507072,127,2286,0,50
1790870694971,127,4261412864,4133507072,127,2286,0,50
1790870695021,127,4261412864,4133507072,127,2286,0,50
1790870695071,127,4261412864,4133507072,127,2286,0,50
1790870695121,127,4261412864,4133507072,127,2286,0,50
1790870695171,127,4261412864,4133507072,127,2286,0,50
1790870695221,127,4261412864,4133507072,127,2286,0,50
1790870695271,127,4261412864,4133507072,127,2286,0,50
1790870695321,127,4261412864,4133507072,127,2286,0,50
1790870695371,127,4261412864,4133507072,127,2286,0,50
1790870695421,127,4261412864,4133507072,127,2286,0,50
1790870695471,127,4261412864,4133507072,127,2286,0,50
1790870695521,127,4261412864,4133507072,127,2286,0,50
1790870695571,127,4261412864,4133507072,127,2286,0,50
1790870695621,127,4261412864,4133507072,127,2286,0,50
1790870695671,127,4261412864,4133507072,127,2286,0,50
1790870695721,127,4261412864,4133507072,127,2286,0,50
1790870695771,127,4261412864,4133507072,127,2286,0,50
1790870695821,127,4261412864,4133507072,127,2286,0,50
1790870695871,127,4261412864,4133507072,127,2286,0,50
1790870695921,127,4261412864,4133507072,127,2286,0,50
1790870695971,127,4261412864,4133507072,127,2286,0,50
1790870696021,127,4261412864,4133507072,127,2286,0,50
1790870696071,127,4261412864,4133507072,127,2286,0,50
1790870696121,127,4261412864,4133507072,127,2286,0,50
1790870696171,127,4261412864,4133507072,127,2286,0,50
1790870696221,127,4261412864,4133507072,127,2286,0,50
1790870696271,127,4261412864,4133507072,127,2286,0,50
1790870696321,127,4261412864,4133507072,127,2286,0,50
1790870696371,127,4261412864,4133507072,127,2286,0,50
1790870696421,127,4261412864,4133507072,127,2286,0,50
1790870696471,127,4261412864,4133507072,127,2286,0,50
1790870696521,127,4261412864,4133507072,127,2286,0,50
1790870696571,127,4261412864,4133507072,127,2286,0,50
1790870696621,127,4261412864,4133507072,127,2286,0,50
1790870696671,127,4261412864,4133507072,127,2286,0,50
1790870696721,127,4261412864,4133507072,127,2286,0,50
1790870696771,127,4261412864,4133507072,127,2286,0,50
1790870696821,127,4261412864,4133507072,127,2286,0,50
1790870696871,127,4261412864,4133507072,127,2286,0,50
1790870696921,127,4261412864,4133507072,127,2286,0,50
1790870696971,127,4261412864,4133507072,127,2286,0,50
1790870697021,127,4261412864,4133507072,127,2286,0,50
1790870697071,127,4261412864,4133507072,127,2286,0,50
1790870697121,127,4261412864,4133507072,127,2286,0,50
1790870697171,127,4261412864,4133507072,127,2286,0,50
1790870697221,127,4261412864,4133507072,127,2286,0,50
1790870697271,127,4261412864,4133507072,127,2286,0,50
1790870697321,127,4261412864,4133507072,127,2286,0,50
1790870697371,127,4261412864,4133507072,127,2286,0,50
1790870697421,127,4261412864,4133507072,127,2286,0,50
1790870697471,127,4261412864,4133507072,127,2286,0,50
1790870697521,127,4261412864,4133507072,127,2286,0,50
1790870697571,127,4261412864,4133507072,127,2286,0,50
1790870697621,127,4261412864,4133507072,127,2286,0,50
1790870697671,127,4261412864,4133507072,127,2286,0,50
1790870697721,127,4261412864,4133507072,127,2286,0,50
1790870697771,127,4261412864,4133507072,127,2286,0,50
1790870697821,127,4261412864,4133507072,127,2286,0,50
1790870697871,127,4261412864,4133507072,127,2286,0,50
1790870697921,127,4261412864,4133507072,127,2286,0,50
1790870697971,127,4261412864,4133507072,127,2286,0,50
1790870698021,127,4261412864,4133507072,127,2286,0,50
1790870698071,127,4261412864,4133507072,127,2286,0,50
1790870698121,127,4261412864,4133507072,127,2286,0,50
1790870698171,127,4261412864,4133507072,127,2286,0,50
1790870698221,127,4261412864,4133507072,127,2286,0,50
1790870698271,127,4261412864,4133507072,127,2286,0,50
1790870698321,127,4261412864,4133507072,127,2286,0,50
1790870698371,127,4261412864,4133507072,127,2286,0,50
1790870698421,127,4261412864,4133507072,127,2286,0,50
1790870698471,127,4261412864,4133507072,127,2286,0,50
1790870698521,127,4261412864,4133507072,127,2286,0,50
1790870698571,127,4261412864,4133507072,127,2286,0,50
1790870698621,127,4261412864,4133507072,127,2286,0,50
1790870698671,127,4261412864,4133507072,127,2286,0,50
1790870698721,127,4261412864,4133507072,127,2286,0,50
1790870698771,127,4261412864,4133507072,127,2286,0,50
1790870698821,127,4261412864,4133507072,127,2286,0,50
1790870698871,127,4261412864,4133507072,127,2286,0,50
1790870698921,127,4261412864,4133507072,127,2286,0,50
1790870698971,127,4261412864,4133507072,127,2286,0,50
1790870699021,127,4261412864,4133507072,127,2286,0,50
1790870699071,127,4261412864,4133507072,127,2286,0,50
1790870699121,127,4261412864,4133507072,127,2286,0,50
1790870699171,127,4261412864,4133507072,127,2286,0,50
1790870699221,127,4261412864,4133507072,127,2286,0,50
1790870699271,127,4261412864,4133507072,127,2286,0,50
1790870699321,127,4261412864,4133507072,127,2286,0,50
1790870699371,127,4261412864,4133507072,127,2286,0,50
1790870699421,127,4261412864,4133507072,127,2286,0,50
1790870699471,127,4261412864,4133507072,127,2286,0,50
1790870699521,127,4261412864,4133507072,127,2286,0,50
1790870699571,127,4261412864,4133507072,127,2286,0,50
1790870699621,127,4261412864,4133507072,127,2286,0,50
1790870699671,127,4261412864,4133507072,127,2286,0,50
1790870699721,127,4261412864,4133507072,127,2286,0,50
1790870699771,127,4261412864,4133507072,127,2286,0,50
1790870699821,127,4261412864,4133507072,127,2286,0,50
1790870699871,127,4261412864,4133507072,127,2286,0,50
1790870699921,127,4261412864,4133507072,127,2286,0,50
1790870699971,127,4261412864,4133507072,127,2286,0,50
1790870700021,127,4261412864,4133507072,127,2286,0,50
1790870700071,127,4261412864,4133507072,127,2286,0,50
1790870700121,127,4261412864,4133507072,127,2286,0,50
1790870700171,127,4261412864,4133507072,127,2286,0,50
1790870700221,127,4261412864,4133507072,127,2286,0,50
1790870700271,127,4261412864,4133507072,127,2286,0,50
1790870700321,127,4261412864,4133507072,127,2286,0,50
1790870700371,127,4261412864,4133507072,127,2286,0,50
1790870700421,127,4261412864,4133507072,127,2286,0,50
1790870700471,127,4261412864,4133507072,127,2286,0,50
1790870700521,127,4261412864,4133507072,127,2286,0,50
1790870700571,127,4261412864,4133507072,127,2286,0,50
1790870700621,127,4261412864,4133507072,127,2286,0,50
1790870700671,127,4261412864,4133507072,127,2286,0,50
1790870700721,127,4261412864,4133507072,127,2286,0,50
1790870700771,127,4261412864,4133507072,127,2286,0,50
1790870700821,127,4261412864,4133507072,127,2286,0,50
1790870700871,127,4261412864,4133507072,127,2286,0,50
1790870700921,127,4261412864,4133507072,127,2286,0,50
1790870700971,127,4261412864,4133507072,127,2286,0,50
1790870701022,127,4261412864,4133507072,127,2286,0,51
1790870701071,127,4261412864,4133507072,127,2286,0,49
1790870701121,127,4261412864,4133507072,127,2286,0,50
1790870701171,127,4261412864,4133507072,127,2286,0,50
1790870701221,127,4261412864,4133507072,127,2286,0,50
1790870701271,127,4261412864,4133507072,127,2286,0,50
1790870701321,127,4261412864,4133507072,127,2286,0,50
1790870701371,127,4261412864,4133507072,127,2286,0,50
1790870701421,127,4261412864,4133507072,127,2286,0,50
1790870701471,127,4261412864,4133507072,127,2286,0,50
1790870701521,127,4261412864,4133507072,127,2286,0,50
1790870701571,127,4261412864,4133507072,127,2286,0,50
1790870701621,127,4261412864,4133507072,127,2286,0,50
1790870701671,127,4261412864,4133507072,127,2286,0,50
1790870701721,127,4261412864,4133507072,127,2286,0,50
1790870701771,127,4261412864,4133507072,127,2286,0,50
1790870701821,127,4261412864,4133507072,127,2286,0,50
1790870701871,127,4261412864,4133507072,127,2286,0,50
1790870701921,127,4261412864,4133507072,127,2286,0,50
1790870701971,127,4261412864,4133507072,127,2286,0,50
1790870702021,127,4261412864,4133507072,127,2286,0,50
1790870702071,127,4261412864,4133507072,127,2286,0,50
1790870702121,127,4261412864,4133507072,127,2286,0,50
1790870702171,127,4261412864,4133507072,127,2286,0,50
1790870702221,127,4261412864,4133507072,127,2286,0,50
1790870702271,127,4261412864,4133507072,127,2286,0,50
1790870702321,127,4261412864,4133507072,127,2286,0,50
1790870702371,127,4261412864,4133507072,127,2286,0,50
1790870702421,127,4261412864,4133507072,127,2286,0,50
1790870702471,127,4261412864,4133507072,127,2286,0,50
1790870702521,127,4261412864,4133507072,127,2286,0,50
1790870702571,127,4261412864,4133507072,127,2286,0,50
1790870702621,127,4261412864,4133507072,127,2286,0,50
1790870702671,127,4261412864,4133507072,127,2286,0,50
1790870702721,127,4261412864,4133507072,127,2286,0,50
1790870702771,127,4261412864,4133507072,127,2286,0,50
1790870702821,127,4261412864,4133507072,127,2286,0,50
1790870702871,127,4261412864,4133507072,127,2286,0,50
1790870702921,127,4261412864,4133507072,127,2286,0,50
1790870702971,127,4261412864,4133507072,127,2286,0,50
1790870703021,127,4261412864,4133507072,127,2286,0,50
1790870703071,127,4261412864,4133507072,127,2286,0,50
1790870703121,127,4261412864,4133507072,127,2286,0,50
1790870703171,127,4261412864,4133507072,127,2286,0,50
1790870703221,127,4261412864,4133507072,127,2286,0,50
1790870703271,127,4261412864,4133507072,127,2286,0,50
1790870703321,127,4261412864,4133507072,127,2286,0,50
1790870703371,127,4261412864,4133507072,127,2286,0,50
1790870703421,127,4261412864,4133507072,127,2286,0,50
1790870703471,127,4261412864,4133507072,127,2286,0,50
1790870703521,127,4261412864,4133507072,127,2286,0,50
1790870703571,127,4261412864,4133507072,127,2286,0,50
1790870703621,127,4261412864,4133507072,127,2286,0,50
1790870703671,127,4261412864,4133507072,127,2286,0,50
1790870703721,127,4261412864,4133507072,127,2286,0,50
1790870703771,127,4261412864,4133507072,127,2286,0,50
1790870703821,127,4261412864,4133507072,127,2286,0,50
1790870703871,127,4261412864,4133507072,127,2286,0,50
1790870703921,127,4261412864,4133507072,127,2286,0,50
1790870703971,127,4261412864,4133507072,127,2286,0,50
1790870704021,127,4261412864,4133507072,127,2286,0,50
1790870704071,127,4261412864,4133507072,127,2286,0,50
1790870704121,127,4261412864,4133507072,127,2286,0,50
1790870704171,127,4261412864,4133507072,127,2286,0,50
1790870704221,127,4261412864,4133507072,127,2286,0,50
1790870704271,127,4261412864,4133507072,127,2286,0,50
1790870704321,127,4261412864,4133507072,127,2286,0,50
1790870704371,127,4261412864,4133507072,127,2286,0,50
1790870704421,127,4261412864,4133507072,127,2286,0,50
1790870704471,127,4261412864,4133507072,127,2286,0,50
1790870704521,127,4261412864,4133507072,127,2286,0,50
1790870704571,127,4261412864,4133507072,127,2286,0,50
1790870704621,127,4261412864,4133507072,127,2286,0,50
1790870704671,127,4261412864,4133507072,127,2286,0,50
1790870704721,127,4261412864,4133507072,127,2286,0,50
1790870704771,127,4261412864,4133507072,127,2286,0,50
1790870704821,127,4261412864,4133507072,127,2286,0,50
1790870704871,127,4261412864,4133507072,127,2286,0,50
1790870704921,127,4261412864,4133507072,127,2286,0,50
1790870704971,127,4261412864,4133507072,127,2286,0,50
1790870705021,127,4261412864,4133507072,127,2286,0,50
1790870705071,127,4261412864,4133507072,127,2286,0,50
1790870705121,127,4261412864,4133507072,127,2286,0,50
1790870705171,127,4261412864,4133507072,127,2286,0,50
1790870705221,127,4261412864,4133507072,127,2286,0,50
1790870705271,127,4261412864,4133507072,127,2286,0,50
1790870705321,127,4261412864,4133507072,127,2286,0,50
1790870705371,127,4261412864,4133507072,127,2286,0,50
1790870705421,127,4261412864,4133507072,127,2286,0,50
1790870705471,127,4261412864,4133507072,127,2286,0,50
1790870705521,127,4261412864,4133507072,127,2286,0,50
1790870705571,127,4261412864,4133507072,127,2286,0,50
1790870705621,127,4261412864,4133507072,127,2286,0,50
1790870705671,127,4261412864,4133507072,127,2286,0,50
1790870705721,127,4261412864,4133507072,127,2286,0,50
1790870705771,127,4261412864,4133507072,127,2286,0,50
1790870705821,127,4261412864,4133507072,127,2286,0,50
1790870705871,127,4261412864,4133507072,127,2286,0,50
1790870705921,127,4261412864,4133507072,127,2286,0,50
1790870705971,127,4261412864,4133507072,127,2286,0,50
1790870706021,127,4261412864,4133507072,127,2286,0,50
1790870706071,127,4261412864,4133507072,127,2286,0,50
1790870706121,127,4261412864,4133507072,127,2286,0,50
1790870706171,127,4261412864,4133507072,127,2286,0,50
1790870706221,127,4261412864,4133507072,127,2286,0,50
1790870706271,127,4261412864,4133507072,127,2286,0,50
1790870706321,127,4261412864,4133507072,127,2286,0,50
1790870706371,127,4261412864,4133507072,127,2286,0,50
1790870706421,127,4261412864,4133507072,127,2286,0,50
1790870706471,127,4261412864,4133507072,127,2286,0,50
1790870706521,127,4261412864,4133507072,127,2286,0,50
1790870706571,127,4261412864,4133507072,127,2286,0,50
1790870706621,127,4261412864,4133507072,127,2286,0,50
1790870706671,127,4261412864,4133507072,127,2286,0,50
1790870706721,127,4261412864,4133507072,127,2286,0,50
1790870706771,127,4261412864,4133507072,127,2286,0,50
1790870706821,127,4261412864,4133507072,127,2286,0,50
1790870706871,127,4261412864,4133507072,127,2286,0,50
1790870706921,127,4261412864,4133507072,127,2286,0,50
1790870706971,127,4261412864,4133507072,127,2286,0,50
1790870707021,127,4261412864,4133507072,127,2286,0,50
1790870707071,127,4261412864,4133507072,127,2286,0,50
1790870707121,127,4261412864,4133507072,127,2286,0,50
1790870707171,127,4261412864,4133507072,127,2286,0,50
1790870707221,127,4261412864,4133507072,127,2286,0,50
1790870707271,127,4261412864,4133507072,127,2286,0,50
1790870707321,127,4261412864,4133507072,127,2286,0,50
1790870707371,127,4261412864,4133507072,127,2286,0,50
1790870707421,127,4261412864,4133507072,127,2286,0,50
1790870707471,127,4261412864,4133507072,127,2286,0,50
1790870707521,127,4261412864,4133507072,127,2286,0,50
1790870707571,127,4261412864,4133507072,127,2286,0,50
1790870707621,127,4261412864,4133507072,127,2286,0,50
1790870707671,127,4261412864,4133507072,127,2286,0,50
1790870707721,127,4261412864,4133507072,127,2286,0,50
1790870707771,127,4261412864,4133507072,127,2286,0,50
1790870707821,127,4261412864,4133507072,127,2286,0,50
1790870707871,127,4261412864,4133507072,127,2286,0,50
1790870707921,127,4261412864,4133507072,127,2286,0,50
1790870707971,127,4261412864,4133507072,127,2286,0,50
1790870708021,127,4261412864,4133507072,127,2286,0,50
1790870708071,127,4261412864,4133507072,127,2286,0,50
1790870708121,127,4261412864,4133507072,127,2286,0,50
1790870708171,127,4261412864,4133507072,127,2286,0,50
1790870708221,127,4261412864,4133507072,127,2286,0,50
1790870708271,127,4261412864,4133507072,127,2286,0,50
1790870708321,127,4261412864,4133507072,127,2286,0,50
1790870708371,127,4261412864,4133507072,127,2286,0,50
1790870708421,127,4261412864,4133507072,127,2286,0,50
1790870708471,127,4261412864,4133507072,127,2286,0,50
1790870708521,127,4261412864,4133507072,127,2286,0,50
1790870708571,127,4261412864,4133507072,127,2286,0,50
1790870708621,127,4261412864,4133507072,127,2286,0,50
1790870708671,127,4261412864,4133507072,127,2286,0,50
1790870708721,127,4261412864,4133507072,127,2286,0,50
1790870708771,127,4261412864,4133507072,127,2286,0,50
1790870708821,127,4261412864,4133507072,127,2286,0,50
1790870708871,127,4261412864,4133507072,127,2286,0,50
1790870708921,127,4261412864,4133507072,127,2286,0,50
1790870708971,127,4261412864,4133507072,127,2286,0,50
1790870709021,127,4261412864,4133507072,127,2286,0,50
1790870709071,127,4261412864,4133507072,127,2286,0,50
1790870709121,127,4261412864,4133507072,127,2286,0,50
1790870709171,127,4261412864,4133507072,127,2286,0,50
1790870709221,127,4261412864,4133507072,127,2286,0,50
1790870709271,127,4261412864,4133507072,127,2286,0,50
1790870709321,127,4261412864,4133507072,127,2286,0,50
1790870709371,127,4261412864,4133507072,127,2286,0,50
1790870709421,127,4261412864,4133507072,127,2286,0,50
1790870709471,127,4261412864,4133507072,127,2286,0,50
1790870709521,127,4261412864,4133507072,127,2286,0,50
1790870709571,127,4261412864,4133507072,127,2286,0,50
1790870709621,127,4261412864,4133507072,127,2286,0,50
1790870709671,127,4261412864,4133507072,127,2286,0,50
1790870709721,127,4261412864,4133507072,127,2286,0,50
1790870709771,127,4261412864,4133507072,127,2286,0,50
1790870709821,127,4261412864,4133507072,127,2286,0,50
1790870709871,127,4261412864,4133507072,127,2286,0,50
1790870709921,127,4261412864,4133507072,127,2286,0,50
1790870709971,127,4261412864,4133507072,127,2286,0,50
1790870710021,127,4261412864,4133507072,127,2286,0,50
1790870710071,127,4261412864,4133507072,127,2286,0,50
1790870710121,127,4261412864,4133507072,127,2286,0,50
1790870710171,127,4261412864,4133507072,127,2286,0,50
1790870710221,127,4261412864,4133507072,127,2286,0,50
1790870710271,127,4261412864,4133507072,127,2286,0,50
1790870710321,127,4261412864,4133507072,127,2286,0,50
1790870710371,127,4261412864,4133507072,127,2286,0,50
1790870710421,127,4261412864,4133507072,127,2286,0,50
1790870710471,127,4261412864,4133507072,127,2286,0,50
1790870710521,127,4261412864,4133507072,127,2286,0,50
1790870710571,127,4261412864,4133507072,127,2286,0,50
1790870710621,127,4261412864,4133507072,127,2286,0,50
1790870710671,127,4261412864,4133507072,127,2286,0,50
1790870710721,127,4261412864,4133507072,127,2286,0,50
1790870710771,127,4261412864,4133507072,127,2286,0,50
1790870710821,125,4194304000,4068352000,126,2268,0,50
1790870710871,121,4060086272,3938164736,122,2196,0,50
1790870710921,117,3925868544,3807977472,118,2124,0,50
1790870710971,113,3791650816,3677790208,113,2034,0,50
1790870711021,109,3657433088,3547602944,109,1962,0,50
1790870711071,105,3523215360,3417415680,105,1890,0,50
1790870711121,101,3388997632,3287228416,101,1818,0,50
1790870711171,96,3221225472,3124494336,97,1746,0,50
1790870711221,92,3087007744,2994307072,93,1674,0,50
1790870711271,88,2952790016,2864119808,89,1602,0,50
1790870711321,84,2818572288,2733932544,85,1530,0,50
1790870711371,80,2684354560,2603745280,80,1440,0,50
1790870711421,76,2550136832,2473558016,76,1368,0,50
1790870711471,72,2415919104,2343370752,72,1296,0,50
1790870711521,67,2248146944,2180636672,68,1224,0,50
1790870711571,63,2113929216,2050449408,64,1152,0,50
1790870711621,59,1979711488,1920262144,59,1062,0,50
1790870711671,55,1845493760,1790074880,55,990,0,50
1790870711721,51,1711276032,1659887616,51,918,0,50
1790870711771,47,1577058304,1529700352,47,846,0,50
1790870711821,42,1409286144,1366966272,43,774,0,50
1790870711871,35,1174405120,1139138560,35,630,0,50
1790870711921,26,872415232,846217216,26,468,0,50
1790870711971,18,603979776,585842688,18,324,0,50
1790870712021,9,301989888,292921344,9,162,0,50
1790870712071,1,33554432,32546816,1,18,0,50
1790870712121,0,0,0,0,0,0,50
1790870712171,0,0,0,0,0,0,50
1790870712221,0,0,0,0,0,0,50
1790870712271,0,0,0,0,0,0,50
1790870712321,0,0,0,0,0,0,50
1790870712371,0,0,0,0,0,0,50
1790870712421,0,0,0,0,0,0,50
1790870712471,0,0,0,0,0,0,50
1790870712521,0,0,0,0,0,0,50
1790870712571,0,0,0,0,0,0,50
1790870712621,0,0,0,0,0,0,50
1790870712671,0,0,0,0,0,0,50
1790870712721,0,0,0,0,0,0,50
1790870712771,0,0,0,0,0,0,50
1790870712821,0,0,0,0,0,0,50
1790870712871,0,0,0,0,0,0,50
1790870712921,0,0,0,0,0,0,50
1790870712971,0,0,0,0,0,0,50
1790870713021,0,0,0,0,0,0,50
1790870713071,0,0,0,0,0,0,50
1790870713121,0,0,0,0,0,0,50
1790870713171,0,0,0,0,0,0,50
1790870713221,0,0,0,0,0,0,50
1790870713271,0,0,0,0,0,0,50
1790870713321,0,0,0,0,0,0,50
1790870713371,0,0,0,0,0,0,50
1790870713421,0,0,0,0,0,0,50
1790870713471,0,0,0,0,0,0,50
1790870713521,0,0,0,0,0,0,50
1790870713571,0,0,0,0,0,0,50
1790870713621,0,0,0,0,0,0,50
1790870713671,1,33554432,4096,0,0,0,50
1790870713721,1,33554432,4096,0,0,0,50
1790870713771,1,33554432,4096,0,0,0,50
1790870713821,1,33554432,4096,0,0,0,50
1790870713871,1,33554432,4096,0,0,0,50
1790870713921,1,33554432,4096,0,0,0,50
1790870713971,1,33554432,4096,0,0,0,50
1790870714021,1,33554432,4096,0,0,0,50
1790870714071,1,33554432,4096,0,0,0,50
1790870714121,1,33554432,4096,0,0,0,50
1790870714171,1,33554432,4096,0,0,0,50
1790870714221,1,33554432,4096,0,0,0,50
1790870714271,1,33554432,4096,0,0,0,50
1790870714321,1,33554432,4096,0,0,0,50
1790870714371,1,33554432,4096,0,0,0,50
1790870714421,1,33554432,4096,0,0,0,50
1790870714471,1,33554432,4096,0,0,0,50
1790870714521,1,33554432,4096,0,0,0,50
1790870714571,1,33554432,4096,0,0,0,50
1790870714621,1,33554432,4096,0,0,0,50
1790870714671,1,33554432,4096,0,0,0,50
1790870714721,1,33554432,4096,0,0,0,50
1790870714771,1,33554432,4096,0,0,0,50
1790870714821,1,33554432,4096,0,0,0,50
1790870714871,1,33554432,4096,0,0,0,50
1790870714921,1,33554432,4096,0,0,0,50
1790870714971,1,33554432,4096,0,0,0,50
1790870715021,1,33554432,4096,0,0,0,50
1790870715071,1,33554432,4096,0,0,0,50
1790870715121,1,33554432,4096,0,0,0,50
1790870715171,1,33554432,4096,0,0,0,50
1790870715221,1,33554432,4096,0,0,0,50
1790870715271,1,33554432,4096,0,0,0,50
1790870715321,1,33554432,4096,0,0,0,50
1790870715371,1,33554432,4096,0,0,0,50
1790870715421,1,33554432,4096,0,0,0,50
1790870715471,1,33554432,4096,0,0,0,50
1790870715521,1,33554432,4096,0,0,0,50
1790870715571,1,33554432,4096,0,0,0,50
1790870715621,1,33554432,4096,0,0,0,50
1790870715671,1,33554432,4096,0,0,0,50
1790870715721,1,33554432,4096,0,0,0,50
1790870715771,1,33554432,4096,0,0,0,50
1790870715821,1,33554432,4096,0,0,0,50
1790870715871,1,33554432,4096,0,0,0,50
1790870715921,1,33554432,4096,0,0,0,50
1790870715971,1,33554432,4096,0,0,0,50
1790870716021,1,33554432,4096,0,0,0,50
1790870716071,1,33554432,4096,0,0,0,50
1790870716121,1,33554432,4096,0,0,0,50
